251a3ac,Boris Tacyniak,Boris Tacyniak,Bump version to 6.1.2,Wed Oct 21 00:30:21 2020 +0200
9bfd540,Boris Tacyniak,Boris Tacyniak,Revert.,Wed Oct 21 00:02:26 2020 +0200
795c64c,GitHub,Boris Tacyniak,Merge pull request #1686 from mineshpatel1/master,Wed Oct 21 00:00:17 2020 +0200
0638367,GitHub,Boris Tacyniak,Update RNPushNotificationHelper.java,Tue Oct 20 23:59:52 2020 +0200
b89eb22,Nesh Patel,Nesh Patel,This fixes the vibration feature for notification for Android notifications for API >= 26. This pattern is used for the Notif Builder for API < 26 and it appears to work there as well.,Sun Oct 4 12:47:11 2020 +0100
60883d1,GitHub,Boris Tacyniak,Update README.md,Sat Oct 3 12:15:52 2020 +0200
e80d36a,Boris Tacyniak,Boris Tacyniak,Fix #1676,Tue Sep 29 12:21:46 2020 +0200
7b5f945,Boris Tacyniak,Boris Tacyniak,Allow to define a default channel in AndroidManifest, useful for foreground notification.,Mon Sep 28 23:11:51 2020 +0200
a9e3ab8,Boris Tacyniak,Boris Tacyniak,Prevent this issue #1671.,Mon Sep 28 18:34:35 2020 +0200
a32a63c,Boris Tacyniak,Boris Tacyniak,Wrong CHANGELOG.,Sat Sep 26 18:18:44 2020 +0200
64e2a67,Boris Tacyniak,Boris Tacyniak,Merge branch 'master' into dev and prepare 6.0.0,Sat Sep 26 16:42:00 2020 +0200
a4ba5ba,Boris Tacyniak,Boris Tacyniak,Revert #744.,Wed Sep 23 23:24:03 2020 +0200
b69f67b,Boris Tacyniak,Boris Tacyniak,Prepare next release,Sat Sep 19 16:23:08 2020 +0200
a99269c,Boris Tacyniak,Boris Tacyniak,Upgrade to 5.1.1.,Tue Sep 15 18:15:57 2020 +0200
20be169,GitHub,Boris Tacyniak,Merge pull request #1630 from SConaway/patch-1,Mon Sep 14 11:52:47 2020 +0200
c1880e7,Boris Tacyniak,Boris Tacyniak,Fix #1641,Mon Sep 14 09:08:50 2020 +0200
bedc8f6,Boris Tacyniak,Boris Tacyniak,Upgrade iOS library.,Sat Sep 12 22:39:35 2020 +0200
addd6f5,GitHub,Steven Conaway,Add explanation to DO NOT USE `.configure()` INSIDE A COMPONENT, EVEN `App`,Fri Sep 4 11:32:13 2020 -0700
7bcbed4,Boris Tacyniak,Boris Tacyniak,Regroup notification data inside `data` property.,Wed Sep 2 10:53:13 2020 +0200
3d769ad,Boris Tacyniak,Boris Tacyniak,Bump version to 5.1.0.,Mon Aug 31 19:06:40 2020 +0200
67c5dde,Boris Tacyniak,Boris Tacyniak,Merge commit '9ca18b1e575f2c71cde4b74a929041e55bec3c78' into dev,Mon Aug 31 19:03:00 2020 +0200
9ca18b1,GitHub,Boris Tacyniak,Merge pull request #1613 from Scriptonita/master,Mon Aug 31 19:00:49 2020 +0200
4c81b76,Javi,Javi,Add help about local notifications problems,Thu Aug 27 17:25:22 2020 +0200
ee6a62e,Boris Tacyniak,Boris Tacyniak,Implement features for #1588.,Sun Aug 16 14:16:34 2020 +0200
c391403,Boris Tacyniak,Boris Tacyniak,Wrong name of parameter and CHANGELOG.,Wed Aug 12 11:23:47 2020 +0200
c283ac4,Boris Tacyniak,Boris Tacyniak,Fix a bug where user interaction is not set.,Wed Aug 12 11:20:47 2020 +0200
eb538f2,Boris Tacyniak,Boris Tacyniak,Update CHANGELOG.,Wed Aug 12 10:33:02 2020 +0200
acac514,GitHub,Boris Tacyniak,Merge pull request #1589 from ToneItUp/master,Wed Aug 12 10:30:31 2020 +0200
e89f75c,James Relyea,James Relyea,Add support for specifying a delegate/parent FirebaseMessagingService to support using multiple providers.,Mon Aug 10 15:31:44 2020 -0400
2db1e05,GitHub,Boris Tacyniak,Update README.md,Wed Aug 5 16:37:59 2020 +0200
f3a7760,GitHub,Boris Tacyniak,Merge pull request #1579 from vikrantnegi/master,Tue Aug 4 11:49:10 2020 +0200
85214ae,GitHub,Vikrant Negi,Update README.md,Tue Aug 4 13:11:48 2020 +0530
7840574,Boris Tacyniak,Boris Tacyniak,Change README version format.,Tue Aug 4 07:53:49 2020 +0200
2ae30a1,Boris Tacyniak,Boris Tacyniak,Bump version 5.0.1,Tue Aug 4 07:49:55 2020 +0200
9b90d4d,Boris Tacyniak,Boris Tacyniak,Add issue details on Changelog.,Tue Aug 4 07:48:15 2020 +0200
bd9aa19,Boris Tacyniak,Boris Tacyniak,Fix #1578.,Tue Aug 4 07:47:42 2020 +0200
883d062,Boris Tacyniak,Boris Tacyniak,Update CHANGELOG.md,Mon Aug 3 20:54:22 2020 +0200
f42a581,Boris Tacyniak,Boris Tacyniak,Merge branch 'dev',Mon Aug 3 20:51:21 2020 +0200
1f97855,Boris Tacyniak,Boris Tacyniak,Release version 5.0.0.,Mon Aug 3 20:47:13 2020 +0200
ab8e29f,GitHub,Boris Tacyniak,Merge pull request #1516 from lukebars/patch-3,Mon Aug 3 09:50:35 2020 +0200
762f4c0,Boris Tacyniak,Boris Tacyniak,Fix behaviour of popInitialNotification and onNotification. Fix foreground value.,Fri Jul 31 16:49:05 2020 +0200
271461e,GitHub,Boris Tacyniak,fix popInitialNotification and null pointer,Mon Jul 27 22:40:19 2020 +0200
7589c4a,GitHub,Boris Tacyniak,Apply changes to popInitialNotification.,Mon Jul 27 22:14:54 2020 +0200
d547687,Lukas Baranauskas,Lukas Baranauskas,make sure data/userInfo is an object before spreading,Mon Jul 27 14:13:17 2020 +0300
9cc4167,Lukas Baranauskas,Lukas Baranauskas,keep notification data from fcm while populating data userInfo,Mon Jul 27 14:07:01 2020 +0300
9ae2ce5,Boris Tacyniak,Boris Tacyniak,Fix case of small/large icon null.,Wed Jul 22 16:40:08 2020 +0200
9c34ed6,GitHub,Boris Tacyniak,Update README.md,Wed Jul 22 14:00:43 2020 +0200
30b89c8,GitHub,Boris Tacyniak,Update README.md,Wed Jul 22 13:58:16 2020 +0200
471d3bb,Boris Tacyniak,Boris Tacyniak,Add tests for channel update. #1549,Wed Jul 22 09:44:42 2020 +0200
7a3866e,GitHub,Boris Tacyniak,Update CHANGELOG.md,Wed Jul 22 09:19:49 2020 +0200
2c12038,GitHub,Boris Tacyniak,[Android] Allow to change default notification channel name after it's creation #1549,Wed Jul 22 09:18:28 2020 +0200
9e84803,Lukas Baranauskas,Lukas Baranauskas,align onNotification on both platforms,Tue Jul 21 10:42:48 2020 +0300
cac713d,GitHub,Boris Tacyniak,Merge pull request #1543 from student-t/master,Sat Jul 18 11:01:06 2020 +0200
5efb44d,GitHub,student-t,Fixed a syntax error,Sat Jul 18 06:36:02 2020 +1000
354e619,Boris Tacyniak,Boris Tacyniak,Rename `channelDesc` to `channelDescription`.,Thu Jul 16 17:15:40 2020 +0200
8f3f5c7,Boris Tacyniak,Boris Tacyniak,Update code from recent PR for scheduled notifications,Thu Jul 16 16:02:12 2020 +0200
a4b4de9,GitHub,Boris Tacyniak,Merge pull request #1519 from adrian-chojecki/master,Thu Jul 16 16:00:11 2020 +0200
8019f42,GitHub,Boris Tacyniak,Merge pull request #1510 from Adapptor/message-id,Thu Jul 16 15:52:34 2020 +0200
3e4930d,GitHub,Boris Tacyniak,Merge pull request #1509 from Adapptor/precreate-channels,Thu Jul 16 15:23:46 2020 +0200
b1f6474,GitHub,Boris Tacyniak,Update README.md,Wed Jul 15 10:31:48 2020 +0200
e914173,GitHub,Boris Tacyniak,Merge pull request #1511 from Adapptor/icon-empty-strings,Mon Jul 13 14:27:57 2020 +0200
3b10362,arek,arek,[ANDROID] Add support for setOnlyAlertOnce property,Thu Jul 9 20:12:30 2020 +0200
22d8c75,Lukas Baranauskas,Lukas Baranauskas,return notification id in onNotification method on iOS,Wed Jul 8 17:42:51 2020 +0300
85952df,Lukas Baranauskas,Lukas Baranauskas,populate userInfo with id on both platforms,Wed Jul 8 17:31:34 2020 +0300
3e19105,Lukas Baranauskas,Lukas Baranauskas,revert changes,Wed Jul 8 17:25:34 2020 +0300
0c828e9,Lukas Baranauskas,Lukas Baranauskas,Merge branch 'master' of https://github.com/lukebars/react-native-push-notification into patch-3,Wed Jul 8 17:24:43 2020 +0300
579ffb8,Lukas Baranauskas,Lukas Baranauskas,reflecting userInfo working on both platforms in documentation and example,Wed Jul 8 17:22:21 2020 +0300
454af8c,Lukas Baranauskas,Lukas Baranauskas,"@react-native-community/push-notification-ios": "^1.3.0",Wed Jul 8 17:21:39 2020 +0300
74e9b8b,GitHub,Lukas Baranauskas,add data to android notification when scheduling,Wed Jul 8 17:12:14 2020 +0300
ec05c04,Aranda Morrison,Aranda Morrison,Add docs for icon strings,Tue Jul 7 16:42:19 2020 +0800
f876f01,Aranda Morrison,Aranda Morrison,Add docs for `messageId` parameter,Tue Jul 7 16:28:17 2020 +0800
57ce995,Aranda Morrison,Aranda Morrison,Update docs for `createChannel`,Tue Jul 7 16:13:27 2020 +0800
a5d564e,Aranda Morrison,Aranda Morrison,Fix code getting `createChannel` `vibrate` parameter,Tue Jul 7 16:13:01 2020 +0800
1b73593,GitHub,Boris Tacyniak,Merge pull request #1508 from Brianop/patch-1,Tue Jul 7 07:42:03 2020 +0200
2816253,GitHub,Brian Rubio,Update CHANGELOG.md,Mon Jul 6 19:21:09 2020 -0500
86af98d,Boris Tacyniak,Boris Tacyniak,Bump package.json to 4.0.0,Mon Jul 6 11:32:17 2020 +0200
e37552d,Boris Tacyniak,Boris Tacyniak,Merge branch 'dev',Mon Jul 6 11:29:09 2020 +0200
faf2440,Boris Tacyniak,Boris Tacyniak,Release v4.0.0.,Mon Jul 6 11:28:27 2020 +0200
f19d05d,Boris Tacyniak,Boris Tacyniak,Use SecureRandom and remove `onNotification` call for Scheduled notifications when there is no user interation.,Mon Jul 6 11:21:39 2020 +0200
ad5f98e,Aranda Morrison,Aranda Morrison,Support empty strings for Android icons to match default background firebase push notifications,Mon Jul 6 17:15:44 2020 +0800
a4f93c6,Aranda Morrison,Aranda Morrison,Add message_id to intent extras for local notification integration with react-native-firebase/messaging onNotificationOpenedApp,Mon Jul 6 17:14:59 2020 +0800
08c996f,Aranda Morrison,Aranda Morrison,Add createChannel helper and @ReactMethod for pre-creating custom Android channels,Mon Jul 6 17:07:45 2020 +0800
f8b5710,Boris Tacyniak,Boris Tacyniak,Update CHANGELOG.md,Thu Jul 2 22:03:39 2020 +0200
031f10e,GitHub,Boris Tacyniak,Merge pull request #1497 from majirosstefan/number-generator-fix,Thu Jul 2 14:39:29 2020 +0200
da34ac1,GitHub,Boris Tacyniak,Fix custom link,Wed Jul 1 18:29:25 2020 +0200
9aa88d6,GitHub,Boris Tacyniak,Create FUNDING.yml,Wed Jul 1 18:28:16 2020 +0200
5d7a228,stefan-majiros,stefan-majiros,replaced java.util.Random with java.security.SecureRandom in RNPushNotification.java,Wed Jul 1 10:15:07 2020 +0200
0bfc74b,Boris Tacyniak,Boris Tacyniak,Remove WAKE_LOCK from documentation. #1494,Tue Jun 30 21:45:22 2020 +0200
140273d,Boris Tacyniak,Boris Tacyniak,Add `onRegistrationError`.,Sun Jun 28 18:56:36 2020 +0200
174ea3c,Boris Tacyniak,Boris Tacyniak,Allow override the channel name and description in App. Add the detection of blocked channels.,Sun Jun 28 18:40:34 2020 +0200
afb5e71,GitHub,Boris Tacyniak,Fix notif reference undefined.,Mon Jun 15 10:23:14 2020 +0200
cf27897,Boris Tacyniak,Boris Tacyniak,Fix typo.,Wed Jun 10 22:22:07 2020 +0200
b76a4e4,GitHub,Lukas Baranauskas,Merge pull request #1 from lukebars/patch-2,Wed Jun 10 16:14:41 2020 +0300
a5cdcda,Lukas Baranauskas,Lukas Baranauskas,updated example/App.js,Wed Jun 10 14:30:34 2020 +0300
c90fc6e,GitHub,Lukas Baranauskas,return a Promise in getScheduledLocalNotifications,Wed Jun 10 14:26:35 2020 +0300
7c5ac1d,GitHub,Boris Tacyniak,Merge pull request #1474 from lukebars/patch-1,Wed Jun 10 12:02:40 2020 +0200
5994754,GitHub,Lukas Baranauskas,Add notification id to iOS if userInfo doesn't exist,Wed Jun 10 12:36:42 2020 +0300
6bcc2a9,Boris Tacyniak,Boris Tacyniak,`userInfo` is now populated with id by default to allow operation based on `id`,Tue Jun 9 22:46:53 2020 +0200
89ea506,GitHub,Boris Tacyniak,Merge pull request #1466 from lukebars/master,Tue Jun 9 21:50:00 2020 +0200
1c7a196,Lukas Baranauskas,Lukas Baranauskas,"@react-native-community/push-notification-ios": "^1.2.2",Tue Jun 9 10:08:57 2020 +0300
ee9b9b7,Lukas Baranauskas,Lukas Baranauskas,add docs,Mon Jun 8 16:34:59 2020 +0300
c4865aa,Lukas Baranauskas,Lukas Baranauskas,add example button to log scheduled notifications,Mon Jun 8 16:25:20 2020 +0300
d904712,Lukas Baranauskas,Lukas Baranauskas,bump @react-native-community/push-notification-ios to v1.2.1,Mon Jun 8 15:08:12 2020 +0300
7c0a381,Lukas Baranauskas,Lukas Baranauskas,format date for  scheduled notifications object,Mon Jun 8 15:07:55 2020 +0300
b62b27b,Lukas Baranauskas,Lukas Baranauskas,map scheduled local notifications to united return object for both platforms,Mon Jun 8 14:36:16 2020 +0300
e207fa8,Lukas Baranauskas,Lukas Baranauskas,add missing getters for notification attributes,Mon Jun 8 13:54:11 2020 +0300
0e5ad34,Lukas Baranauskas,Lukas Baranauskas,change naming of notification params returned on android, return date in unix timestamp as before,Mon Jun 8 13:32:50 2020 +0300
a74d919,Lukas Baranauskas,Lukas Baranauskas,format android getScheduledLocalNotifications return object to match iOS return object,Mon Jun 8 13:21:01 2020 +0300
3822a9b,Lukas Baranauskas,Lukas Baranauskas,whitespaces,Fri Jun 5 15:51:35 2020 +0300
50da5a5,Lukas Baranauskas,Lukas Baranauskas,remove changes in whitespaces,Fri Jun 5 15:50:31 2020 +0300
7f0a88b,Lukas Baranauskas,Lukas Baranauskas,Merge branch 'dev' of https://github.com/lukebars/react-native-push-notification,Fri Jun 5 15:47:06 2020 +0300
3ecb5ec,Lukas Baranauskas,Lukas Baranauskas,getScheduledLocalNotifications for iOS and android,Fri Jun 5 15:43:53 2020 +0300
8c4a4fc,Boris Tacyniak,Boris Tacyniak,Fix iOS crash with iOS.,Thu Jun 4 15:31:34 2020 +0200
1db692b,Boris Tacyniak,Boris Tacyniak,Fix bug with action, only last action was notified.,Wed Jun 3 22:26:07 2020 +0200
4f685aa,Boris Tacyniak,Boris Tacyniak,Fix Actions when in killed state.,Wed Jun 3 20:20:16 2020 +0200
fc077c6,GitHub,Boris Tacyniak,Fix typo,Wed Jun 3 11:00:24 2020 +0200
94fcadf,GitHub,Boris Tacyniak,Merge pull request #1070 from andrewtremblay-pear/patch-1,Sun May 31 21:44:43 2020 +0200
3e9df6f,Boris Tacyniak,Boris Tacyniak,Fix typo.,Sun May 31 15:22:09 2020 +0200
9f4bac3,Boris Tacyniak,Boris Tacyniak,Add reference of PR.,Sun May 31 15:20:39 2020 +0200
c9aae3c,Boris Tacyniak,Boris Tacyniak,Refactor to preprare version 4.0.0.,Sun May 31 15:11:47 2020 +0200
d1dd76c,Boris Tacyniak,Boris Tacyniak,Cleanup Event listener. Initialize Fresco only when required and avoid crash if not initialized.,Sat May 30 12:03:24 2020 +0200
8372c5f,Boris Tacyniak,Boris Tacyniak,Add documentation for showWhen.,Thu May 28 20:17:18 2020 +0200
3c79f9a,Boris Tacyniak,Boris Tacyniak,Add showWhen. Clean up some code.,Thu May 28 20:12:23 2020 +0200
b3f4553,GitHub,Boris Tacyniak,Merge pull request #1155 from solidfox/patch-1,Thu May 28 19:44:33 2020 +0200
cb7b575,Boris Tacyniak,Boris Tacyniak,Apply #1185,Thu May 28 19:42:42 2020 +0200
d51836f,GitHub,Boris Tacyniak,Merge pull request #1441 from xvonabur/android_timestamp,Thu May 28 19:10:50 2020 +0200
0cee8de,Boris Tacyniak,Boris Tacyniak,Implement groupSummary.,Thu May 28 19:08:58 2020 +0200
90a2af1,Boris Tacyniak,Boris Tacyniak,Check URI before load.,Thu May 28 13:50:50 2020 +0200
562e250,Boris Tacyniak,Boris Tacyniak,Reference original PR #1444.,Thu May 28 12:44:52 2020 +0200
142fde6,Boris Tacyniak,Boris Tacyniak,Add largeIconUrl and bigPictureUrl.,Thu May 28 12:42:17 2020 +0200
b1673a9,Boris Tacyniak,Boris Tacyniak,Fix order of default values.,Wed May 27 22:03:00 2020 +0200
502180b,Boris Tacyniak,Boris Tacyniak,Fix name of variable.,Wed May 27 21:30:59 2020 +0200
b619e92,Boris Tacyniak,Boris Tacyniak,Improve documentation for Channel Management.,Wed May 27 20:32:42 2020 +0200
86bbf60,Boris Tacyniak,Boris Tacyniak,Add shortcutId for better badge management.,Wed May 27 20:32:15 2020 +0200
af43731,Boris Tacyniak,Boris Tacyniak,Add custom channel-id support.,Wed May 27 19:10:52 2020 +0200
a85e681,Boris Tacyniak,Boris Tacyniak,Update CHANGELOG.md,Wed May 27 19:09:59 2020 +0200
725e5fe,GitHub,Boris Tacyniak,Merge pull request #1345 from narender2031/master,Wed May 27 18:51:42 2020 +0200
bbe5248,Ivan,xvonabur,Add missing push timestamp for Android 7+,Wed May 27 16:27:05 2020 +0300
f0406be,Boris Tacyniak,Boris Tacyniak,Fix changelog, wrong issue mentioned.,Mon May 25 10:05:44 2020 +0200
742204b,Boris Tacyniak,Boris Tacyniak,Add the possibility to override Channel Name and Channel Description based on channel ID.,Mon May 25 09:58:46 2020 +0200
1d497e6,Boris Tacyniak,Boris Tacyniak,Bump to 3.5.2.,Mon May 25 09:57:38 2020 +0200
f8a0048,Boris Tacyniak,Boris Tacyniak,Remove extra interface.,Mon May 25 09:52:24 2020 +0200
9f69896,Boris Tacyniak,Boris Tacyniak,Fix sounds volume and DND is ignored. Fix #1455 `onNotification fires every time when the app goes from background to foreground`,Mon May 25 09:46:40 2020 +0200
23e0cb4,GitHub,Boris Tacyniak,Update README.md,Sun May 24 18:33:55 2020 +0200
2452909,Boris Tacyniak,Boris Tacyniak,Bump to 3.5.1.,Thu May 21 21:23:05 2020 +0200
278c9ae,Boris Tacyniak,Boris Tacyniak,Switch from support library to androidx. #1449,Thu May 21 21:17:57 2020 +0200
70b7e7c,Boris Tacyniak,Boris Tacyniak,Bump to 3.5.0.,Wed May 20 19:35:06 2020 +0200
700cb44,GitHub,Boris Tacyniak,Merge pull request #1446 from taymer/master,Wed May 20 13:17:34 2020 +0200
2254fd4,Boris Tacyniak,Boris Tacyniak,Move back onNewToken to Firebase service.,Tue May 19 21:12:01 2020 +0200
419dfa4,GitHub,Boris Tacyniak,Merge pull request #1445 from sdenaci/multiple-push-providers,Tue May 19 20:27:56 2020 +0200
821cad2,Taymer Ragazzini,Taymer Ragazzini,#1431,Tue May 19 19:20:48 2020 +0200
5716f1e,sarah denaci,sarah denaci,feat: explicitly override onNewToken,Mon May 18 13:12:47 2020 -0400
6887be9,GitHub,Boris Tacyniak,Change from 18 months to 1 year,Mon May 18 17:59:09 2020 +0200
7e861c4,sarah denaci,sarah denaci,feat: multiple push providers,Mon May 18 09:51:51 2020 -0400
807c6fd,Boris Tacyniak,Boris Tacyniak,Missing change on variable name.,Wed May 13 08:24:27 2020 +0200
2948bb6,Boris Tacyniak,Boris Tacyniak,Prevent sound to be mute in default state.,Wed May 13 08:20:12 2020 +0200
fe5b521,Boris Tacyniak,Boris Tacyniak,Update CHANGELOG.md.,Sat May 9 16:07:55 2020 +0200
ad3888b,Boris Tacyniak,Boris Tacyniak,Prevent crash for NaN.,Sat May 9 15:55:57 2020 +0200
a799161,Boris Tacyniak,Boris Tacyniak,Bump to version 3.4.0.,Fri May 8 21:57:02 2020 +0200
7833579,Boris Tacyniak,Boris Tacyniak,Merge branch 'master' of github.com:zo0r/react-native-push-notification,Fri May 8 21:55:31 2020 +0200
fb41a9d,GitHub,Boris Tacyniak,Merge pull request #1410 from willnaoosmit/master,Fri May 8 21:53:32 2020 +0200
a06d7d5,Boris Tacyniak,Boris Tacyniak,Put deleteInstanceId() in a separate thread.,Fri May 8 21:33:43 2020 +0200
808d922,Boris Tacyniak,Boris Tacyniak,Use directly the callNative for `abandonPermissions`.,Fri May 8 19:31:49 2020 +0200
3113a3f,Boris Tacyniak,Boris Tacyniak,Changes in example Application.,Fri May 8 19:29:56 2020 +0200
9c26a7b,GitHub,Boris Tacyniak,Merge pull request #1425 from GabeConsalter/add-revoke-token-method,Fri May 8 19:26:04 2020 +0200
13325b4,Gabriel Consalter,Gabriel Consalter,docs: :pencil: Updated with new Abandon Permissions method,Fri May 8 14:22:38 2020 -0300
a775d48,GitHub,Boris Tacyniak,Merge pull request #617 from Hanzig/master,Fri May 8 19:19:27 2020 +0200
e4d0512,GitHub,Boris Tacyniak,Merge branch 'master' into master,Fri May 8 19:18:46 2020 +0200
c91ffc5,Gabriel Consalter,Gabriel Consalter,chore: :ok_hand: Updated to new Abandon Permissions method name,Fri May 8 14:18:08 2020 -0300
f909e74,Gabriel Consalter,Gabriel Consalter,chore: :ok_hand: Revoke Token method renamed to Abandon Permissions,Fri May 8 14:17:15 2020 -0300
7347b8e,Boris Tacyniak,Boris Tacyniak,Allow numbers for `number` and `id` in Android.,Fri May 8 18:57:30 2020 +0200
2ee54c3,Gabriel Consalter,Gabriel Consalter,chore: Added Revoke Token button,Fri May 8 11:31:05 2020 -0300
08d6dde,Gabriel Consalter,Gabriel Consalter,docs: :pencil: Revoke Token method documentation,Fri May 8 11:27:26 2020 -0300
95365a9,Gabriel Consalter,Gabriel Consalter,feat: :sparkles: Revoke Token method,Fri May 8 11:26:26 2020 -0300
f2dd349,Boris Tacyniak,Boris Tacyniak,Add an example with sound in project example.,Fri May 8 15:08:47 2020 +0200
4899349,Boris Tacyniak,Boris Tacyniak,Implement `onNewToken` for Firebase.,Fri May 8 12:36:44 2020 +0200
d33323b,GitHub,Boris Tacyniak,Change the documentation of onNotification.,Thu May 7 21:10:33 2020 +0200
adac27b,Boris Tacyniak,Boris Tacyniak,Add option in AndroidManifest to allow/remove notification in foreground (remote-only),Mon May 4 23:07:18 2020 +0200
7865b74,Boris Tacyniak,Boris Tacyniak,Add a Log.e() on fail.,Mon May 4 19:16:31 2020 +0200
e9d0476,GitHub,willnaoosmit,Update push-notification-ios to 1.2.0,Mon May 4 10:48:19 2020 -0300
8a5871d,GitHub,Boris Tacyniak,Delete versions.yml,Mon May 4 15:27:42 2020 +0200
72e238b,GitHub,Boris Tacyniak,Add github action, check versions.,Mon May 4 08:15:08 2020 +0200
bc64827,Boris Tacyniak,Boris Tacyniak,Fix syntax.,Fri May 1 09:51:02 2020 +0200
ff9336a,Boris Tacyniak,Boris Tacyniak,Fix regression on the importance of notification.,Fri May 1 09:48:44 2020 +0200
a110a0b,Boris Tacyniak,Boris Tacyniak,Set default vibration to the channel.,Fri May 1 09:35:30 2020 +0200
32fe0da,Boris Tacyniak,Boris Tacyniak,Fix regression on the importance of the channel notification.,Fri May 1 08:55:50 2020 +0200
5695070,GitHub,Boris Tacyniak,Change Stale scan from 24 months to 18 months,Thu Apr 30 10:27:05 2020 +0200
32762bb,Boris Tacyniak,Boris Tacyniak,Release 3.3.0,Wed Apr 29 15:18:12 2020 +0200
3ea54f5,Boris Tacyniak,Boris Tacyniak,Fix channel_id of notification.,Wed Apr 29 14:58:12 2020 +0200
bbe9b1d,Boris Tacyniak,Boris Tacyniak,Fix vibrate and importance. Add fallback for old service.,Wed Apr 29 14:39:02 2020 +0200
631a21a,Boris Tacyniak,Boris Tacyniak,Update CHANGELOG.md and re-add RNPushNotificationRegistrationService with a warning message.,Wed Apr 29 11:36:55 2020 +0200
8a8d100,GitHub,Boris Tacyniak,Merge pull request #1387 from grit96/androidx-backwards-compatibility,Tue Apr 28 10:51:00 2020 +0200
c65c02c,Geraint White,Geraint White,Update README to reflect firebaseVersion rename to firebaseMessagingVersion,Tue Apr 28 08:37:41 2020 +0100
9b8454e,Boris Tacyniak,Boris Tacyniak,Update CHANGELOG.md.,Mon Apr 27 18:42:41 2020 +0200
cd08142,Geraint White,Geraint White,Make AndroidX support backwards compatible,Mon Apr 27 13:50:17 2020 +0100
f6136e1,GitHub,Boris Tacyniak,Merge pull request #878 from richie-south/master,Sun Apr 26 16:31:11 2020 +0200
1459497,Boris Tacyniak,Boris Tacyniak,Remove types.,Sun Apr 26 16:22:52 2020 +0200
b335d1d,Boris Tacyniak,Boris Tacyniak,Missing import.,Sun Apr 26 16:00:06 2020 +0200
fc6a7cf,GitHub,Boris Tacyniak,Merge pull request #917 from experionarjun/feature/unsubscribeFromTopic,Sun Apr 26 13:15:43 2020 +0200
d7705f8,GitHub,Boris Tacyniak,Merge pull request #586 from Pootsy/master,Sun Apr 26 12:54:12 2020 +0200
e3a5a81,GitHub,Boris Tacyniak,Merge pull request #1212 from r0b0t3d/fix/notification,Sun Apr 26 12:25:10 2020 +0200
4bd2801,Boris Tacyniak,Boris Tacyniak,Fix request Permissions.,Sun Apr 26 11:49:09 2020 +0200
2ec8c54,Boris Tacyniak,Boris Tacyniak,Remove references to GCM.,Sun Apr 26 11:38:59 2020 +0200
a57b24f,GitHub,Boris Tacyniak,Merge pull request #909 from NumberAI/master,Sun Apr 26 10:19:09 2020 +0200
fa1ec9c,GitHub,Boris Tacyniak,Update README.md,Fri Apr 24 14:47:51 2020 +0200
dc61ced,GitHub,Boris Tacyniak,Merge branch 'master' into master,Fri Apr 24 13:47:15 2020 +0200
eefa989,Boris Tacyniak,Boris Tacyniak,Missing line in example project.,Fri Apr 24 10:03:37 2020 +0200
90b7e09,Boris Tacyniak,Boris Tacyniak,Complete README and example project to avoid crash at start. Fix #1381.,Fri Apr 24 09:20:10 2020 +0200
e92d901,Boris Tacyniak,Boris Tacyniak,Fix no channel created by default.,Thu Apr 23 11:19:10 2020 +0200
0d82757,Boris Tacyniak,Boris Tacyniak,Fix typo and update version.,Mon Apr 20 22:02:25 2020 +0200
dd0eec7,Boris Tacyniak,Boris Tacyniak,Update to version 3.2.0,Mon Apr 20 21:46:26 2020 +0200
7516032,Boris Tacyniak,Boris Tacyniak,Integrate change from #1042. Close #1042,Mon Apr 20 20:17:04 2020 +0200
c118ac1,Boris Tacyniak,Boris Tacyniak,Remove GCM references in example folder.,Mon Apr 20 20:16:06 2020 +0200
f4b10a8,Boris Tacyniak,Boris Tacyniak,Remove GCM and C2DM references from README.md (Deprecated),Mon Apr 20 19:46:08 2020 +0200
cc66810,Boris Tacyniak,Boris Tacyniak,Fix order in README.md,Thu Apr 16 18:05:23 2020 +0200
676aa03,Boris Tacyniak,Boris Tacyniak,Fix order in README.md and formatting.,Thu Apr 16 18:04:08 2020 +0200
502efe0,Boris Tacyniak,Boris Tacyniak,Update CHANGELOG.md,Thu Apr 16 17:49:46 2020 +0200
f07a184,GitHub,Boris Tacyniak,Merge pull request #1183 from andrewtremblay/master,Thu Apr 16 17:42:35 2020 +0200
e517d1d,Andrew Tremblay,Andrew Tremblay,simplifying isApplicationInForeground check,Thu Apr 16 11:36:19 2020 -0400
28a799f,GitHub,Andrew Tremblay,Merge branch 'master' into master,Thu Apr 16 11:20:33 2020 -0400
1c4b9c4,GitHub,Boris Tacyniak,Merge pull request #954 from zhangjunhou/master,Thu Apr 16 08:05:42 2020 +0200
befe905,Boris Tacyniak,Boris Tacyniak,Update Changelog.md,Wed Apr 15 09:44:41 2020 +0200
b31e95e,Boris Tacyniak,Boris Tacyniak,Remove not necessary files and clean syntax in example.,Wed Apr 15 09:38:55 2020 +0200
9e563df,GitHub,Boris Tacyniak,Merge pull request #959 from hshiraiwa/feat/allow-while-idle,Wed Apr 15 08:57:43 2020 +0200
79eb61c,GitHub,Boris Tacyniak,Merge pull request #646 from k2-digital/master,Wed Apr 15 08:48:38 2020 +0200
dd1bcbd,GitHub,Boris Tacyniak,Merge branch 'master' into master,Wed Apr 15 08:48:23 2020 +0200
6da43c0,GitHub,Boris Tacyniak,Bump ShortcutBadger to the latest version 1.1.22,Wed Apr 15 08:47:33 2020 +0200
1ab980c,GitHub,Boris Tacyniak,Increase number of operations per run, too few set,Tue Apr 14 23:21:49 2020 +0200
3508121,GitHub,Boris Tacyniak,Merge pull request #1363 from paddy57/master,Sun Apr 12 15:00:21 2020 +0200
9e359a1,paddy,paddy,react-native-push-notification lib installation command,Sun Apr 12 16:16:15 2020 +0530
8067424,paddy,paddy,Android gradle lib installation,Sun Apr 12 16:14:17 2020 +0530
1747ab9,Boris Tacyniak,Boris Tacyniak,Add stale from GitHub Actions.,Fri Apr 10 09:41:13 2020 +0200
5386bef,Boris Tacyniak,Boris Tacyniak,Update CHANGELOG.md,Fri Apr 10 09:15:38 2020 +0200
d91e6e2,GitHub,Boris Tacyniak,Merge pull request #926 from maxkomarychev/default-channel-name,Fri Apr 10 08:03:24 2020 +0200
b1e84b2,GitHub,Boris Tacyniak,Merge pull request #947 from robwalkerco/patch-1,Fri Apr 10 08:01:08 2020 +0200
771d45f,GitHub,Boris Tacyniak,Merge branch 'master' into patch-1,Fri Apr 10 08:00:46 2020 +0200
4b29c1c,GitHub,Boris Tacyniak,Merge pull request #1355 from jackw-kounta/master,Fri Apr 10 07:50:51 2020 +0200
d1112a6,GitHub,Boris Tacyniak,Merge pull request #457 from mars-lan/master,Thu Apr 9 11:14:12 2020 +0200
49b5f22,GitHub,Boris Tacyniak,Merge pull request #1226 from MobileArtisans/fix/remove-fishy-reference,Thu Apr 9 11:12:20 2020 +0200
c0b4d3c,GitHub,Boris Tacyniak,Merge pull request #567 from idleberg/patch-1,Thu Apr 9 10:47:00 2020 +0200
62e3b7a,GitHub,Boris Tacyniak,Merge branch 'master' into patch-1,Thu Apr 9 10:46:41 2020 +0200
978a5f1,GitHub,Boris Tacyniak,Merge pull request #995 from schumannd/master,Thu Apr 9 10:41:59 2020 +0200
30f12eb,Boris Tacyniak,Boris Tacyniak,Fix build.gradle. Closes #1191 Closes #1166,Thu Apr 9 10:37:54 2020 +0200
7837aae,GitHub,Boris Tacyniak,Merge pull request #687 from vstostap/push-notification-broadcast-security,Thu Apr 9 09:58:07 2020 +0200
240a24b,GitHub,Boris Tacyniak,Merge branch 'master' into push-notification-broadcast-security,Thu Apr 9 09:56:46 2020 +0200
b40f9b5,Boris Tacyniak,Boris Tacyniak,Add GitHub configuration.,Thu Apr 9 08:01:56 2020 +0200
028bc16,Boris Tacyniak,Boris Tacyniak,Update README.md. Closes #1246 #1073 #843 #426.,Wed Apr 8 23:06:35 2020 +0200
991460d,Boris Tacyniak,Boris Tacyniak,Recreate an example project to the latest version. Close #1030.,Wed Apr 8 22:59:43 2020 +0200
09618dc,GitHub,Boris Tacyniak,Merge pull request #1282 from scarlac/patch-1,Wed Apr 8 21:31:09 2020 +0200
90cdcaa,Jack Wong,Jack Wong,Use FirebaseInstanceId for deviceToken, not from Intent,Thu Apr 2 14:35:48 2020 +1100
9c6b090,Narender Singh,Narender Singh,add fire date in notification resposne,Thu Mar 19 18:47:16 2020 +0530
6033851,GitHub,Seph Soliman,Abandon permissions unregisters remote only,Tue Jan 7 16:50:46 2020 -0800
744f8db,GitHub,Andrew Tremblay,Merge pull request #1 from andrewtremblay-pear/patch-2,Wed Nov 13 16:45:47 2019 -0800
16a3ade,GitHub,Andrew Tremblay (Pear profile),Addressing missing imports,Wed Nov 13 16:44:47 2019 -0800
c18f38c,tuncaulubilge,tuncaulubilge,fix: Remove januaryai reference from project files,Mon Oct 28 17:39:26 2019 +0000
b0b0b68,Tuan Luong,Tuan Luong,send data object,Mon Oct 14 21:14:38 2019 +0700
071a340,GitHub,Andrew Tremblay,adding more manual isApplicationInForeground check,Wed Aug 28 20:06:22 2019 -0400
f03a567,GitHub,Andrew Tremblay,Update README.md,Wed Aug 28 15:41:25 2019 -0400
5f1c2bc,GitHub,Andrew Tremblay,Adding a ignoreInForeground key for iOS parity,Wed Aug 28 15:38:36 2019 -0400
b4ea8fb,GitHub,Jorge Trujillo,Update package.json,Tue Aug 13 15:58:16 2019 -0500
df4ae93,GitHub,Jorge Trujillo,Merge pull request #1170 from owinter86/patch-1,Tue Aug 13 15:58:03 2019 -0500
fe1da09,GitHub,Oliver Winter,Fix undefined fallback variables in build gradle,Mon Aug 12 13:14:36 2019 +0200
9d3967b,GitHub,Daniel Schlaug,Add PushNotificationIOS installation instruction link,Fri Aug 2 10:05:18 2019 +0200
a053268,GitHub,Jorge Trujillo,Update README.md,Wed Jul 31 18:26:53 2019 -0500
0de815b,GitHub,Jorge Trujillo,Merge pull request #1132 from chrisspankroy/patch-1,Wed Jul 31 18:25:41 2019 -0500
76b2581,GitHub,Jorge Trujillo,Update package.json,Wed Jul 31 18:24:28 2019 -0500
7bc159e,GitHub,Jorge Trujillo,Merge pull request #1139 from homeeondemand/master,Wed Jul 31 18:24:14 2019 -0500
b79f9ed,Craig Martin,Craig Martin,Update README.md,Tue Jul 16 22:39:09 2019 -0400
5b02761,Craig Martin,Craig Martin,Update PushNotificationIOS dependency,Tue Jul 16 22:14:42 2019 -0400
30f617c,GitHub,Chris Spankroy,Update react-native.config.js,Tue Jul 9 12:12:21 2019 -0500
4e53d8c,GitHub,Jorge Trujillo,Merge pull request #1126 from chrisspankroy/master,Mon Jul 8 14:57:27 2019 -0500
9ff68cf,GitHub,Chris Spankroy,Fix indentation mistake,Mon Jul 8 14:56:00 2019 -0500
aabd3f5,Christopher Spankroy,Christopher Spankroy,Moved package.json's rnpm config to react-native.config.js,Mon Jul 8 14:51:48 2019 -0500
6a6e951,GitHub,Jorge Trujillo,Merge pull request #889 from maxkomarychev/android-repeat-month,Sun Jul 7 11:52:25 2019 -0500
60b75f8,GitHub,Jorge Trujillo,Update package.json,Sun Jul 7 11:40:26 2019 -0500
aa0d194,GitHub,Jorge Trujillo,Merge pull request #939 from rafaelcamaram/master,Sun Jul 7 11:39:34 2019 -0500
746190c,GitHub,Jorge Trujillo,Merge pull request #1107 from andcosta/master,Sun Jul 7 11:35:48 2019 -0500
94b08e4,GitHub,Jorge Trujillo,Merge branch 'master' into master,Sun Jul 7 11:35:34 2019 -0500
c09b494,GitHub,Jorge Trujillo,Merge pull request #1085 from isaiahols/olson/ignore-git,Sun Jul 7 11:34:52 2019 -0500
b81c212,GitHub,Jorge Trujillo,Delete yarn.lock,Sun Jul 7 11:33:49 2019 -0500
e0cf222,GitHub,Jorge Trujillo,Merge pull request #1095 from peinguin/androidx,Sun Jul 7 11:32:38 2019 -0500
acfa3bf,GitHub,Jorge Trujillo,Merge branch 'master' into master,Sun Jul 7 11:32:17 2019 -0500
4ee8343,GitHub,Jorge Trujillo,Merge pull request #1124 from zo0r/revert-1119-grouping-push,Sun Jul 7 11:30:45 2019 -0500
cb24799,GitHub,Jorge Trujillo,Revert "Grouping push",Sun Jul 7 11:30:34 2019 -0500
0e189a0,GitHub,Jorge Trujillo,Merge pull request #1119 from ConnectyCube/grouping-push,Sun Jul 7 11:29:14 2019 -0500
b7cdf12,Dave Lombardo,Dave Lombardo,fixed plural for 1 chat; added group chat name tp push title,Wed Jul 3 22:57:22 2019 +0300
7d6a9b4,Garry,Dave Lomber,fix crash with parse double,Wed Jul 3 22:55:41 2019 +0300
be320df,AntonSeleznev,AntonSeleznev,3.1.6,Wed Jul 3 19:28:01 2019 +0300
bf6d6e4,AntonSeleznev,AntonSeleznev,clean,Wed Jul 3 19:27:51 2019 +0300
cd35e24,AntonSeleznev,AntonSeleznev,3.1.5,Wed Jul 3 19:25:26 2019 +0300
d32acd6,AntonSeleznev,AntonSeleznev,add grouping push (need test),Wed Jul 3 18:34:35 2019 +0300
c0fcf9f,AntonSeleznev,AntonSeleznev,clean,Wed Jul 3 17:06:15 2019 +0300
45791e2,AntonSeleznev,AntonSeleznev,Merge branch 'put-notification-to-shared' into grouping-and-save-to-shared,Wed Jul 3 15:28:26 2019 +0300
e9a0110,AntonSeleznev,AntonSeleznev,add push notification message to shared,Wed Jul 3 15:23:54 2019 +0300
684dff7,AntonSeleznev,AntonSeleznev,add group-notifications,Wed Jul 3 15:18:28 2019 +0300
dba3ddb,Anderson Costa,Anderson Costa,Configuration 'compile' is obsolete and has been replaced with 'implementation' and 'api'. It will be removed at the end of 2018,Tue Jun 25 03:42:50 2019 -0300
4bd9ba6,Anderson Costa,Anderson Costa,Configuration 'compile' is obsolete and has been replaced with 'implementation' and 'api'. It will be removed at the end of 2018,Tue Jun 25 03:37:34 2019 -0300
6a1c4af,Serhii Fesiura,Serhii Fesiura,Androidx,Tue Jun 18 19:53:17 2019 +0300
574b021,isaiahols,isaiahols,ignore .git,Wed Jun 12 14:10:25 2019 -0600
fcf12b9,GitHub,Andrew Tremblay (Pear profile),typo,Thu May 16 09:42:02 2019 -0400
c4c961c,GitHub,Jorge Trujillo,Update README.md,Mon Apr 8 14:03:41 2019 -0500
dcd7a13,GitHub,Jorge Trujillo,Update package.json,Mon Apr 8 11:24:42 2019 -0500
7f05d86,GitHub,Jorge Trujillo,Delete package-lock.json,Mon Apr 8 10:50:08 2019 -0500
1e3525f,GitHub,Jorge Trujillo,Merge pull request #1036 from pro-nasa/patch-1,Mon Apr 8 10:41:09 2019 -0500
798093c,GitHub,Adam Sajko,Update and standardization build.gradle,Thu Apr 4 09:34:06 2019 +0200
91af67c,GitHub,David Schumann,update broken link to docs,Mon Feb 4 11:42:41 2019 +0100
87a5b65,GitHub,Rob Walker,Corrected colors.xml path again,Wed Dec 19 09:01:54 2018 +0000
c4fcb64,GitHub,Rob Walker,Correct android colors.xml path,Tue Dec 18 07:35:56 2018 +0000
6cf060a,Henrique Shiraiwa,Henrique Shiraiwa,[Android] Allow to set the notification to executes on idle,Fri Dec 7 16:14:06 2018 -0200
0ad7b12,zhangjunhou,zhangjunhou,fix fcm isForeground,Fri Nov 30 15:07:17 2018 +0800
6d4d73c,GitHub,Rob Walker,Improve the docs around specifying notification_color,Fri Nov 23 15:02:55 2018 +0000
b7c2686,Rafael Câmara,Rafael Câmara,Removing commented lines regarding RNPushNotificationHelper,Wed Nov 14 23:30:06 2018 -0200
32c5ce9,Rafael Câmara,Rafael Câmara,Merge branch 'master' of https://github.com/zo0r/react-native-push-notification,Wed Nov 14 23:26:23 2018 -0200
19e918a,Max Komarychev,Max Komarychev,Allow monthly repeat,Mon Oct 29 13:24:10 2018 +0200
9d34168,Max Komarychev,Max Komarychev,Properly handle default values of metadata,Mon Oct 29 13:22:30 2018 +0200
72ca630,Arjun Sreedhar,Arjun Sreedhar,Added functionality to unsubscribeFromTopic,Wed Oct 24 19:33:15 2018 +0530
ae4f9fd,Gp2mv3,Gp2mv3,Version bump: 3.1.2,Wed Oct 17 20:27:23 2018 +0200
13f741e,GitHub,Nicolas Cognaux,Merge pull request #906 from CapitanRedBeard/task/changelog-3.1.2,Wed Oct 17 20:20:04 2018 +0200
e388927,Steven Ginn,Steven Ginn,Add comment describing why return that structure,Wed Oct 17 09:06:24 2018 -0700
43d797e,Steven Ginn,Steven Ginn,Add missing interface definitions dealing with delivered notifications,Wed Oct 17 09:06:24 2018 -0700
c0b9a2a,Emmett Harper,Emmett Harper,add a changelog for 3.1.2,Tue Oct 16 17:01:44 2018 -0700
1143632,GitHub,Nicolas Cognaux,Merge pull request #869 from hshiraiwa/fix/example-app-cancel-notification,Mon Oct 8 09:38:00 2018 +0200
fc5c722,GitHub,Nicolas Cognaux,Merge pull request #879 from danibonilha/patch-1,Mon Oct 8 09:37:24 2018 +0200
ceda7e9,Rafael Câmara,Rafael Câmara,BUGFIX. Fixing getChannelName() for Android versions >= 8.0,Fri Sep 28 11:14:50 2018 -0300
5f9ff91,GitHub,Daniele Bonilha,Update doc to avoid falling Androids build,Fri Sep 21 15:48:41 2018 -0300
0a88626,richie-south,richie-south,fix: add suffix .js,Fri Sep 21 09:46:41 2018 +0200
83dc15d,Henrique Shiraiwa,Henrique Shiraiwa,Fix example app cancel notification,Thu Sep 13 14:12:24 2018 -0300
aaf2d19,GitHub,Nicolas Cognaux,Merge pull request #854 from lorenc-tomasz/Android_Change_Priority,Thu Sep 6 10:15:04 2018 +0200
3bd0b6f,GitHub,Nicolas Cognaux,Merge pull request #835 from zo0r/fixGcm,Thu Sep 6 10:04:53 2018 +0200
8254425,Gp2mv3,Gp2mv3,Added category to localNotificationSchedule payload,Thu Sep 6 10:02:41 2018 +0200
7b7e18b,Lorenc Tomasz,Lorenc Tomasz,[Android] Fix typos; Change NotificationCompat type to int where it was necessary,Fri Aug 31 16:43:29 2018 +0200
b482ab7,Lorenc Tomasz,Lorenc Tomasz,Fix typos in README.md,Wed Aug 29 20:26:29 2018 +0200
f885bb5,Lorenc Tomasz,Lorenc Tomasz,Uppdate README.md,Wed Aug 29 20:24:36 2018 +0200
b1bd556,Lorenc Tomasz,Lorenc Tomasz,Update README.md,Wed Aug 29 20:18:51 2018 +0200
a8fc763,Lorenc Tomasz,Lorenc Tomasz,[Android] Allow to set notification importance option,Wed Aug 29 19:59:46 2018 +0200
0b9ca84,Lorenc Tomasz,Lorenc Tomasz,[Android] Allow to set notification visibility option,Wed Aug 29 19:58:38 2018 +0200
5f63c66,Lorenc Tomasz,Lorenc Tomasz,[Android] Allow to set notification priority,Wed Aug 29 19:55:40 2018 +0200
9708445,GitHub,Nicolas Cognaux,Merge pull request #839 from lfkwtz/patch-1,Mon Aug 27 09:31:51 2018 +0200
0f25d9e,GitHub,Michael Lefkowitz,react-native link react-native-push-notification,Wed Aug 22 15:44:36 2018 -0500
fe4ba12,Gp2mv3,Gp2mv3,Added the "old" GCM listener to get compatibility with GCM back,Tue Aug 21 12:27:06 2018 +0200
6b73262,Gp2mv3,Gp2mv3,Actions now open the app: Fix #783,Tue Aug 21 11:56:35 2018 +0200
975198c,Gp2mv3,Gp2mv3,Updated Example app for metadata in AndroidManifest,Tue Aug 21 10:45:12 2018 +0200
aa2e894,Gp2mv3,Gp2mv3,Updated Readme for meta-data in Android Manifest,Tue Aug 21 10:44:50 2018 +0200
a95af74,GitHub,Nicolas Cognaux,Merge pull request #831 from rodrigobdz/patch-1,Mon Aug 20 19:16:08 2018 +0200
f7b4759,GitHub,Nicolas Cognaux,Merge pull request #822 from Truebill/channel-config-rev2,Mon Aug 20 19:14:31 2018 +0200
8718e61,GitHub,Nicolas Cognaux,Merge pull request #826 from receme/master,Mon Aug 20 19:14:06 2018 +0200
6d51072,GitHub,Rodrigo Bermúdez Schettino,Standardize Changelog,Thu Aug 16 15:37:32 2018 +0200
eec2c3e,Md. Tahmid Mozaffar,Md. Tahmid Mozaffar,updated sdk and build tool version on gradle to solve error  “Cannot find symbol on import android.app.NotificationChannel”,Mon Aug 13 19:29:29 2018 +0600
feada0c,GitHub,Nicolas Cognaux,Merge pull request #809 from zo0r/sdk26,Fri Aug 10 16:20:05 2018 +0200
dc03edc,GitHub,Nicolas Cognaux,Merge pull request #811 from logan1220/sdk26,Fri Aug 10 16:19:06 2018 +0200
beedb16,GitHub,Nicolas Cognaux,Merge pull request #816 from brownmagik352/patch-1,Fri Aug 10 16:17:28 2018 +0200
51f55e7,Steel Brain,Steel Brain,:art: Change error log to warning,Wed Aug 8 10:12:48 2018 -0700
1169bfe,Steel Brain,Steel Brain,:bug: Convert resource id to color id,Wed Aug 8 06:24:51 2018 -0700
882653d,Steel Brain,Steel Brain,:new: Also read notification color from config,Wed Aug 8 06:06:25 2018 -0700
de426bb,steelbrain,steelbrain,:art: Minor lifecycle simplification,Wed Aug 8 17:40:16 2018 +0500
4843b39,steelbrain,steelbrain,:racehorse: Cache metadata,Wed Aug 8 17:40:03 2018 +0500
bc8e24f,Steel Brain,Steel Brain,:memo: Document usage in README,Wed Aug 8 03:41:28 2018 -0700
b0bb4a6,Steel Brain,Steel Brain,:new: Use some config parameters from the manifest,Wed Aug 8 03:39:25 2018 -0700
143289c,GitHub,brownmagik352,update README about localNotificationSchedule(),Sun Aug 5 20:57:31 2018 -0700
2c4fcc9,GitHub,Logan,Add import for symbol Log,Thu Aug 2 15:28:19 2018 -0400
a529d01,Gp2mv3,Gp2mv3,Fix requestPermission crash,Wed Aug 1 23:22:29 2018 +0200
ccd9edc,GitHub,Nicolas Cognaux,Merge pull request #806 from Truebill/steelbrain/fix-title-message,Wed Aug 1 23:00:58 2018 +0200
b61ce08,GitHub,Nicolas Cognaux,Merge pull request #807 from Truebill/fix-pop-initial,Wed Aug 1 18:59:52 2018 +0200
150efb0,Steel Brain,Steel Brain,:bug: Add a null-check around remote message,Wed Aug 1 08:50:12 2018 +0500
a071458,GitHub,Nicolas Cognaux,Merge pull request #802 from elitree/master,Tue Jul 31 11:03:45 2018 +0200
1510612,Steel Brain,Steel Brain,:bug: Fix pop initial for firebase,Tue Jul 31 07:48:02 2018 +0500
d22e07c,Steel Brain,Steel Brain,:bug: Fix title and message in bundle,Tue Jul 31 05:20:29 2018 +0500
9cf51a5,GitHub,Eli Geller,Typo fixes,Mon Jul 23 14:32:43 2018 -0400
e6de911,Gp2mv3,Gp2mv3,PR links in changelog,Mon Jul 23 16:03:35 2018 +0200
0d19d1f,Gp2mv3,Gp2mv3,Added lokg of token (to copy/past easily from Android log),Mon Jul 23 16:03:27 2018 +0200
6be5ed4,Gp2mv3,Gp2mv3,Corrected changelog links,Mon Jul 23 15:43:12 2018 +0200
dd8b140,Gp2mv3,Gp2mv3,Added Changelor in Readme,Mon Jul 23 15:40:36 2018 +0200
7562679,Gp2mv3,Gp2mv3,Merge branch 'example-app',Mon Jul 23 15:38:50 2018 +0200
1c6d7b0,Gp2mv3,Gp2mv3,Update to v3.1.1,Mon Jul 23 15:38:41 2018 +0200
d5afc87,Gp2mv3,Gp2mv3,Example app is added in Readme,Mon Jul 23 15:37:42 2018 +0200
5b53901,Gp2mv3,Gp2mv3,Remote notifications now work,Mon Jul 23 15:21:16 2018 +0200
41d42a0,Gp2mv3,Gp2mv3,Merge branch 'master' into example-app,Mon Jul 23 12:38:37 2018 +0200
44cb230,GitHub,Nicolas Cognaux,Merge pull request #717 from avencat/feature/firebase,Tue Jul 17 23:02:21 2018 +0200
5318359,GitHub,Nicolas Cognaux,Merge pull request #744 from chatterbugapp/pp-support-twilio-message,Tue Jul 17 23:01:04 2018 +0200
8308e13,Gp2mv3,Gp2mv3,Begin of work on Remote push notifications testing,Mon Jul 16 23:52:05 2018 +0200
00ddc39,Gp2mv3,Gp2mv3,Different notifications for scheduled and instantaneous notif,Mon Jul 16 23:51:47 2018 +0200
1455d0c,Gp2mv3,Gp2mv3,Changed Display Name of app,Mon Jul 16 23:51:22 2018 +0200
bb2e464,Gp2mv3,Gp2mv3,Corrected babelrc for react-native,Mon Jul 16 23:34:32 2018 +0200
c925dd9,Gp2mv3,Gp2mv3,Merge branch 'master' into example-app,Mon Jul 16 23:28:20 2018 +0200
4370945,Gp2mv3,Gp2mv3,Removed example app from npm package,Sun Jul 15 23:31:32 2018 +0200
28d368a,Gp2mv3,Gp2mv3,First example app (Only on Android, tested only in emulator),Sun Jul 15 23:31:19 2018 +0200
05c5f3c,GitHub,Nicolas Cognaux,Merge pull request #747 from richardkarsten/patch-1,Sat Jul 14 12:36:54 2018 +0200
91d8c2e,Gp2mv3,Gp2mv3,Merge branch 'master' of https://github.com/zo0r/react-native-push-notification into example-app,Fri Jul 13 19:55:03 2018 +0200
9ebe403,Axel Vencatareddy,Axel Vencatareddy,Make subscribeToTopic accessible,Fri Jul 6 14:14:57 2018 +0200
2befc73,Axel Vencatareddy,Axel Vencatareddy,Add missing import (FirebaseMessaging),Fri Jul 6 14:14:57 2018 +0200
a913f84,Axel Vencatareddy,Axel Vencatareddy,Add Firebase support,Fri Jul 6 14:14:57 2018 +0200
72aa374,GitHub,Nicolas Cognaux,Merge pull request #721 from riwu/master,Thu Jul 5 11:52:37 2018 +0200
a00f3c5,Gp2mv3,Gp2mv3,Created Example app (Does nothing currently),Thu Jul 5 11:36:45 2018 +0200
c65762a,Gp2mv3,Gp2mv3,Revert changes in build.gradle (Bad merge from PR),Thu Jul 5 09:47:17 2018 +0200
2281819,GitHub,Nicolas Cognaux,Merge pull request #707 from superandrew213/android-remove-alert-trigger-for-silent-notifications,Wed Jul 4 23:11:25 2018 +0200
0bcc9ac,GitHub,Nicolas Cognaux,Merge pull request #711 from bluebird-tech/clearNotification,Wed Jul 4 22:57:00 2018 +0200
a80272d,GitHub,Nicolas Cognaux,Merge pull request #719 from abarisic86/master,Wed Jul 4 22:50:12 2018 +0200
cab502c,GitHub,Nicolas Cognaux,Merge pull request #722 from omerman/patch-1,Wed Jul 4 22:33:14 2018 +0200
cf03860,GitHub,Nicolas Cognaux,Merge pull request #757 from viniciuspalma/patch-1,Wed Jul 4 22:31:13 2018 +0200
741ca71,GitHub,Nicolas Cognaux,Merge pull request #755 from Jerameel/patch-1,Wed Jul 4 22:30:56 2018 +0200
924fbbc,GitHub,Nicolas Cognaux,Merge pull request #657 from gcesarmza/master,Wed Jul 4 22:25:06 2018 +0200
8a090f0,GitHub,Nicolas Cognaux,Merge branch 'master' into master,Wed Jul 4 22:24:51 2018 +0200
24e7782,GitHub,Vinícius Palma,Update description of localNotificationSchedule,Thu Jun 7 23:09:01 2018 -0300
30fee7b,GitHub,Jerameel Delos Reyes,Update README.md,Thu Jun 7 15:30:57 2018 +0800
4ea649c,GitHub,Richard C. Karsten,Update README.md,Fri May 25 16:31:54 2018 +0200
555ba35,Peter Pistorius,Peter Pistorius,Copy `twi_body` to `message` to support Twilio.,Sat May 19 20:17:06 2018 +0200
6f11b92,GitHub,Omer,Clarifying usage for `cancelLocalNotifications`,Fri Apr 20 16:02:28 2018 +0300
5afd96c,riwu,riwu,add `checkPermissions` for Android,Fri Apr 20 19:05:40 2018 +0800
88f7f3e,GitHub,Ante Barišić,Update info on repeating notifications,Thu Apr 19 12:00:50 2018 +0200
3e5ca20,Florian Gerhardt,Florian Gerhardt,Add clearLocalNotification method,Thu Apr 12 12:42:29 2018 +0200
0c8f29b,Andrew Shini,Andrew Shini,Remove default message,Tue Apr 10 18:25:36 2018 +1000
47118fe,Andrew Shini,Andrew Shini,Merge remote-tracking branch 'zo0r/master',Tue Apr 10 18:23:53 2018 +1000
5b34f15,GitHub,Jorge Trujillo,Update package.json,Tue Mar 27 11:03:44 2018 -0600
b7befef,GitHub,Jorge Trujillo,Merge pull request #684 from superandrew213/add-gradle-configuration-property,Tue Mar 27 11:02:36 2018 -0600
7d8f298,Andrew Shini,Andrew Shini,Update readme,Tue Mar 27 10:40:18 2018 +1000
bf2eb11,Andrew Shini,Andrew Shini,Add more configuration properties,Tue Mar 27 10:34:57 2018 +1000
2b42b29,ovasiuta,ovasiuta,limit the components that Intent will resolve to,Mon Mar 26 17:07:00 2018 +0300
a27b482,Andrew Shini,Andrew Shini,Update readme,Wed Mar 21 21:46:21 2018 +1000
ab45996,Andrew Shini,Andrew Shini,Update readme,Wed Mar 21 21:41:50 2018 +1000
b547502,Andrew Shini,Andrew Shini,Add googlePlayServicesVersion,Wed Mar 21 21:37:30 2018 +1000
7f0344b,GitHub,Jorge Trujillo,Merge pull request #613 from damir-sirola/patch-1,Tue Mar 6 19:41:14 2018 -0600
acfd079,Gustavo Genovese,Gustavo Genovese,Support local notifications on Android O,Thu Feb 22 14:17:13 2018 -0300
ae5099c,Y.Shing,Y.Shing,Remove try Samsung Badger code due to update in ShortcutBadger,Mon Jan 29 23:04:51 2018 +0800
01c399a,GitHub,Shing,Update ShortcutBadger Version for bug fixes,Fri Jan 26 17:52:59 2018 +0800
cd2038d,Hans Govind,Hans Govind,Make sure to import PushNotificationIOS from react-native first,Wed Dec 20 16:11:34 2017 +0200
896cf18,GitHub,Damir,Remove note about local notification title for iOS,Mon Dec 18 14:53:17 2017 +0100
05c3a49,GitHub,Damir,Add support for notification alert title on iOS,Mon Dec 18 14:50:11 2017 +0100
81744d6,GitHub,Jorge Trujillo,Update package.json,Sat Dec 2 10:25:55 2017 -0600
7cdd765,GitHub,Jorge Trujillo,Merge pull request #277 from npomfret/master,Sat Dec 2 10:25:29 2017 -0600
9d34e8e,Renaud Raas,Renaud Raas,Add nullchecks for JSON parsing,Tue Oct 31 13:52:55 2017 +0100
92c27be,GitHub,Jan T. Sott,Use full path for manifest,Thu Oct 5 13:42:36 2017 +0200
82d7198,GitHub,Jorge Trujillo,Update package.json,Wed Aug 23 19:14:51 2017 -0500
5d7a54a,GitHub,Jorge Trujillo,Merge pull request #532 from whil-concepts/master,Wed Aug 23 19:14:25 2017 -0500
ba588e0,GitHub,Jason,Update ReactNativePushNotificationPackage.java,Mon Aug 21 16:05:15 2017 -0700
98b73ac,mars-lan,mars-lan,Add missing "category" parameter when scheduling local notification.,Wed Jun 14 22:24:04 2017 -0700
2864450,GitHub,Jorge Trujillo,Merge pull request #406 from niwaa/master,Mon May 15 13:43:43 2017 -0500
6a4f70f,npomfret,npomfret,made the conversion from `details.number` to applicationIconBadgeNumber in the ios code a bit more forgiving.  now `details.number` is optional (as it says in the docs),Fri May 12 17:50:42 2017 +0100
a8ab1b3,GitHub,Jorge Trujillo,Update README.md,Fri May 12 11:20:35 2017 -0500
288112f,zo0r,zo0r,Update package version,Fri May 12 11:19:34 2017 -0500
63be855,npomfret,npomfret,fetchCompletionHandler docs,Tue May 2 08:37:11 2017 +0100
9259616,GitHub,Nick Pomfret,Merge pull request #421 from dmueller39/fix_nested_bundles,Sun Apr 30 12:33:30 2017 +0100
6e88d79,npomfret,npomfret,Merge remote-tracking branch 'upstream/master',Sat Apr 29 21:24:36 2017 +0100
46093fe,GitHub,Nick Pomfret,Merge pull request #404 from mdjnewman/patch-1,Sat Apr 29 21:22:11 2017 +0100
96e67ce,Daniel Mueller,Daniel Mueller,Fix nested Bundle to JSON serialization,Thu Apr 27 07:06:36 2017 -0400
3229ac7,npomfret,npomfret,Merge remote-tracking branch 'upstream/master',Tue Apr 18 22:30:15 2017 +0100
c31713d,GitHub,Nick Pomfret,Merge pull request #310 from eujern/master,Mon Apr 3 19:31:55 2017 +0100
3ceecb7,Niwat Charoenloet,Niwat Charoenloet,updated documentation to add note on installation for android,Sat Apr 1 11:46:53 2017 -0700
69d4638,GitHub,Matt Newman,Update docs for noisy remote push notifications,Thu Mar 30 17:30:36 2017 +1000
d2a79ab,GitHub,Nick Pomfret,Merge pull request #394 from j-nolan/master,Tue Mar 21 17:23:56 2017 +0000
e17d8a1,James Nolan,James Nolan,Add the npm --save flag in the installation section. As discussed in #318. Fixes #361,Tue Mar 21 18:00:19 2017 +0100
90c77d2,Eujern Lim,Eujern Lim,Support repeatType for iOS.,Mon Mar 20 08:16:17 2017 -0400
0cd493b,npomfret,npomfret,Merge remote-tracking branch 'upstream/master',Mon Mar 13 18:49:49 2017 +0000
7a6cf60,GitHub,Nick Pomfret,Merge pull request #385 from thegdznet/master,Mon Mar 13 08:43:39 2017 +0000
ffb504d,Guillaume DROULEZ,Guillaume DROULEZ,Crash in our App,Mon Mar 6 23:19:57 2017 +0100
f56f254,GitHub,Nick Pomfret,Merge pull request #365 from ricardokdz/fix-readme,Wed Feb 15 22:10:44 2017 +0000
e0b980b,GitHub,Nick Pomfret,Merge pull request #367 from rish/fix-typo-on-troubleshooting-doc,Wed Feb 15 22:06:32 2017 +0000
b10c827,Rish,Rish,Fix GCM typo,Wed Feb 15 12:39:33 2017 +0000
976c7cc,Ricardo Pedrosa,Ricardo Pedrosa,Fix pull requests title,Tue Feb 14 15:41:40 2017 -0200
8ded50a,npomfret,npomfret,docs,Tue Feb 7 10:18:47 2017 +0000
5309cf0,GitHub,Nick Pomfret,Merge pull request #337 from ogtfaber/master,Sun Feb 5 21:13:00 2017 +0000
8a7afe3,npomfret,npomfret,docs,Sun Feb 5 15:49:04 2017 +0000
73365a2,npomfret,npomfret,improved the error handling a little so when the OS passes a null intent the app doesn't crash (https://github.com/zo0r/react-native-push-notification/issues/317),Tue Jan 31 12:10:33 2017 +0000
a42b32b,npomfret,npomfret,docs,Tue Jan 31 11:43:56 2017 +0000
0365b40,Onno Faber,Onno Faber,Add badge and soundName properties to local notification schedule,Tue Jan 17 11:24:51 2017 -0800
952c370,npomfret,npomfret,Merge remote-tracking branch 'upstream/master',Thu Dec 22 10:55:30 2016 +1100
ea24158,GitHub,Nick Pomfret,Merge pull request #286 from ianlin/pr-event-listener,Wed Nov 30 09:01:28 2016 +1100
13a2628,npomfret,npomfret,Merge remote-tracking branch 'upstream/master',Thu Nov 24 11:12:29 2016 +1100
56fc98b,GitHub,Jorge Trujillo,Update README.md,Fri Nov 18 17:55:02 2016 -0600
3deb3bf,GitHub,Jorge Trujillo,Update package.json,Fri Nov 18 17:53:59 2016 -0600
2044d2e,ianlin,ianlin,Use event type as the key instead of the handler to store in the handler map,Tue Nov 15 13:05:18 2016 +0800
2d6dd27,npomfret,npomfret,fixed missing parameter,Sun Nov 13 11:26:59 2016 +0000
aa3a5de,npomfret,npomfret,added more stuff to the trouble shooting guide,Fri Nov 11 16:41:02 2016 +0000
fae3a8b,npomfret,npomfret,added more stuff to the trouble shooting guide,Fri Nov 11 16:28:41 2016 +0000
7018041,npomfret,npomfret,added more stuff to the trouble shooting guide,Fri Nov 11 16:24:12 2016 +0000
1610f8f,npomfret,npomfret,added some iOS stuff to the trouble shooting guide,Fri Nov 11 16:09:19 2016 +0000
a8a5fe9,GitHub,Nick Pomfret,Merge pull request #266 from tsugitta/regard_play_sound_as_true_by_default,Fri Nov 11 15:20:25 2016 +0000
62dc8c5,npomfret,npomfret,started a trouble shooting guide,Fri Nov 11 15:05:29 2016 +0000
0e43673,Toshinori Tsugita,Toshinori Tsugita,Use not ‘default’ but specified soundName also when ‘playSound’ is not specified,Fri Nov 11 23:03:29 2016 +0900
d9cd728,GitHub,Nick Pomfret,Merge pull request #225 from promptworks/json-sound-color,Fri Nov 11 11:33:34 2016 +0000
39c10ec,GitHub,Nick Pomfret,Merge pull request #242 from ianlin/set-isLoaded-to-false-when-unregister,Fri Nov 11 11:28:24 2016 +0000
263a63e,npomfret,npomfret,logging again,Fri Nov 11 11:23:33 2016 +0000
b2eae87,npomfret,npomfret,just a reformat to apply android studio (i guess industry standard) default formatting... and to make it consistent across the project.  NO functional changes,Fri Nov 11 11:07:13 2016 +0000
6518af1,npomfret,npomfret,renamed 2 methods - no functional changes,Fri Nov 11 11:06:03 2016 +0000
dcbbb48,npomfret,npomfret,turned down the logging a bit,Fri Nov 11 10:39:52 2016 +0000
9dd7c05,npomfret,npomfret,Merge branch 'kfiroo-master',Fri Nov 11 10:30:30 2016 +0000
28c8a1a,npomfret,npomfret,Merge branch 'master' of https://github.com/kfiroo/react-native-push-notification into kfiroo-master,Fri Nov 11 10:30:18 2016 +0000
c2e1462,npomfret,npomfret,added delegate finish method to android for consistency (it is a no-op),Fri Nov 11 10:14:39 2016 +0000
8aaa3f2,kfiroo,kfiroo,rename: s/isApplicationRunning/isApplicationInForeground/ and s/isRunning/isForeground/,Fri Nov 11 01:31:14 2016 +0200
d335c3c,npomfret,npomfret,added delegate for the new finish method that's in RN 0.38 which calls the completion handler,Thu Nov 10 17:54:50 2016 +0000
05cce75,kfiroo,kfiroo,Call RNPushNotificationHelper.sendNotification when a notification arrives and app is not running to present a notification to the user,Mon Nov 7 14:52:06 2016 +0200
bc1632e,npomfret,npomfret,comment,Sun Nov 6 23:54:08 2016 +0000
e8587b6,GitHub,Jorge Trujillo,Update package.json,Thu Oct 27 14:56:49 2016 -0500
9691166,GitHub,Nick Pomfret,Merge pull request #247 from varungupta85/fix-doc,Sat Oct 22 21:24:06 2016 +0100
e259ef7,Varun Gupta,Varun Gupta,Fix typos,Sat Oct 22 07:23:37 2016 +0530
8e385b5,Varun Gupta,Varun Gupta,Fix doc and add comments to the code,Sat Oct 22 07:16:56 2016 +0530
8218f86,ianlin,ianlin,set isLoaded to false when unregister,Wed Oct 19 19:31:25 2016 +0800
9c79c13,GitHub,Nick Pomfret,Merge pull request #228 from marciobueno1/master,Mon Oct 10 10:30:12 2016 +0100
389afe2,GitHub,Nick Pomfret,Merge pull request #220 from mikelambert/service-js,Mon Oct 10 10:25:53 2016 +0100
3de1c06,GitHub,Nick Pomfret,Merge pull request #226 from nicolabortignon/patch-1,Mon Oct 10 09:38:31 2016 +0100
cd05255,Mike Lambert,Mike Lambert,Split out the JS delivery functionality, so it can be used by ListenerService as well as the RNPushNotification base code (ie the Activity and JS library).,Sun Oct 9 21:35:57 2016 -0400
1ad4b69,Marcio Bueno,Marcio Bueno,fixed scheduleLocalNotification to work on iOS,Sat Oct 8 22:19:27 2016 -0300
296fc72,GitHub,Nicola Bortignon,Fixed typo in README.md,Sat Oct 8 20:05:19 2016 +0200
35cb567,GitHub,Jason Garber,Receive sound and color from JSON payload,Sat Oct 8 05:26:46 2016 -0400
b4cf93a,Mike Lambert,Mike Lambert,Allow popInitialNotification to be set on secondary calls to configure().,Tue Oct 4 04:44:09 2016 -0400
764fd1e,Mike Lambert,Mike Lambert,Start the JS thread to handle any incoming remote notifications we receive on the background listener service.,Tue Oct 4 04:43:39 2016 -0400
442a8ac,GitHub,Jorge Trujillo,Update README.md,Thu Sep 15 14:37:42 2016 -0500
a359e5c,GitHub,Jorge Trujillo,Update package.json,Thu Sep 15 14:12:26 2016 -0500
c3df238,npomfret,npomfret,docs,Thu Sep 15 08:54:27 2016 +0100
d7e6d97,npomfret,npomfret,docs,Wed Sep 14 08:02:57 2016 +0100
10af1fd,npomfret,npomfret,docs,Wed Sep 14 08:01:34 2016 +0100
c73a833,npomfret,npomfret,docs,Tue Sep 13 10:01:22 2016 +0100
2f80b1c,npomfret,npomfret,ok, i think / hope we have feature parity with the cancel methods between iOS and Android. You can now specify a dictionary that describes which notifications you want to cancel. See https://github.com/facebook/react-native/blob/master/Libraries/PushNotificationIOS/RCTPushNotificationManager.m#L294,Tue Sep 13 09:59:42 2016 +0100
c6a615e,npomfret,npomfret,updated again to behave a bit more like iOS - still not quite right though. cancelLocalNotifications has different behaviour,Tue Sep 13 09:14:00 2016 +0100
02018b0,npomfret,npomfret,docs - fix typo,Mon Sep 12 23:14:50 2016 +0100
e5f93ab,npomfret,npomfret,docs,Mon Sep 12 18:50:50 2016 +0100
49a1106,npomfret,npomfret,attempt to make the interface for the 2 cancel methods agree with the RN iOS docs,Mon Sep 12 18:43:54 2016 +0100
667744d,npomfret,npomfret,updated docs,Mon Sep 12 17:38:10 2016 +0100
d0e0fa3,npomfret,npomfret,Merge branch 'convoyinc-igrayson/badge',Mon Sep 12 16:48:05 2016 +0100
69f5015,npomfret,npomfret,Merge branch 'igrayson/badge' of https://github.com/convoyinc/react-native-push-notification into convoyinc-igrayson/badge,Mon Sep 12 16:47:57 2016 +0100
7cde662,npomfret,npomfret,fixed PR #172,Mon Sep 12 16:39:29 2016 +0100
6d567ea,npomfret,npomfret,Merge branch 'varungupta85-multiple-features-android',Mon Sep 12 09:57:31 2016 +0100
19478d9,Varun Gupta,Varun Gupta,Merge from latest master,Sun Sep 11 17:02:06 2016 +0530
55542f5,Varun Gupta,Varun Gupta,Undo remote Activity change from onActivityResult method,Sun Sep 11 16:50:21 2016 +0530
acc18dd,Varun Gupta,Varun Gupta,Removing the activity parameter from onActivityResult as it requires react-native >= 0.33,Sun Sep 11 16:43:03 2016 +0530
3005e0b,GitHub,Jorge Trujillo,Update README.md,Sat Sep 10 15:17:09 2016 -0500
d786ff8,GitHub,Jorge Trujillo,Update README.md,Sat Sep 10 15:17:00 2016 -0500
e78d857,GitHub,Jorge Trujillo,Update README.md,Sat Sep 10 15:10:04 2016 -0500
4acdb12,zo0r,zo0r,Update version README url,Sat Sep 10 15:09:35 2016 -0500
f8f9841,zo0r,zo0r,Update readme,Sat Sep 10 15:08:34 2016 -0500
d119370,zo0r,zo0r,Bump version and update iml,Sat Sep 10 15:07:09 2016 -0500
0ac6eab,Varun Gupta,Varun Gupta,merge latest changes from master and resolve merge conflicts,Sat Sep 10 15:10:50 2016 +0530
9fe8691,Varun Gupta,Varun Gupta,Undo the play-services=gcm upgrade changes. That should be done in the app gradle file instead,Fri Sep 9 10:37:23 2016 +0530
a408c06,GitHub,Jorge Trujillo,Merge pull request #187 from ianlin/sendBroadcast-intent,Thu Sep 8 14:05:55 2016 -0500
297f9ec,GitHub,Jorge Trujillo,Merge pull request #185 from jplethier/master,Thu Sep 8 14:05:23 2016 -0500
a669450,GitHub,Jorge Trujillo,Merge pull request #188 from joaoahmad/master,Thu Sep 8 14:05:05 2016 -0500
39b02df,GitHub,Jorge Trujillo,Merge pull request #191 from ggordan/gsm_version,Thu Sep 8 14:04:41 2016 -0500
a2229cf,Varun Gupta,Varun Gupta,Fixes for remote-fetch support,Fri Sep 9 00:32:22 2016 +0530
bb8e73c,Varun Gupta,Varun Gupta,Add support to perform remote fetch on receiving remote notifications in Android when contentAvailable property in the notification is set to true,Thu Sep 8 17:29:51 2016 +0530
c4818dc,GitHub,Jorge Trujillo,Merge pull request #193 from idris/patch-1,Wed Sep 7 15:18:49 2016 -0500
272a373,GitHub,Idris Mokhtarzada,Add Activity argument to onActivityResult,Wed Sep 7 15:57:14 2016 -0400
5fcbcfa,Gordan Grasarevic,Gordan Grasarevic,Don't pin down version,Tue Sep 6 17:49:26 2016 +0100
f02a609,GitHub,João Ahmad,merge fix,Sun Sep 4 12:00:35 2016 -0300
1f6e0dd,GitHub,João Ahmad,Added ongoing support,Sun Sep 4 11:57:45 2016 -0300
8879fc7,GitHub,João Ahmad,Added ongoing support,Sun Sep 4 11:53:12 2016 -0300
82ef1e2,ianlin,ianlin,sendBroadcast: make the intent of broadcast more unique by adding the package name,Sat Sep 3 15:28:59 2016 +0800
18d9889,GitHub,João Paulo Lethier,Removes @override onNewIntent,Thu Sep 1 13:03:09 2016 -0300
48c4a7c,Varun Gupta,Varun Gupta,Add API to clear notifications from notifications bar in Android,Thu Sep 1 12:51:30 2016 +0530
1d418db,Varun Gupta,Varun Gupta,Update the play-services version to 9.0.2 to fix java.lang.IncompatibleClassChangeError error,Thu Sep 1 07:31:45 2016 +0530
5d80131,Ian Grayson,Ian Grayson,[Android] Support setting badge count,Wed Aug 31 09:43:23 2016 -0700
0736a7a,GitHub,Jorge Trujillo,Fix _onRermissionsResult,Mon Aug 29 16:07:25 2016 -0500
94be08d,GitHub,Jorge Trujillo,Prevent iOS requestPermission called twice,Mon Aug 29 15:58:54 2016 -0500
d93a899,GitHub,Jorge Trujillo,Merge pull request #169 from npomfret/master,Mon Aug 29 15:52:48 2016 -0500
f832c84,npomfret,npomfret,clarified that alertTitle only works in apple watch,Sun Aug 21 10:22:17 2016 +0100
6551d85,npomfret,npomfret,added alert title for ios location notifications,Sat Aug 20 18:22:04 2016 +0100
710341d,Varun Gupta,Varun Gupta,Fix minor bug in handling notification actions,Thu Aug 11 17:39:06 2016 +0530
83c300d,Varun Gupta,Varun Gupta,Add support to restore notifications after reboot, cancel notifications, register notification actions, configure repetition in notifications,Thu Aug 11 00:37:16 2016 +0530
0b01967,GitHub,Jorge Trujillo,Merge pull request #159 from benthewhite/fix-vibration-default,Thu Aug 4 16:41:52 2016 -0500
6eb0729,Ben White,Ben White,Changed default vibration time to a more sensible 300ms.,Thu Jul 28 11:46:38 2016 +0100
60e04d0,GitHub,Jorge Trujillo,Update README.md,Tue Jul 26 17:49:02 2016 -0500
c4cb565,GitHub,Jorge Trujillo,Merge pull request #145 from mikach/patch-1,Tue Jul 26 11:42:22 2016 -0500
0920efe,GitHub,Jorge Trujillo,Update README.md,Tue Jul 26 11:41:51 2016 -0500
a0f7d44,GitHub,Jorge Trujillo,Update README.md,Tue Jul 26 11:41:10 2016 -0500
cb90787,zo0r,zo0r,Increment npm version,Tue Jul 26 10:56:36 2016 -0500
78408d0,zo0r,zo0r,Update iml,Tue Jul 26 10:56:23 2016 -0500
2ee0c69,GitHub,Jorge Trujillo,Merge pull request #152 from azendoo/enhance/new-intent,Tue Jul 26 10:35:47 2016 -0500
ee6de86,Jimmy Mayoukou,Jimmy Mayoukou,Use onNewIntent from ActivityEventListener,Tue Jul 26 09:12:51 2016 +0200
7f8da67,GitHub,Jorge Trujillo,Update README.md,Mon Jul 25 14:14:50 2016 -0500
ed866b0,GitHub,Jorge Trujillo,Merge pull request #154 from npomfret/master,Mon Jul 25 13:44:08 2016 -0500
3c610fc,GitHub,Jorge Trujillo,Merge pull request #153 from m3vaz/master,Mon Jul 25 13:43:58 2016 -0500
9ea06e9,GitHub,Jorge Trujillo,Update README.md,Mon Jul 25 13:43:40 2016 -0500
64211ec,GitHub,Jorge Trujillo,Update README.md,Mon Jul 25 13:43:25 2016 -0500
91c534a,GitHub,Jorge Trujillo,Update README.md,Mon Jul 25 13:43:12 2016 -0500
c7f0a70,GitHub,Jorge Trujillo,Update README.md,Mon Jul 25 13:38:19 2016 -0500
b10743a,npomfret,npomfret,bug fix - the 'number' and 'id' fields parsing could throw ClassCastExceptions when being parsed if the types passed were actually correct (numbers rather than strings).,Mon Jul 25 16:09:23 2016 +0100
bd62ce7,npomfret,npomfret,Merge remote-tracking branch 'upstream/master',Mon Jul 25 15:57:08 2016 +0100
5f3018f,GitHub,m3vaz,userInfo for scheduled iOS local notification,Mon Jul 25 10:29:28 2016 -0400
c7ab7cd,GitHub,Jorge Trujillo,Update README.md,Wed Jul 20 12:54:16 2016 -0500
ca84f04,npomfret,npomfret,just formatting - NO funcational change,Wed Jul 20 09:47:54 2016 +0100
535eab5,GitHub,Jorge Trujillo,Update README.md,Tue Jul 19 12:30:23 2016 -0500
0e0b060,GitHub,Jorge Trujillo,Update README.md,Tue Jul 19 12:29:44 2016 -0500
ce59022,zo0r,zo0r,Add userInteraction to detect when the user open or receive the push notification in background,Tue Jul 19 12:27:41 2016 -0500
81e6984,zo0r,zo0r,Add tabs align to RNPushNotificationHelper.java (try...catch),Tue Jul 19 11:40:49 2016 -0500
be0cbdb,zo0r,zo0r,Increment npm version,Tue Jul 19 11:36:16 2016 -0500
557418c,zo0r,zo0r,Update build.gradle,Tue Jul 19 11:35:50 2016 -0500
9f8104a,GitHub,Jorge Trujillo,Merge pull request #137 from kfiroo/master,Tue Jul 19 11:28:07 2016 -0500
f95ee58,GitHub,Jorge Trujillo,Merge pull request #133 from jevakallio/master,Tue Jul 19 11:26:24 2016 -0500
eb5237c,GitHub,Jorge Trujillo,Merge pull request #139 from npomfret/master,Tue Jul 19 11:18:20 2016 -0500
61c1afb,GitHub,Michael,Update README.md,Fri Jul 15 12:53:07 2016 +0300
06e74fe,npomfret,npomfret,Reverted accidental change,Tue Jul 12 20:47:39 2016 +0100
a4d00d3,npomfret,npomfret,iOS:,Tue Jul 12 20:14:28 2016 +0100
a592ecc,kfiroo,kfiroo,android - getInitialNotification - don't expose initialNotification in getConstants, instead be more like IOS and expose a method that returns a promise that is fulfilled with the initial notification or null,Tue Jul 12 17:37:56 2016 +0300
c9ae7aa,GitHub,Jorge Trujillo,Update README.md,Fri Jul 8 12:48:32 2016 -0500
00f8a29,GitHub,Jorge Trujillo,Update README.md,Fri Jul 8 12:44:54 2016 -0500
d819f53,GitHub,Jorge Trujillo,Update README.md,Fri Jul 8 12:42:57 2016 -0500
8c10590,GitHub,Jorge Trujillo,Update README.md,Fri Jul 8 12:40:24 2016 -0500
f1c8d40,GitHub,Jorge Trujillo,Update README.md,Fri Jul 8 12:39:38 2016 -0500
2ece3c6,GitHub,Jorge Trujillo,Update README.md,Fri Jul 8 12:38:50 2016 -0500
32df1d4,zo0r,zo0r,Add RN 0.29 support,Fri Jul 8 12:34:00 2016 -0500
56ec9ed,GitHub,Jorge Trujillo,Merge pull request #134 from usful/master,Fri Jul 8 10:10:58 2016 -0500
29d5b24,Clinton Robinson,Clinton Robinson,upgrading react native gradle require,Thu Jul 7 13:01:48 2016 -0600
bffd906,Clinton Robinson,Clinton Robinson,Upgrading to react-native 0.29,Thu Jul 7 12:49:31 2016 -0600
f83e284,GitHub,Jani Eväkallio,Defined suffix-less index.js,Thu Jul 7 15:46:22 2016 +0100
bd50e44,zo0r,zo0r,Bump npm version,Wed Jul 6 09:23:41 2016 -0500
5a7a08c,GitHub,Jorge Trujillo,Merge pull request #127 from levito/patch-1,Wed Jul 6 09:16:03 2016 -0500
efdfc12,GitHub,Veit Lehmann,Add missing this binding to popInitialNotification callback,Wed Jul 6 10:13:04 2016 +0200
4ad315f,zo0r,zo0r,Fix popInitialNotification in android,Fri Jun 24 09:13:11 2016 -0500
697c8be,zo0r,zo0r,Change ReactNative version to 0.16 (revert),Thu Jun 23 10:29:50 2016 -0500
40d6069,zo0r,zo0r,Forces to use ReactNative >= 0.28,Thu Jun 23 10:15:46 2016 -0500
2eafd19,zo0r,zo0r,Add 0.28 support,Thu Jun 23 10:09:58 2016 -0500
2dd2f41,GitHub,Jorge Trujillo,Update README.md,Thu Jun 23 10:00:56 2016 -0500
a528318,GitHub,Jorge Trujillo,Merge pull request #107 from GantMan/0.28_fix,Thu Jun 23 10:00:10 2016 -0500
82d168d,Gant,Gant,added 0.28 caveat,Thu Jun 23 09:56:37 2016 -0500
3decf67,Jorge Trujillo,Jorge Trujillo,Update README.md,Tue Jun 7 17:16:14 2016 -0500
f427238,Jorge Trujillo,Jorge Trujillo,Update README.md,Sat Jun 4 23:13:51 2016 -0500
6259e3f,zo0r,zo0r,Update readme,Sat Jun 4 23:09:31 2016 -0500
f9d3f57,zo0r,zo0r,Android local schedule notification date parity with iOS,Sat Jun 4 23:06:28 2016 -0500
e6e5950,zo0r,zo0r,Merge branch 'master' of github.com:zo0r/react-native-push-notification,Sat Jun 4 22:29:44 2016 -0500
e4dbdc6,zo0r,zo0r,Revert https://github.com/zo0r/react-native-push-notification/pull/57,Sat Jun 4 22:29:38 2016 -0500
19bf298,Jorge Trujillo,Jorge Trujillo,Update README.md,Sat Jun 4 19:38:43 2016 -0500
42fc82e,zo0r,zo0r,Add WAKE_LOCK permission to readme (back) https://developers.google.com/cloud-messaging/android/client#manifest,Sat Jun 4 19:28:19 2016 -0500
03bc2d5,Jorge Trujillo,Jorge Trujillo,Merge pull request #57 from ianlin/master,Sat Jun 4 19:22:27 2016 -0500
90a5257,zo0r,zo0r,Update readme,Sat Jun 4 19:18:13 2016 -0500
769917d,zo0r,zo0r,Version bump,Sat Jun 4 19:14:08 2016 -0500
8b83361,zo0r,zo0r,Fix readme typo,Sat Jun 4 19:13:09 2016 -0500
17d58b2,zo0r,zo0r,Fix onRegister and onNotification binds,Sat Jun 4 18:41:52 2016 -0500
8394088,zo0r,zo0r,Update iml,Sat Jun 4 18:35:56 2016 -0500
a040cb9,zo0r,zo0r,Add autoCancel, subText, number and color options support,Sat Jun 4 18:27:56 2016 -0500
b5fee41,zo0r,zo0r,Set gcm version to 7.8.0,Sat Jun 4 17:58:07 2016 -0500
2c8066c,Jorge Trujillo,Jorge Trujillo,Update README.md,Sat Jun 4 17:07:47 2016 -0500
131b38f,zo0r,zo0r,Unregister fix by https://github.com/zo0r/react-native-push-notification/pull/52/files,Sat Jun 4 17:03:42 2016 -0500
55238cc,zo0r,zo0r,Check if React instance was fully loaded before sending events,Sat Jun 4 16:58:29 2016 -0500
af02630,Jorge Trujillo,Jorge Trujillo,Merge pull request #67 from multunus/master,Sat Jun 4 16:52:04 2016 -0500
b9f00e3,Jorge Trujillo,Jorge Trujillo,Merge pull request #81 from holtat/master,Sat Jun 4 16:51:41 2016 -0500
9d51877,Andrew Holt,Andrew Holt,Fixes typo in documentation.,Fri May 27 14:33:37 2016 -0400
2c526ce,Andrew Holt,Andrew Holt,Adds param documentation.,Fri May 27 14:26:21 2016 -0400
b5da8d0,Andrew Holt,Andrew Holt,Fixes issue where local notifications were not triggering .onNotification in iOS as documentation suggested.,Thu May 26 13:01:13 2016 -0400
8b53f2d,Jorge Trujillo,Jorge Trujillo,Merge pull request #75 from GantMan/master,Tue May 17 16:34:00 2016 -0500
c85416f,Gant Laborde,Gant Laborde,enabled correct linking from rnpm,Tue May 17 16:29:54 2016 -0500
418f917,Jorge Trujillo,Jorge Trujillo,Merge pull request #71 from stereodenis/patch-1,Mon May 16 12:35:03 2016 -0500
785c6ac,Denis,Denis,Update index.ios.js,Mon May 16 20:33:57 2016 +0300
5ca5b82,Ian Yu-Hsun Lin,Ian Yu-Hsun Lin,update readme for VoIP wake up,Wed May 11 13:36:15 2016 +0800
2fa0fdc,Ian Yu-Hsun Lin,Ian Yu-Hsun Lin,restart React Native when app is destroyed via push notification,Wed May 11 13:36:15 2016 +0800
f66544f,Leena,Leena,Upgrade Play Services to 8.4,Wed May 11 10:47:49 2016 +0530
14b2f5d,Leena,Leena,Update the example to include bigText for Android,Wed May 11 10:42:44 2016 +0530
fea0ce6,Leena,Leena,Add bundle parameter for big expandable text,Wed May 11 10:39:20 2016 +0530
7b68925,Leena,Leena,Merge pull request #1 from peterlazar1993/patch-1,Tue May 10 12:42:31 2016 +0530
8f82390,Peter Lazar,Peter Lazar,add big text support,Tue May 10 12:40:37 2016 +0530
3150d95,Jorge Trujillo,Jorge Trujillo,Merge pull request #63 from cancan101/scheduled_clean,Mon May 9 11:38:14 2016 -0500
034570d,Jorge Trujillo,Jorge Trujillo,Merge pull request #64 from cancan101/patch-3,Mon May 9 11:35:54 2016 -0500
2024036,Alex Rothberg,Alex Rothberg,wire up cancelation,Sat May 7 20:43:56 2016 -0400
ab4d043,Alex Rothberg,Alex Rothberg,Remove duplicate cancelAllLocalNotifications,Sat May 7 20:25:04 2016 -0400
86dbf14,Alex Rothberg,Alex Rothberg,Initial work on scheduled notifications on Android,Sat May 7 18:11:56 2016 -0400
08d6f93,Jorge Trujillo,Jorge Trujillo,Merge pull request #61 from luggg/master,Fri May 6 23:05:01 2016 -0500
20d96d6,Pedro Belo,Pedro Belo,lower the build tools dependency to match react-native's,Fri May 6 19:01:16 2016 -0700
c6d0f27,Leena,Leena,Downgraded to play services 8.3.0,Fri May 6 16:01:40 2016 +0530
96ab339,zo0r,zo0r,Bump version,Wed Apr 27 10:57:53 2016 -0500
77115ee,zo0r,zo0r,Update Google Play Services to 8.4.0,Wed Apr 27 10:54:40 2016 -0500
8e2e3f0,Jorge Trujillo,Jorge Trujillo,Merge pull request #54 from ianlin/master,Wed Apr 27 10:53:00 2016 -0500
9ea506f,Ian Yu-Hsun Lin,Ian Yu-Hsun Lin,Do not call `cancelAll()` when the message is blank, return only,Wed Apr 27 17:41:16 2016 +0800
752b96f,zo0r,zo0r,Fix Android unhandled exception when no data is present,Sat Apr 23 22:32:50 2016 -0500
42682e8,zo0r,zo0r,Remove WAKE_LOCK permission from readme,Sat Apr 23 19:15:48 2016 -0500
bdd63fa,zo0r,zo0r,Make it compatible with Parse push by @frantic https://github.com/zo0r/react-native-push-notification/pull/22,Sat Apr 23 19:08:20 2016 -0500
0b4a637,zo0r,zo0r,Use application label as default title by @frantic,Sat Apr 23 19:04:48 2016 -0500
c17273d,zo0r,zo0r,Add badge, alrt, sound properties to iOS (PR from JakeRawr),Sat Apr 23 18:48:29 2016 -0500
e1059b2,zo0r,zo0r,Update readme,Sat Apr 23 18:38:08 2016 -0500
add4256,zo0r,zo0r,Add and parse Android data,Sat Apr 23 18:16:46 2016 -0500
b06357a,zo0r,zo0r,Update readme,Sat Apr 23 17:26:27 2016 -0500
dfded5d,zo0r,zo0r,Update package.json, Rename android package to 'android',Sat Apr 23 17:25:21 2016 -0500
43221a9,Jorge Trujillo,Jorge Trujillo,Merge pull request #19 from anativ/master,Sat Apr 23 16:06:20 2016 -0500
5b80fe4,zo0r,zo0r,Version bump, 1.0.3 published to npm,Thu Mar 17 14:36:11 2016 -0600
8269be2,Jorge Trujillo,Jorge Trujillo,Merge pull request #25 from joshblour/android_background_notifications,Thu Mar 17 14:34:09 2016 -0600
38b87af,Jorge Trujillo,Jorge Trujillo,Update README.md,Thu Mar 17 14:30:02 2016 -0600
cc8d3f3,Jorge Trujillo,Jorge Trujillo,Merge pull request #29 from taskrabbit/initial-pop,Thu Mar 17 14:27:44 2016 -0600
dedfcdb,Jean-Richard Lai,Jean-Richard Lai,Add option to popInitialNotification,Thu Mar 17 12:57:28 2016 -0700
c7c3b9c,Yonah Forst,Yonah Forst,Don't show notification if notification in the drawer if the message is blank. The notification is likely a background fetch,Wed Mar 9 17:21:13 2016 +0100
b7f407f,Yonah Forst,Yonah Forst,trigger JS callback even when in app is in background (Android),Wed Mar 9 16:45:40 2016 +0100
fd08497,Jorge Trujillo,Jorge Trujillo,Merge pull request #21 from ChangJoo-Park/patch-1,Sun Mar 6 13:01:08 2016 -0600
ae21188,Chang Joo Park,Chang Joo Park,Missing ',',Sun Mar 6 19:59:11 2016 +0100
690ad3e,anativ,anativ,bug fix doens't extract the payload data on android,Mon Feb 29 15:20:13 2016 +0200
b6d38af,Jorge Trujillo,Jorge Trujillo,Update README.md,Fri Feb 26 14:45:34 2016 -0600
d48d62d,Jorge Trujillo,Jorge Trujillo,Merge pull request #18 from rskull/master,Fri Feb 26 14:44:05 2016 -0600
6f0f423,rskull,rskull,Update README.md,Thu Feb 25 18:50:11 2016 +0900
b0b2adf,Jorge Trujillo,Jorge Trujillo,Merge pull request #2 from m-hosoi/master,Sat Dec 26 12:55:17 2015 -0600
632f488,hosoi,hosoi,fix: crash when used in conjunction with the app indexing (If you call the "onNewIntent" in "Activity.onCreate") https://developers.google.com/app-indexing/android/app?hl=en,Fri Dec 25 12:50:30 2015 +0900
cfc7a62,zo0r,zo0r,Version bump,Mon Dec 21 10:39:18 2015 -0600
f310207,Jorge Trujillo,Jorge Trujillo,Merge pull request #1 from m-hosoi/master,Mon Dec 21 10:29:04 2015 -0600
1aa5c96,hosoi,hosoi,support custom package,Mon Dec 21 13:31:46 2015 +0900
e0ff39c,zo0r,zo0r,Increment version,Tue Dec 15 09:17:49 2015 -0600
f392b33,Jorge Trujillo,Jorge Trujillo,Missing documentation,Tue Dec 15 09:15:51 2015 -0600
4dd69cc,Jorge Trujillo,Jorge Trujillo,Update README.md,Mon Dec 14 15:03:48 2015 -0600
63f4a32,Jorge Trujillo,Jorge Trujillo,Update README.md,Mon Dec 14 14:22:14 2015 -0600
5a60bab,Jorge Trujillo,Jorge Trujillo,Update README.md,Mon Dec 14 14:09:02 2015 -0600
e781574,zo0r,zo0r,Repo update,Mon Dec 14 14:05:59 2015 -0600
db19b89,zo0r,zo0r,Repo update,Mon Dec 14 14:04:15 2015 -0600
b826276,zo0r,zo0r,Initial commit,Mon Dec 14 13:56:33 2015 -0600