4c97a03,GitHub,AMIT SHEKHAR,Add reified blog,Sat May 23 09:03:58 2020 +0530
6486c21,GitHub,AMIT SHEKHAR,Merge pull request #59 from CreamyCookie/patch-1,Wed May 6 22:16:30 2020 +0530
ff2ade9,GitHub,CreamyCookie,PT,Wed May 6 18:43:11 2020 +0200
a553617,GitHub,CreamyCookie,ZH,Wed May 6 18:42:43 2020 +0200
b280813,GitHub,CreamyCookie,ES,Wed May 6 18:40:49 2020 +0200
85a781a,GitHub,AMIT SHEKHAR,Merge pull request #58 from hi-manshu/patch-1,Wed May 6 18:27:45 2020 +0530
5435a79,GitHub,Himanshu Singh,Update Readme.md,Wed May 6 18:26:56 2020 +0530
7361eaf,GitHub,AMIT SHEKHAR,Merge pull request #57 from debrutal/switching-java-and-kotlin-statement-println,Wed May 6 18:23:46 2020 +0530
782d647,GitHub,debrutal,fixing boundaries,Wed May 6 11:21:18 2020 +0200
904ac46,Dennis Winter,Dennis Winter,switching java and kotlin statements - fixing minor typo,Wed May 6 10:56:45 2020 +0200
4655dbd,GitHub,AMIT SHEKHAR,Merge pull request #56 from YakushevVladimir/patch-1,Thu Apr 9 21:59:17 2020 +0530
5b202b9,GitHub,Vladimir Yakushev,Code style for Substring & Ternary Operations,Thu Apr 9 18:41:14 2020 +0300
ffaa9a1,GitHub,AMIT SHEKHAR,Update README.md,Wed Apr 8 10:14:17 2020 +0530
9a4d3d2,GitHub,AMIT SHEKHAR,Update README.md,Mon Apr 6 10:17:34 2020 +0530
7f3f7de,GitHub,AMIT SHEKHAR,Add Scoped Functions Tutorial,Mon Mar 16 14:31:57 2020 +0530
793d706,GitHub,AMIT SHEKHAR,Merge pull request #55 from romellfudi/ES,Sun Feb 16 13:38:40 2020 +0530
e67f030,RomellFudi,RomellFudi,add all changing files,Fri Feb 14 18:22:58 2020 -0500
83d59f2,RomellFudi,RomellFudi,linespaces into references,Fri Feb 14 18:20:41 2020 -0500
82c5cc0,RomellFudi,RomellFudi,language references,Fri Feb 14 18:18:57 2020 -0500
dd5d7a5,RomellFudi,RomellFudi,Update README-ES.md,Fri Feb 14 17:38:43 2020 -0500
47dfcfe,GitHub,AMIT SHEKHAR,Merge pull request #54 from neerajjaiswal/master,Sat Feb 8 10:22:07 2020 +0530
0c4588b,Neeraj Jaiswal,Neeraj Jaiswal,added substring,Fri Feb 7 23:12:21 2020 +0530
3824c82,Neeraj Jaiswal,Neeraj Jaiswal,Update README.md,Fri Feb 7 23:08:37 2020 +0530
3796520,GitHub,AMIT SHEKHAR,Merge pull request #52 from warhero/warhero-patch-1,Tue Aug 27 16:47:16 2019 +0530
745b9d0,GitHub,warhero,Added Initialization block,Fri Aug 23 13:29:58 2019 +0530
fd4932c,GitHub,AMIT SHEKHAR,Add Mastering Kotlin Coroutines In Android Blog,Mon May 13 09:48:51 2019 +0530
606e972,GitHub,AMIT SHEKHAR,Add Kotlin inline, noinline & crossinline,Thu Apr 11 15:54:40 2019 +0530
b2cdc88,GitHub,AMIT SHEKHAR,Add Higher-Order Functions and Lambdas,Wed Mar 20 13:56:46 2019 +0530
cbb82b0,GitHub,AMIT SHEKHAR,Merge pull request #50 from meness/patch-1,Thu Feb 28 13:05:09 2019 +0530
afcccb1,GitHub,Alireza Eskandarpour,Update README.md,Tue Feb 26 19:37:54 2019 +0330
973687a,GitHub,AMIT SHEKHAR,Merge pull request #44 from Pavneet-Sing/patch-1,Fri Oct 5 10:05:38 2018 +0530
a1639c2,GitHub,AMIT SHEKHAR,Merge pull request #49 from Karthik2007/issue/title-change-logical-operators,Wed Oct 3 23:33:42 2018 +0530
246e567,karthikeyan.a@xome.com,karthikeyan.a@xome.com,Wrong title name - Logical Operators is changed to Bitwise Operators,Wed Oct 3 22:32:53 2018 +0530
e25e408,GitHub,AMIT SHEKHAR,Merge pull request #47 from JessYanCoding/PR,Wed Sep 26 16:23:52 2018 +0530
77012f1,GitHub,JessYan,Update README.md,Wed Sep 26 18:23:21 2018 +0800
7b7abbb,GitHub,JessYan,Update README-ZH.md,Wed Sep 26 18:22:30 2018 +0800
bd3fa7e,GitHub,JessYan,Update README-PT.md,Wed Sep 26 18:21:31 2018 +0800
0925575,GitHub,AMIT SHEKHAR,Update README.md,Mon Aug 13 16:03:38 2018 +0530
6a3e081,GitHub,AMIT SHEKHAR,Update README-ZH.md,Sun Aug 12 20:32:00 2018 +0530
0644564,GitHub,AMIT SHEKHAR,Update README-PT.md,Sun Aug 12 20:31:44 2018 +0530
88e06cd,GitHub,AMIT SHEKHAR,Update /blog to blog[dot],Sun Aug 12 20:30:52 2018 +0530
bfc5139,GitHub,AMIT SHEKHAR,Merge pull request #45 from janishar/master,Wed May 23 07:49:23 2018 +0530
8a831d6,Ali,Ali,Add list sort and anonymous class example,Tue May 22 23:57:21 2018 +0530
f313d96,GitHub,Pavneet Singh,Reflective Examples modified/added,Tue May 22 02:46:37 2018 +0530
08c91af,GitHub,AMIT SHEKHAR,Merge pull request #43 from PoojaB26/master,Thu Apr 26 15:04:46 2018 +0530
d9a8f69,GitHub,Pooja Bhaumik,Added headings to every type of comparison,Wed Apr 25 04:29:54 2018 +0530
cca0620,GitHub,AMIT SHEKHAR,Merge pull request #42 from BolexLiu/patch-1,Tue Mar 13 13:15:52 2018 +0530
51481b1,GitHub,香脆的大鸡排,Update README-ZH.md,Tue Mar 13 15:34:55 2018 +0800
8b28d60,GitHub,AMIT SHEKHAR,Merge pull request #40 from Bloody-Badboy/patch-1,Thu Feb 15 16:25:07 2018 +0530
ea2985e,GitHub,AMIT SHEKHAR,Merge pull request #39 from Bloody-Badboy/patch-3,Thu Feb 15 16:24:54 2018 +0530
035b003,GitHub,AMIT SHEKHAR,Merge pull request #41 from Bloody-Badboy/patch-2,Thu Feb 15 16:24:46 2018 +0530
70a35e0,GitHub,Arpan ßløødy ßadßøy,Update README.md,Thu Feb 15 14:32:44 2018 +0530
aee0fd9,GitHub,Arpan ßløødy ßadßøy,Update README-ZH.md,Thu Feb 15 14:32:23 2018 +0530
2cedaf8,GitHub,Arpan ßløødy ßadßøy,Update README-PT.md,Thu Feb 15 14:31:51 2018 +0530
c532044,GitHub,AMIT SHEKHAR,Merge pull request #38 from Bloody-Badboy/patch-1,Wed Feb 7 17:34:01 2018 +0530
1e1a1f5,GitHub,Arpan ßløødy ßadßøy,Update README.md,Tue Feb 6 15:00:05 2018 +0530
1afe1ec,GitHub,AMIT SHEKHAR,Merge pull request #37 from rosariopfernandes/portugueseTranslation,Tue Dec 12 09:42:54 2017 +0530
a81b45d,Rosário Pereira Fernandes,Rosário Pereira Fernandes,Added Portuguese Translation Created a portuguese copy of the project for portuguese-speaking programmers to get the best of it. Made a copy the README-ZH.md file, renamed to README-PT.md and manually translated every chinese title.,Mon Dec 11 23:46:02 2017 +0200
e94226c,GitHub,AMIT SHEKHAR,Merge pull request #34 from faheel/master,Sun Oct 29 08:47:31 2017 +0530
283c849,GitHub,AMIT SHEKHAR,Merge pull request #36 from Legosteen11/master,Mon Oct 16 08:46:27 2017 +0530
a631724,GitHub,Wouter Doeland,Added function with auto return-type,Sun Oct 15 16:52:13 2017 +0100
a967a8b,GitHub,Wouter Doeland,Merge pull request #1 from MindorksOpenSource/master,Sun Oct 15 16:45:58 2017 +0100
39ac54c,GitHub,AMIT SHEKHAR,Merge pull request #35 from bramhaag/patch-1,Sat Oct 7 13:53:25 2017 +0530
1269201,GitHub,Bram Hagens,Fixed capital,Fri Oct 6 19:02:21 2017 +0200
2cb6103,Faheel Ahmad,Faheel Ahmad,Fix grammar,Sat Aug 5 16:11:14 2017 +0530
7e3c3a0,GitHub,AMIT SHEKHAR,Update README-ZH.md,Wed Jul 5 08:47:07 2017 +0530
b121f30,GitHub,AMIT SHEKHAR,Merge pull request #33 from IceMimosa/master,Fri Jun 30 08:08:53 2017 +0530
9dea5c0,IceMimosa,IceMimosa,add some new features,Thu Jun 29 13:10:49 2017 +0800
6da0b2d,GitHub,AMIT SHEKHAR,Merge pull request #32 from DemoJameson/patch-1,Sun Jun 25 07:23:59 2017 +0530
9a15cf8,GitHub,DemoJameson,fix the link,Sat Jun 24 22:10:11 2017 +0800
ac89e8b,GitHub,AMIT SHEKHAR,Update README.md,Fri Jun 16 10:28:30 2017 -0700
a0e220c,GitHub,AMIT SHEKHAR,Create README.md,Tue Jun 13 08:52:38 2017 -0700
6db8875,GitHub,AMIT SHEKHAR,Merge pull request #30 from S2606/patch-1,Mon Jun 12 14:58:57 2017 -0700
5d46001,GitHub,Shagun Khemka,Added usage of lateinit to README.md,Mon Jun 12 16:11:45 2017 +0530
4a7848d,GitHub,AMIT SHEKHAR,Update README.md,Sun Jun 11 04:24:54 2017 -0500
a007dfd,GitHub,AMIT SHEKHAR,Merge pull request #29 from mengxn/master,Fri Jun 9 11:35:30 2017 -0500
8b447ec,mengxn,mengxn,bits operations,Fri Jun 9 09:40:31 2017 +0800
dfac073,mengxn,mengxn,update null check,Fri Jun 9 09:15:59 2017 +0800
37b4607,GitHub,AMIT SHEKHAR,Create README.md,Thu Jun 8 08:50:52 2017 -0500
1c16e21,GitHub,AMIT SHEKHAR,Update README-ZH.md,Sun Jun 4 10:35:09 2017 -0400
b525780,GitHub,AMIT SHEKHAR,Update README.md,Sat Jun 3 06:49:52 2017 -0400
49f8ab1,GitHub,AMIT SHEKHAR,Merge pull request #21 from TheMaxCoder/master,Fri Jun 2 05:19:33 2017 -0400
5b0a136,GitHub,AMIT SHEKHAR,Merge pull request #26 from mandrizzle/patch-1,Thu Jun 1 06:13:26 2017 -0500
52b077d,GitHub,Mandeep Singh,Show usage of the Elvis operator,Wed May 31 18:46:55 2017 -0700
5d316e3,GitHub,AMIT SHEKHAR,Merge pull request #25 from BolexLiu/master,Tue May 30 22:08:01 2017 +0530
cb1be74,GitHub,bolex,Update README-ZH.md,Tue May 30 19:15:58 2017 +0800
2a0775f,GitHub,bolex,Update README-ZH.md,Tue May 30 19:14:10 2017 +0800
cab02da,GitHub,AMIT SHEKHAR,Update README-ZH.md,Tue May 30 08:01:36 2017 +0530
92a749c,GitHub,AMIT SHEKHAR,Update README.md,Mon May 29 21:16:29 2017 +0530
cc627d7,GitHub,AMIT SHEKHAR,Update README.md,Mon May 29 21:14:31 2017 +0530
5b23fb4,GitHub,AMIT SHEKHAR,Merge pull request #23 from UmanShahzad/tiny_fixes,Mon May 29 08:48:22 2017 +0530
332d3e2,Uman Shahzad,Uman Shahzad,Consistent brace style and match ZH & EN examples.,Sun May 28 01:07:43 2017 -0400
6914b32,GitHub,AMIT SHEKHAR,Merge pull request #22 from tarek360/patch-1,Sun May 28 08:13:35 2017 +0530
c6848dc,GitHub,Ahmed Tarek,vararg sample,Sat May 27 20:01:19 2017 +0200
8e7c839,GitHub,Max,Added Clone (Java) and Copy(Kotlin) comparison,Sat May 27 13:08:05 2017 +0500
957c542,GitHub,AMIT SHEKHAR,Merge pull request #20 from EtherTyper/patch-2,Sat May 27 08:11:44 2017 +0530
2ae1a16,GitHub,ELI JOSEPH BRADLEY,Add missing divider.,Fri May 26 21:40:44 2017 -0500
8881344,GitHub,AMIT SHEKHAR,Merge pull request #16 from michaelbull/master,Thu May 25 21:55:56 2017 +0530
712ddc9,GitHub,Michael Bull,Fix typo in iteration examples,Thu May 25 16:58:11 2017 +0100
0571a0d,GitHub,AMIT SHEKHAR,Merge pull request #14 from camdenorrb/master,Thu May 25 08:19:06 2017 +0530
475717d,GitHub,AMIT SHEKHAR,Merge pull request #13 from andremion/patch-1,Thu May 25 08:17:24 2017 +0530
8f8a489,GitHub,AMIT SHEKHAR,Merge pull request #12 from EtherTyper/patch-1,Thu May 25 08:16:22 2017 +0530
9cab7f2,GitHub,Mr.Midnight,Fixed a incorrect comparison.,Wed May 24 17:01:20 2017 -0500
a0174fb,GitHub,André Mion,Add until and downTo sample into for section,Wed May 24 22:04:03 2017 +0100
6cd15ad,GitHub,ELI JOSEPH BRADLEY,Use the Java 9 collection factory methods.,Wed May 24 15:26:12 2017 -0500
c7200f5,GitHub,AMIT SHEKHAR,Update README-ZH.md,Wed May 24 18:07:40 2017 +0530
c8efd14,GitHub,AMIT SHEKHAR,Merge pull request #11 from rustamgaifullin/master,Wed May 24 18:06:39 2017 +0530
aea474a,GitHub,Rustam Gaifullin,change null check,Wed May 24 13:56:47 2017 +0200
34c3bd6,GitHub,AMIT SHEKHAR,Merge pull request #10 from Ahmed9914/patch-2,Wed May 24 16:31:09 2017 +0530
3aaf6bf,GitHub,Ahmed Abdelaal,Update README.md,Wed May 24 13:48:45 2017 +0300
6d2844d,GitHub,AMIT SHEKHAR,Merge pull request #7 from DwordPtr/master,Tue May 23 22:21:53 2017 +0530
1048659,btidwell,btidwell,remove constant initialization to null,Tue May 23 10:31:42 2017 -0500
10b2f7b,GitHub,AMIT SHEKHAR,Merge pull request #6 from petromir/master,Tue May 23 13:26:28 2017 +0530
64d5fa0,GitHub,Petromir Dzhunev,Update example for collections forEach method (2),Tue May 23 10:07:23 2017 +0300
f1fc269,GitHub,AMIT SHEKHAR,Update README.md,Mon May 22 22:54:11 2017 +0530
03053a3,GitHub,AMIT SHEKHAR,Merge pull request #4 from Legosteen11/master,Mon May 22 20:20:09 2017 +0530
ee59b58,GitHub,AMIT SHEKHAR,Update README.md,Mon May 22 20:19:38 2017 +0530
c6b8911,GitHub,AMIT SHEKHAR,Merge pull request #3 from BolexLiu/master,Mon May 22 20:18:25 2017 +0530
c8923f5,GitHub,Wouter Doeland,Fixed styling again,Mon May 22 16:47:52 2017 +0200
89fe57b,GitHub,Wouter Doeland,Fixed type & styling,Mon May 22 16:46:48 2017 +0200
d1d7fe7,GitHub,bolex,Rename REDME-ZH.md to README-ZH.md,Mon May 22 22:45:46 2017 +0800
f4bcd36,GitHub,bolex,Update README.md,Mon May 22 22:45:02 2017 +0800
600b89e,GitHub,Wouter Doeland,Added Single-Expression function,Mon May 22 16:44:36 2017 +0200
da3d6d1,GitHub,bolex,Add Chinese support,Mon May 22 22:43:12 2017 +0800
2ef7ff1,GitHub,Petromir Dzhunev,Update example for collections forEach method,Mon May 22 15:16:22 2017 +0300
19514a3,GitHub,AMIT SHEKHAR,Update README.md,Mon May 22 12:41:47 2017 +0530
994e1d9,GitHub,AMIT SHEKHAR,Update README.md,Mon May 22 12:39:24 2017 +0530
1fe9cfe,GitHub,AMIT SHEKHAR,Update README.md,Mon May 22 12:19:59 2017 +0530
2c56fe1,GitHub,AMIT SHEKHAR,Create Developer.kt,Mon May 22 10:41:21 2017 +0530
f38eaa3,GitHub,AMIT SHEKHAR,Add Developer Class for Java,Mon May 22 10:39:58 2017 +0530
d7ed6e2,AMIT SHEKHAR,AMIT SHEKHAR,Merge branch 'master' of https://github.com/MindorksOpenSource/from-java-to-kotlin,Mon May 22 10:03:40 2017 +0530
24ee941,AMIT SHEKHAR,AMIT SHEKHAR,Update README.md,Mon May 22 10:02:36 2017 +0530
c145cb1,GitHub,AMIT SHEKHAR,Merge pull request #1 from Tandrial/Tandrial-patch-1,Mon May 22 07:32:44 2017 +0530
9383ec1,GitHub,MKrane,Filter-ForEach Example,Sun May 21 21:15:52 2017 +0200
7a07a21,AMIT SHEKHAR,AMIT SHEKHAR,Update README.md,Sun May 21 18:03:02 2017 +0530
c676469,AMIT SHEKHAR,AMIT SHEKHAR,Update README.md,Sun May 21 17:53:00 2017 +0530
47f8e5b,AMIT SHEKHAR,AMIT SHEKHAR,Update README.md,Sun May 21 17:50:27 2017 +0530
0f67948,AMIT SHEKHAR,AMIT SHEKHAR,Add void fun,Sun May 21 17:47:49 2017 +0530
effb48b,AMIT SHEKHAR,AMIT SHEKHAR,Add KotlinExample,Sun May 21 17:34:14 2017 +0530
10a7699,AMIT SHEKHAR,AMIT SHEKHAR,Create Project,Sun May 21 17:27:39 2017 +0530