e22a716,GitHub,AMIT SHEKHAR,Update README.md,Thu Sep 3 12:48:27 2020 +0530
5534d4c,GitHub,AMIT SHEKHAR,Add ViewModel Internals,Fri Jul 10 11:51:16 2020 +0530
ce9a22c,GitHub,AMIT SHEKHAR,Add Touch Control and Events,Sun May 31 09:59:24 2020 +0530
d8d4271,GitHub,Sumit Mishra,Merge pull request #88 from jayesh83/master,Tue May 26 20:42:55 2020 +0530
cccbc6d,GitHub,Jayesh,Update README.md,Tue May 26 19:56:41 2020 +0530
1e64ced,GitHub,Jayesh,Update README.md,Sun May 24 21:26:24 2020 +0530
12252bc,GitHub,Jayesh,Update README.md,Sun May 24 21:18:11 2020 +0530
3ce244e,GitHub,AMIT SHEKHAR,Update README.md,Sun May 24 12:30:25 2020 +0530
ffbebb0,GitHub,Jayesh,Update README.md,Sat May 23 23:10:04 2020 +0530
b257458,GitHub,Jayesh,Update README.md,Sat May 23 21:59:21 2020 +0530
4818727,GitHub,Jayesh,Update README.md,Sat May 23 11:19:31 2020 +0530
e763b55,GitHub,Jayesh,Update README.md,Sat May 23 10:32:55 2020 +0530
6102a30,GitHub,Jayesh,Merge pull request #1 from jayesh83/jayesh83-patch-1,Sat May 23 00:55:49 2020 +0530
3e861f9,GitHub,Jayesh,Update difference between a constructor and a method,Sat May 23 00:10:17 2020 +0530
390db70,GitHub,AMIT SHEKHAR,Update README.md,Wed May 20 10:01:51 2020 +0530
90955ee,GitHub,AMIT SHEKHAR,Update README.md,Sat May 2 11:39:23 2020 +0530
a1427e8,GitHub,AMIT SHEKHAR,Update README.md,Wed Apr 29 13:53:20 2020 +0530
d4a19fa,GitHub,AMIT SHEKHAR,Update README.md,Tue Apr 28 19:21:31 2020 +0530
7a8ed8e,GitHub,AMIT SHEKHAR,Update README.md,Mon Apr 27 11:32:31 2020 +0530
2bc3c6b,GitHub,AMIT SHEKHAR,Update README.md,Mon Apr 27 09:04:34 2020 +0530
db39d94,GitHub,AMIT SHEKHAR,Update README.md,Sat Apr 18 12:27:58 2020 +0530
416a79b,GitHub,AMIT SHEKHAR,Update README.md,Wed Apr 15 16:38:03 2020 +0530
ee82832,GitHub,AMIT SHEKHAR,Update README.md,Tue Apr 14 10:08:57 2020 +0530
fb41e0d,GitHub,AMIT SHEKHAR,Update README.md,Sat Apr 11 12:00:59 2020 +0530
5b31b1e,mishra3452,mishra3452,Rearrange, Add Kotlin questions and answers,Thu Apr 9 01:09:59 2020 +0530
63beab2,GitHub,AMIT SHEKHAR,Update README.md,Mon Apr 6 10:18:54 2020 +0530
0bd73bb,GitHub,AMIT SHEKHAR,Update README.md,Wed Apr 1 12:35:35 2020 +0530
694d2ee,GitHub,AMIT SHEKHAR,Update README.md,Thu Mar 26 19:15:01 2020 +0530
c08c6d4,GitHub,AMIT SHEKHAR,Update README.md,Fri Feb 28 18:02:43 2020 +0530
fe230d6,GitHub,AMIT SHEKHAR,Update README.md,Mon Jan 6 13:57:28 2020 +0530
d78a574,GitHub,AMIT SHEKHAR,Add Data Structures for Android,Tue Dec 24 21:49:12 2019 +0530
e61d998,GitHub,AMIT SHEKHAR,Add design patterns link,Fri Dec 20 16:26:37 2019 +0530
9ee1ba0,GitHub,AMIT SHEKHAR,Update README.md,Wed Dec 4 15:53:40 2019 +0530
2b721e3,GitHub,AMIT SHEKHAR,Update README.md,Thu Oct 31 21:00:35 2019 +0530
fe49523,GitHub,AMIT SHEKHAR,Merge pull request #76 from mrafz/patch-1,Wed Oct 30 11:12:57 2019 +0530
d2b95b3,GitHub,AMIT SHEKHAR,Update README.md,Wed Oct 16 10:36:52 2019 +0530
b26e828,GitHub,AMIT SHEKHAR,Update README.md,Fri Oct 11 15:38:52 2019 +0530
f718efe,GitHub,AMIT SHEKHAR,Update README.md,Thu Oct 3 13:35:26 2019 +0530
c4581b6,GitHub,AMIT SHEKHAR,Merge pull request #83 from VivekKumarSingh07/master,Thu Oct 3 12:01:44 2019 +0530
4427f0f,GitHub,Vivek Kumar Singh,Added Dialogs and Toast links in Readme,Tue Oct 1 22:13:14 2019 +0530
3737664,GitHub,AMIT SHEKHAR,Merge pull request #81 from dcampogiani/patch-1,Tue Oct 1 18:21:39 2019 +0530
11c52b8,GitHub,AMIT SHEKHAR,Merge pull request #82 from VivekKumarSingh07/master,Tue Oct 1 18:21:22 2019 +0530
739e95c,GitHub,Vivek Kumar Singh,Unit Test Link Updated,Tue Oct 1 17:11:11 2019 +0530
4358e1a,GitHub,Daniele Campogiani,Fix Deprecated typo,Tue Oct 1 10:56:52 2019 +0200
d111f9d,GitHub,Rafi,corrected quick sort space complexity,Sun Aug 18 19:08:26 2019 -0700
e270498,GitHub,AMIT SHEKHAR,Merge pull request #75 from jankit311/patch-1,Tue Jul 16 23:45:41 2019 +0530
4a3ada1,GitHub,Ankit Jain,Two answer links added,Mon Jul 1 14:04:30 2019 +0530
8f22068,GitHub,AMIT SHEKHAR,Add NDK video,Tue Jun 25 13:46:34 2019 +0530
4b3f1f6,GitHub,AMIT SHEKHAR,Update README.md,Sat May 25 21:18:53 2019 +0530
4398c5e,GitHub,AMIT SHEKHAR,Add annotation video,Sun May 19 18:10:59 2019 +0530
cc50e3e,GitHub,AMIT SHEKHAR,Update README.md,Mon May 13 09:51:24 2019 +0530
77959c5,GitHub,AMIT SHEKHAR,Merge pull request #73 from EhsanMashhadi/master,Mon May 13 09:49:40 2019 +0530
722b324,GitHub,Ehsan Mashhadi,Merge branch 'master' into master,Sun May 12 00:38:23 2019 +0430
b671287,GitHub,AMIT SHEKHAR,Merge pull request #74 from taruncse/master,Sat May 4 09:09:55 2019 +0530
a48b5aa,GitHub,Tarun Kumar,Update README.md,Sat May 4 01:01:14 2019 +0600
6edaec9,GitHub,Tarun Kumar,Update README.md,Fri May 3 22:53:23 2019 +0600
c0c67ab,GitHub,Tarun Kumar,Update README.md,Fri May 3 20:56:30 2019 +0600
6a212b8,GitHub,Tarun Kumar,Update README.md,Fri May 3 01:56:28 2019 +0600
9152e2d,GitHub,Tarun Kumar,Update README.md,Fri May 3 01:10:47 2019 +0600
6e3d6fe,GitHub,Tarun Kumar,Update README.md,Thu May 2 23:13:14 2019 +0600
0839733,GitHub,Tarun Kumar,Update README.md,Thu May 2 22:50:58 2019 +0600
0cdb689,GitHub,Tarun Kumar,Update README.md,Thu May 2 22:45:54 2019 +0600
8169084,GitHub,Tarun Kumar,Update README.md,Wed May 1 23:16:04 2019 +0600
12f1c07,GitHub,Tarun Kumar,Update README.md,Wed May 1 00:59:19 2019 +0600
4c13250,GitHub,Ehsan Mashhadi,Answer some questions,Tue Apr 30 15:26:33 2019 +0430
9efae2b,GitHub,AMIT SHEKHAR,Update README.md,Fri Apr 5 17:12:01 2019 +0530
c08f7b0,GitHub,AMIT SHEKHAR,Add link,Fri Apr 5 17:11:33 2019 +0530
4d49cd8,GitHub,AMIT SHEKHAR,Add files via upload,Fri Apr 5 17:06:16 2019 +0530
ba823f4,GitHub,AMIT SHEKHAR,Merge pull request #72 from anandwana001/patch-3,Wed Feb 13 16:25:16 2019 +0530
92f130f,GitHub,Akshay Nandwana,added sqlite reference,Wed Feb 13 15:41:13 2019 +0530
657e614,GitHub,AMIT SHEKHAR,Merge pull request #71 from anandwana001/patch-2,Tue Feb 12 08:01:45 2019 +0530
964608c,GitHub,AMIT SHEKHAR,Merge pull request #70 from anandwana001/patch-1,Tue Feb 12 08:01:04 2019 +0530
c05ca36,GitHub,Akshay Nandwana,add bold style to question,Tue Feb 12 06:27:57 2019 +0530
98d584f,GitHub,Akshay Nandwana,added chrome custom tabs,Tue Feb 12 06:02:49 2019 +0530
1f3a4b1,GitHub,AMIT SHEKHAR,Update README.md,Fri Jan 11 12:39:37 2019 +0530
5458d01,GitHub,AMIT SHEKHAR,Add Android Jetpack,Sun Jan 6 09:57:07 2019 +0530
9599bcb,GitHub,AMIT SHEKHAR,Merge pull request #69 from anandwana001/master,Fri Jan 4 13:14:50 2019 +0530
b957126,GitHub,Akshay Nandwana,Add MindOrks Chapters Link,Fri Jan 4 11:45:37 2019 +0530
f39ab24,GitHub,AMIT SHEKHAR,Add proguard blog,Thu Jan 3 15:44:45 2019 +0530
8fcadd0,GitHub,AMIT SHEKHAR,Create Success.kt,Mon Dec 31 11:09:04 2018 +0530
7bea538,GitHub,AMIT SHEKHAR,Merge pull request #68 from MindorksOpenSource/revert-55-master,Mon Dec 31 10:48:15 2018 +0530
4efe989,GitHub,AMIT SHEKHAR,Revert "Data structure implemented in java repository link added",Mon Dec 31 10:47:59 2018 +0530
453cf4d,GitHub,AMIT SHEKHAR,Merge pull request #55 from CuriousNikhil/master,Sun Dec 30 11:52:54 2018 +0530
4a17c9b,GitHub,AMIT SHEKHAR,Merge pull request #67 from supradip-muralidharan/patch-1,Sun Dec 30 11:52:40 2018 +0530
42ace93,GitHub,Supradip Muralidharan,corrected spelling mistake,Sun Dec 23 22:57:03 2018 +0530
cb2a250,GitHub,AMIT SHEKHAR,Merge pull request #65 from eviliana/eviliana/contribute-to-answers,Sat Oct 20 23:54:05 2018 +0530
13581d0,GitHub,eviliana,Add answers,Sat Oct 20 21:09:19 2018 +0300
f41dea6,GitHub,AMIT SHEKHAR,Merge pull request #64 from MindorksOpenSource/revert-63-master,Sat Oct 13 23:24:38 2018 +0530
fda8025,GitHub,AMIT SHEKHAR,Revert "Changes on Title Heading and Sub Heading",Sat Oct 13 23:23:29 2018 +0530
7247412,GitHub,AMIT SHEKHAR,Merge pull request #63 from sukhbeer/master,Sat Oct 13 23:22:17 2018 +0530
8c2f8d2,GitHub,Sukhbeer Singh,Update README.md,Sat Oct 13 13:45:53 2018 +0530
126c729,GitHub,Sukhbeer Singh,Update README.md,Sat Oct 13 13:38:46 2018 +0530
e0f161a,GitHub,Sukhbeer Singh,Update README.md,Sat Oct 13 13:21:22 2018 +0530
3432275,GitHub,AMIT SHEKHAR,Update README.md,Tue Oct 2 11:32:55 2018 +0530
3ef2e2d,GitHub,AMIT SHEKHAR,Merge pull request #62 from lawonga/master,Mon Oct 1 12:11:00 2018 +0530
5d6f237,GitHub,lawonga,Addition of several questions,Sun Sep 30 19:15:53 2018 -0700
50893cc,GitHub,AMIT SHEKHAR,Add handler looper mindorks video,Mon Sep 17 12:46:01 2018 +0530
38a8f0d,GitHub,AMIT SHEKHAR,Merge pull request #61 from MasoodFallahpoor/patch-1,Wed Aug 29 09:18:32 2018 +0530
5a5e2b1,Masood Fallahpoor,Masood Fallahpoor,Remove a duplicate question,Tue Aug 28 12:30:09 2018 +0430
5f4ecb4,Masood Fallahpoor,Masood Fallahpoor,Fix some grammatical mistakes,Tue Aug 28 12:29:53 2018 +0430
e3eed2e,GitHub,AMIT SHEKHAR,Correct Link,Fri Aug 17 14:58:57 2018 +0530
a9aec0e,GitHub,AMIT SHEKHAR,Update README.md,Mon Aug 13 16:02:12 2018 +0530
e7d0987,GitHub,AMIT SHEKHAR,Add implement search question,Fri Aug 10 08:24:18 2018 +0530
c126104,GitHub,Ali,Create Success.java,Fri Jul 27 17:49:58 2018 +0530
b1d26ae,GitHub,AMIT SHEKHAR,Merge pull request #60 from karntrehan/master,Thu Jun 7 22:39:06 2018 +0530
bb966a9,karntrehan,karntrehan,Removing duplicates, Fixing ordering Fixes #59,Thu Jun 7 12:11:22 2018 +0530
f824ac4,GitHub,AMIT SHEKHAR,Merge pull request #58 from ifprado/patch-1,Sun May 20 11:38:16 2018 +0530
840f185,GitHub,Ian Prado,Update README.md,Sat May 19 21:15:33 2018 -0500
38d6632,GitHub,AMIT SHEKHAR,Correct link,Tue Apr 24 15:49:24 2018 +0530
26d83dc,GitHub,AMIT SHEKHAR,Merge pull request #54 from jukov/master,Sun Apr 15 20:57:40 2018 +0530
6a24007,Alexander Zhukov,Alexander Zhukov,Merge remote-tracking branch 'Main/master',Sun Apr 15 16:58:25 2018 +0700
1f29454,GitHub,AMIT SHEKHAR,Merge pull request #56 from anukools/patch-1,Fri Mar 23 13:05:27 2018 +0530
de925c2,GitHub,Anukool Srivastav,Useful Link for composition over inheritance,Fri Mar 23 12:44:42 2018 +0530
b9fdb9a,Nikhil Chaudhari,Nikhil Chaudhari,Update README.md,Fri Mar 9 11:31:15 2018 +0530
0af41ed,Nikhil Chaudhari,Nikhil Chaudhari,Update README.md,Fri Mar 9 11:30:33 2018 +0530
2dc270c,Nikhil Chaudhari,Nikhil Chaudhari,Update README.md,Fri Mar 9 11:29:28 2018 +0530
8802f97,Nikhil Chaudhari,Nikhil Chaudhari,Update README.md,Fri Mar 9 11:28:55 2018 +0530
2efcbc1,Nikhil Chaudhari,Nikhil Chaudhari,Update README.md,Fri Mar 9 11:26:51 2018 +0530
bd98cad,Nikhil Chaudhari,Nikhil Chaudhari,Update README.md,Fri Mar 9 11:26:30 2018 +0530
0dd8df2,Alexander Zhukov,Alexander Zhukov,Questions sorted and grouped by themes. Removed repeated questions.,Wed Feb 14 17:34:32 2018 +0700
de5f095,GitHub,AMIT SHEKHAR,Merge pull request #53 from jukov/master,Wed Feb 7 17:33:03 2018 +0530
f903ed1,Alexander Zhukov,Alexander Zhukov,Added questions about sounds and retained fragments. Removed empty line.,Tue Feb 6 20:30:55 2018 +0700
8e6ae14,GitHub,AMIT SHEKHAR,Merge pull request #52 from p-v/app-components-link,Thu Jan 25 11:37:24 2018 +0530
2cda7aa,GitHub,Pratyush Verma,Add android app components link,Wed Jan 24 21:33:27 2018 +0530
9aa8e14,GitHub,AMIT SHEKHAR,Merge pull request #51 from zubairciit/master,Tue Jan 23 12:14:51 2018 +0530
f5b042f,GitHub,M Zubair Khan,Add More Questions,Tue Jan 23 10:50:24 2018 +0500
689f8ce,GitHub,AMIT SHEKHAR,Merge pull request #50 from gskielian/master,Thu Dec 7 13:26:20 2017 +0530
51558a6,greg@foodrev.org,greg@foodrev.org,assorted spelling fixes,Wed Dec 6 23:47:11 2017 -0800
309d949,GitHub,AMIT SHEKHAR,Merge pull request #49 from fmastale/master,Sun Nov 5 10:58:15 2017 +0530
8b98251,GitHub,AMIT SHEKHAR,Merge branch 'master' into master,Sun Nov 5 10:57:47 2017 +0530
c2b01fa,fmastale,fmastale,link to try/catch/finally clause explanation,Sat Nov 4 16:29:44 2017 +0100
31be5a2,GitHub,AMIT SHEKHAR,Add RxJava Operator,Sat Nov 4 14:40:21 2017 +0530
10b5505,GitHub,AMIT SHEKHAR,Merge pull request #48 from Arjun-sna/master,Thu Oct 26 07:27:09 2017 +0530
fbfb09d,GitHub,AMIT SHEKHAR,Merge pull request #47 from nishantt12/patch-2,Wed Oct 25 05:48:04 2017 +0530
8eda046,Arjun,Arjun,readme update,Mon Oct 23 14:57:03 2017 +0530
916039c,GitHub,Nishant Tanwar,Update README.md,Sat Oct 21 16:54:18 2017 +0530
7537f05,GitHub,AMIT SHEKHAR,Merge pull request #46 from mohammed-rampurawala/patch-1,Sat Oct 21 07:50:15 2017 +0530
40b05d4,GitHub,Mohammed Rampurawala,How to communicate between 2 fragments.,Fri Oct 20 23:20:59 2017 +0530
fdfef9c,GitHub,AMIT SHEKHAR,Merge pull request #45 from Beesham/master,Sun Oct 15 08:33:10 2017 +0530
d64ea41,bdoubleesham,bdoubleesham,Update README,Sat Oct 14 16:41:30 2017 -0400
3a71f66,bdoubleesham,bdoubleesham,Update README,Sat Oct 14 16:23:41 2017 -0400
37c6758,bdoubleesham,bdoubleesham,Update README,Sat Oct 14 16:21:39 2017 -0400
406dee6,bdoubleesham,bdoubleesham,Update README,Sat Oct 14 16:07:32 2017 -0400
7582652,GitHub,AMIT SHEKHAR,Merge pull request #44 from nishantt12/nishant-workspace,Wed Oct 11 08:06:45 2017 +0530
511714b,Nishant Tanwar,Nishant Tanwar,updated readme,Wed Oct 11 01:49:07 2017 +0530
801b976,GitHub,AMIT SHEKHAR,Add learn dagger,Sat Sep 23 16:19:54 2017 +0530
dc531e1,GitHub,AMIT SHEKHAR,Update README.md,Sun Sep 17 11:29:12 2017 +0530
622bd3b,GitHub,AMIT SHEKHAR,Add multiple apk for android application,Sat Sep 2 14:00:54 2017 +0530
c56234b,GitHub,AMIT SHEKHAR,Add MVP Link,Wed Aug 30 02:12:06 2017 +0530
7bc7adf,GitHub,AMIT SHEKHAR,Add memory fix link in Android,Wed Aug 30 02:11:05 2017 +0530
1b6a0ba,GitHub,AMIT SHEKHAR,Update README.md,Mon Aug 28 00:52:47 2017 +0530
b2dee53,GitHub,AMIT SHEKHAR,Merge pull request #42 from asif-patel/patch-5,Fri Aug 25 09:59:04 2017 +0530
9565c65,GitHub,Asif Patel,Update README.md,Wed Aug 23 14:47:55 2017 -0400
887b0b1,GitHub,AMIT SHEKHAR,Update README.md,Wed Aug 23 08:50:44 2017 +0530
72f291b,GitHub,AMIT SHEKHAR,Merge pull request #41 from asif-patel/patch-4,Tue Aug 22 11:10:05 2017 +0530
c8478fb,GitHub,Asif Patel,Update README.md,Mon Aug 21 20:23:11 2017 -0400
bb34b78,GitHub,AMIT SHEKHAR,Update README.md,Mon Aug 21 23:26:35 2017 +0530
699ef6c,GitHub,AMIT SHEKHAR,Update README.md,Fri Aug 18 09:47:46 2017 +0530
c5cee23,GitHub,AMIT SHEKHAR,Merge pull request #40 from Babar-Bashir/patch-3,Thu Aug 17 10:04:04 2017 +0530
8864b94,GitHub,Babar Bashir,Update README.md,Tue Aug 15 16:07:24 2017 +0500
684617d,GitHub,AMIT SHEKHAR,Update README.md,Sun Aug 13 09:56:26 2017 +0530
eec2135,GitHub,AMIT SHEKHAR,Update README.md,Thu Aug 10 09:07:54 2017 +0530
ad5a955,GitHub,AMIT SHEKHAR,Merge pull request #39 from Ifhay/master,Wed Aug 9 09:45:49 2017 +0530
79996ed,GitHub,Ivan Usov,Update README.md,Tue Aug 8 22:03:22 2017 +0300
52e9c9b,GitHub,Ivan Usov,Update README.md,Tue Aug 8 21:56:55 2017 +0300
d68c73e,GitHub,Ivan Usov,Update README.md,Tue Aug 8 21:52:28 2017 +0300
03256ac,GitHub,Ivan Usov,Update README.md,Tue Aug 8 16:54:14 2017 +0300
5f3d334,GitHub,AMIT SHEKHAR,Merge pull request #38 from Ifhay/master,Tue Aug 8 08:59:16 2017 +0530
49c4cbb,GitHub,Ivan Usov,Update README.md,Mon Aug 7 21:16:46 2017 +0300
b84c17b,GitHub,Ivan Usov,Update README.md,Mon Aug 7 19:54:23 2017 +0300
dfa6515,GitHub,Ivan Usov,Update README.md,Mon Aug 7 19:52:49 2017 +0300
4efca5c,GitHub,Ivan Usov,Update README.md,Mon Aug 7 19:33:38 2017 +0300
91607b5,GitHub,Ivan Usov,Update README.md,Mon Aug 7 19:33:12 2017 +0300
d8d3b36,GitHub,Ivan Usov,Update README.md,Mon Aug 7 18:23:20 2017 +0300
48d9d57,GitHub,Ivan Usov,Update README.md,Mon Aug 7 18:06:46 2017 +0300
896061c,GitHub,Ivan Usov,Update README.md,Mon Aug 7 17:55:59 2017 +0300
756989c,GitHub,Ivan Usov,Update README.md,Mon Aug 7 17:34:48 2017 +0300
9a44496,GitHub,Ivan Usov,Update README.md,Mon Aug 7 17:33:25 2017 +0300
f2d84fe,GitHub,Ivan Usov,Update README.md,Mon Aug 7 17:29:17 2017 +0300
9e86bea,GitHub,Ivan Usov,Update README.md,Mon Aug 7 17:05:06 2017 +0300
836f7b7,GitHub,Ivan Usov,Update README.md,Mon Aug 7 16:04:49 2017 +0300
216d765,GitHub,Ivan Usov,Update README.md,Mon Aug 7 14:12:52 2017 +0300
4bbf935,GitHub,Ivan Usov,Update README.md,Mon Aug 7 13:07:09 2017 +0300
6b88447,GitHub,AMIT SHEKHAR,Merge pull request #37 from Ifhay/master,Mon Aug 7 06:08:47 2017 +0530
2cd6641,GitHub,Ivan Usov,Update README.md,Sun Aug 6 21:42:53 2017 +0300
07f3deb,GitHub,Ivan Usov,Update README.md,Sun Aug 6 21:32:44 2017 +0300
adf9c1d,GitHub,Ivan Usov,Update README.md,Sun Aug 6 21:18:29 2017 +0300
3c03fc4,GitHub,Ivan Usov,Update README.md,Sun Aug 6 19:21:21 2017 +0300
9853234,GitHub,Ivan Usov,Update README.md,Sun Aug 6 17:57:35 2017 +0300
4a321ce,GitHub,Ivan Usov,Update README.md,Sun Aug 6 17:55:38 2017 +0300
73211d0,GitHub,Ivan Usov,Update README.md,Sun Aug 6 17:53:38 2017 +0300
b87d476,GitHub,Ivan Usov,Update README.md,Sun Aug 6 17:50:35 2017 +0300
93763f8,GitHub,Ivan Usov,Update README.md,Sun Aug 6 17:24:19 2017 +0300
4bb0f86,GitHub,Ivan Usov,Update README.md,Sun Aug 6 17:23:27 2017 +0300
e2d4745,GitHub,Ivan Usov,Update README.md,Sun Aug 6 17:21:08 2017 +0300
1519c4d,GitHub,Ivan Usov,Update README.md,Sun Aug 6 16:34:52 2017 +0300
9758d58,GitHub,Ivan Usov,Update README.md,Sun Aug 6 15:17:50 2017 +0300
e5131dc,GitHub,Ivan Usov,Update README.md,Sun Aug 6 14:26:23 2017 +0300
d1f8b4a,GitHub,Ivan Usov,Update README.md,Sun Aug 6 14:25:47 2017 +0300
4f27ce7,GitHub,AMIT SHEKHAR,Merge pull request #36 from Ifhay/master,Sun Aug 6 09:14:56 2017 +0530
74777a4,GitHub,Ivan Usov,Update README.md,Sat Aug 5 22:50:22 2017 +0300
9e2e2f3,GitHub,Ivan Usov,Update README.md,Sat Aug 5 22:37:38 2017 +0300
fe0d433,GitHub,Ivan Usov,Update README.md,Sat Aug 5 20:04:53 2017 +0300
d4e140d,GitHub,AMIT SHEKHAR,Merge pull request #35 from Ifhay/master,Fri Aug 4 09:09:57 2017 +0530
e170ac2,GitHub,Ivan Usov,Update README.md,Thu Aug 3 22:25:46 2017 +0300
e9b38d6,GitHub,Ivan Usov,Update README.md,Thu Aug 3 21:00:43 2017 +0300
b315910,GitHub,Ivan Usov,Update README.md,Thu Aug 3 20:59:45 2017 +0300
d282741,GitHub,Ivan Usov,Update README.md,Thu Aug 3 20:59:13 2017 +0300
442a371,GitHub,Ivan Usov,Update README.md,Thu Aug 3 20:58:31 2017 +0300
537dc5f,GitHub,Ivan Usov,Update README.md,Thu Aug 3 20:56:22 2017 +0300
ec83301,GitHub,Ivan Usov,Update README.md,Thu Aug 3 19:17:33 2017 +0300
113ba0e,GitHub,Ivan Usov,Update README.md,Thu Aug 3 19:02:02 2017 +0300
6baaeee,GitHub,Ivan Usov,Update README.md,Thu Aug 3 17:38:13 2017 +0300
1b1292f,GitHub,Ivan Usov,Update README.md,Thu Aug 3 15:37:51 2017 +0300
24541c8,GitHub,Ivan Usov,Update README.md,Thu Aug 3 15:37:26 2017 +0300
d61a376,GitHub,Ivan Usov,Update README.md,Thu Aug 3 09:52:30 2017 +0300
7cdefe0,GitHub,Ivan Usov,Update README.md,Thu Aug 3 09:51:05 2017 +0300
9c9f5f4,GitHub,Ivan Usov,Update README.md,Thu Aug 3 09:46:47 2017 +0300
2d944a7,GitHub,Ivan Usov,Update README.md,Thu Aug 3 09:44:37 2017 +0300
052a5e3,GitHub,Ivan Usov,Update README.md,Thu Aug 3 09:44:03 2017 +0300
0288109,GitHub,Ivan Usov,Update README.md,Thu Aug 3 09:42:53 2017 +0300
64540b0,GitHub,Ivan Usov,Update README.md,Thu Aug 3 09:34:10 2017 +0300
d9f06b9,GitHub,Ivan Usov,Update README.md,Thu Aug 3 09:31:01 2017 +0300
8ad3a24,GitHub,Ivan Usov,Update README.md,Thu Aug 3 09:30:09 2017 +0300
7352df4,GitHub,Ivan Usov,Update README.md,Thu Aug 3 09:06:08 2017 +0300
3dc931f,GitHub,Ivan Usov,Update README.md,Thu Aug 3 08:53:04 2017 +0300
eed4174,GitHub,Ivan Usov,Update README.md,Wed Aug 2 22:22:03 2017 +0300
739c348,GitHub,Ivan Usov,Update README.md,Wed Aug 2 22:11:51 2017 +0300
00bdc06,GitHub,Ifhay,Update README.md,Wed Aug 2 20:46:36 2017 +0300
a01540c,GitHub,AMIT SHEKHAR,Merge pull request #32 from josias1991/serialization_inaccurate,Wed Jul 26 09:48:36 2017 +0530
673449f,Josias Sena,Josias Sena,Combine,Tue Jul 25 12:42:58 2017 -0400
4e6d55f,Josias Sena,Josias Sena,Added constructor and pointed out that it is an overload,Tue Jul 25 12:36:33 2017 -0400
da35f2a,Josias Sena,Josias Sena,bold describeContents(),Tue Jul 25 12:34:38 2017 -0400
887f1e4,Josias Sena,Josias Sena,+ auto,Tue Jul 25 12:33:57 2017 -0400
e1b37e5,Josias Sena,Josias Sena,Fixes #22,Tue Jul 25 12:31:43 2017 -0400
66c4ac2,GitHub,AMIT SHEKHAR,Merge pull request #29 from CarlosCarrera/master,Mon Jul 24 13:30:41 2017 +0530
d80ed7a,GitHub,Carlos Carrer,Update README.md,Sun Jul 23 18:53:17 2017 +0200
c770a80,GitHub,AMIT SHEKHAR,Merge pull request #26 from yale8848/master,Sun Jul 23 09:29:29 2017 +0530
0578da0,Yale,Yale,add Array and DoublyLinkedList in 'Data Structures And Algorithms',Sat Jul 22 23:03:02 2017 +0800
2615aea,GitHub,AMIT SHEKHAR,Merge pull request #25 from truongngoclinh/master,Fri Jul 21 08:16:34 2017 +0530
ebc500f,GitHub,AMIT SHEKHAR,Update README.md,Thu Jul 20 15:26:39 2017 +0530
1571024,GitHub,AMIT SHEKHAR,Update README.md,Thu Jul 20 15:25:33 2017 +0530
08a397f,GitHub,AMIT SHEKHAR,Update README.md,Thu Jul 20 15:24:30 2017 +0530
fc19136,GitHub,AMIT SHEKHAR,Merge pull request #21 from josias1991/stack,Thu Jul 20 09:05:04 2017 +0530
818cdf6,GitHub,Trương Ngọc Linh,Update README.md,Wed Jul 19 16:10:22 2017 +0700
3492a03,GitHub,AMIT SHEKHAR,Merge pull request #24 from Arjun-sna/master,Wed Jul 19 09:16:48 2017 +0530
3e5d6df,Arjun,Arjun,reference added,Wed Jul 19 07:48:56 2017 +0530
238cbca,Arjun,Arjun,java reference,Tue Jul 18 21:02:13 2017 +0530
cf295a7,Arjun,Arjun,android questions,Tue Jul 18 20:58:16 2017 +0530
4e840b2,GitHub,AMIT SHEKHAR,Merge pull request #20 from crowchirp/master,Tue Jul 18 09:25:37 2017 +0530
c82af48,josiassena,josiassena,Added blank line,Mon Jul 17 20:30:53 2017 -0400
ed52f19,josiassena,josiassena,Fix table alignment,Mon Jul 17 20:29:19 2017 -0400
a7c7fdb,josiassena,josiassena,Added additional information on how stacks can be implemented and linked to the Performance analysis section in wikipedia: https://en.wikibooks.org/wiki/Data_Structures/Stacks_and_Queues#Performance_Analysis,Mon Jul 17 19:53:51 2017 -0400
bac07e0,josiassena,josiassena,Fixed wording,Mon Jul 17 19:48:58 2017 -0400
dd993e1,josiassena,josiassena,fix spacing,Mon Jul 17 19:47:52 2017 -0400
ec39220,josiassena,josiassena,Added stack explanation,Mon Jul 17 19:45:43 2017 -0400
aa278f4,GitHub,Chandan Rai,corrected minor typo,Mon Jul 17 21:45:01 2017 +0530
a52ac39,GitHub,AMIT SHEKHAR,Merge pull request #17 from codeshef/master,Mon Jul 17 16:59:00 2017 +0530
9225a87,GitHub,AMIT SHEKHAR,Merge pull request #14 from codeshef/patch-2,Mon Jul 17 16:58:38 2017 +0530
e6cdacf,GitHub,AMIT SHEKHAR,Merge pull request #19 from MindorksOpenSource/revert-16-patch-3,Mon Jul 17 16:58:04 2017 +0530
259aeed,GitHub,AMIT SHEKHAR,Revert "update Readme.md",Mon Jul 17 16:57:55 2017 +0530
032c1da,GitHub,AMIT SHEKHAR,Merge pull request #16 from codeshef/patch-3,Mon Jul 17 16:57:22 2017 +0530
1018822,GitHub,AMIT SHEKHAR,Merge pull request #15 from codeshef/patch-1,Mon Jul 17 16:57:14 2017 +0530
cefad73,GitHub,codeshef,update readme.md,Mon Jul 17 15:39:48 2017 +0530
1f6e6a1,GitHub,codeshef,Adding image in readme.md,Mon Jul 17 15:34:43 2017 +0530
2688ef9,GitHub,codeshef,Adding image in Readme.md,Mon Jul 17 15:23:20 2017 +0530
9ef62d5,GitHub,codeshef,Adding image,Mon Jul 17 15:18:40 2017 +0530
d25c850,GitHub,codeshef,garbage collector and its working,Mon Jul 17 15:06:35 2017 +0530
d42274a,GitHub,codeshef,garbage collector and its working,Mon Jul 17 15:06:32 2017 +0530
7b211e1,GitHub,AMIT SHEKHAR,Merge pull request #13 from josias1991/fix_linked_list_table,Mon Jul 17 10:41:19 2017 +0530
4838f6d,josiassena,josiassena,fix complexity,Sun Jul 16 22:50:06 2017 -0400
f5f2d54,josiassena,josiassena,Fix the table formatting so that it displays properly,Sun Jul 16 22:49:01 2017 -0400
05bc78e,GitHub,AMIT SHEKHAR,Merge pull request #12 from josias1991/first_4_answers,Mon Jul 17 08:03:56 2017 +0530
6e6f108,GitHub,AMIT SHEKHAR,Merge pull request #11 from josias1991/linked_list,Mon Jul 17 08:02:47 2017 +0530
bfd6e18,GitHub,AMIT SHEKHAR,Merge pull request #9 from asif-patel/patch-3,Mon Jul 17 08:02:28 2017 +0530
e98b3ff,GitHub,AMIT SHEKHAR,Merge branch 'master' into patch-3,Mon Jul 17 08:02:17 2017 +0530
0defbdb,josiassena,josiassena,Added answers to the first 4 questions under Core Java,Sun Jul 16 17:55:32 2017 -0400
89125a3,josiassena,josiassena,Added LinkedList Explanation,Sun Jul 16 15:25:36 2017 -0400
d33ce8b,GitHub,AMIT SHEKHAR,Merge pull request #10 from abhi007tyagi/master,Sun Jul 16 08:26:42 2017 +0530
bb3914c,GitHub,AMIT SHEKHAR,Merge branch 'master' into master,Sun Jul 16 08:26:33 2017 +0530
72c8125,GitHub,AMIT SHEKHAR,Update README.md,Fri Jul 14 22:17:06 2017 +0530
37ae181,abhinavtyagi,abhinavtyagi,added two questions around application release via play console,Fri Jul 14 12:49:49 2017 +0530
f0e0b99,GitHub,AMIT SHEKHAR,Merge pull request #8 from asif-patel/patch-2,Fri Jul 14 10:25:20 2017 +0530
a25a743,GitHub,AMIT SHEKHAR,Merge pull request #7 from asif-patel/patch-1,Thu Jul 13 08:23:00 2017 +0530
2d701c2,GitHub,Asif Patel,Update README.md,Wed Jul 12 18:28:22 2017 -0400
add5aa3,GitHub,Asif Patel,Update README.md,Wed Jul 12 18:23:33 2017 -0400
76f4509,GitHub,Asif Patel,Update README.md,Wed Jul 12 18:17:17 2017 -0400
aac83a8,GitHub,AMIT SHEKHAR,Update README.md,Wed Jul 12 19:57:00 2017 +0530
84f9e65,GitHub,AMIT SHEKHAR,Merge pull request #5 from dharan1011/master,Wed Jul 12 12:47:45 2017 +0530
dbdd3f7,dharan1011,dharan1011,Update README.md,Wed Jul 12 12:23:36 2017 +0530
7df8c91,dharan1011,dharan1011,Added Android Core Topic,Wed Jul 12 12:22:54 2017 +0530
e70b686,dharan1011,dharan1011,Added Android Core Topics,Wed Jul 12 12:12:45 2017 +0530
b83287d,dharan1011,dharan1011,Typo Fixed,Wed Jul 12 12:10:00 2017 +0530
109850e,GitHub,AMIT SHEKHAR,Merge pull request #2 from Babar-Bashir/patch-2,Wed Jul 12 09:51:32 2017 +0530
3cf6c80,GitHub,AMIT SHEKHAR,Merge pull request #3 from dharan1011/master,Wed Jul 12 09:51:00 2017 +0530
2b8d5dd,GitHub,AMIT SHEKHAR,Update README.md,Wed Jul 12 09:47:48 2017 +0530
533d454,GitHub,Dharan Aditya,Update README.md,Tue Jul 11 22:59:07 2017 +0530
831fdad,dharan1011,dharan1011,Update README.md,Tue Jul 11 22:56:36 2017 +0530
e006d49,GitHub,Babar-Bashir,Update README.md,Tue Jul 11 21:27:40 2017 +0500
194a20a,GitHub,AMIT SHEKHAR,Merge pull request #1 from Babar-Bashir/patch-1,Mon Jul 10 19:38:16 2017 +0530
5082bc9,GitHub,Babar-Bashir,Update README.md,Mon Jul 10 16:39:39 2017 +0500
9d63455,GitHub,AMIT SHEKHAR,Update README.md,Mon Jul 10 09:30:50 2017 +0530
87990f7,GitHub,AMIT SHEKHAR,Update README.md,Mon Jul 10 00:29:07 2017 +0530
171c702,GitHub,AMIT SHEKHAR,Update README.md,Mon Jul 10 00:26:29 2017 +0530
3a2ce70,amitshekhariitbhu,amitshekhariitbhu,Create Cheat Sheet for Android Interview,Mon Jul 10 00:18:34 2017 +0530