1a7653e,GitHub,Dima Sholom,Update README.md,Thu Aug 20 17:50:22 2020 +0300
f418322,GitHub,Dima Sholom,Merge pull request #691 from zalesskyi/fix/uCrop_image_saving_android_q,Thu Aug 20 15:57:00 2020 +0300
e051a12,alexeyzalesskyi,alexeyzalesskyi,Fixed image saving on Android Q.,Thu Aug 20 12:35:14 2020 +0300
37d3275,GitHub,Dima Sholom,Merge pull request #690 from zalesskyi/fix/uCrop_high_resolution_crash,Thu Aug 20 11:18:14 2020 +0300
7f2d556,alexeyzalesskyi,alexeyzalesskyi,Fixed 'high resolution' crash.,Thu Aug 20 10:53:14 2020 +0300
464a8ea,ukevgen,ukevgen,updated readme,Wed Apr 29 12:23:12 2020 +0300
39da556,ukevgen,ukevgen,readme update, up version to 2.2.5,Tue Apr 28 17:16:28 2020 +0300
7580d33,GitHub,Kirill,Merge pull request #547 from koji-1009/feature/lang_ja,Wed Apr 1 15:20:29 2020 +0300
b8eefbb,GitHub,Kirill,Merge pull request #575 from JoSeBu1/master,Wed Apr 1 15:19:47 2020 +0300
706aab0,GitHub,Kirill,Merge pull request #576 from paulocmbraga/patch-1,Wed Apr 1 15:18:38 2020 +0300
db9b50b,GitHub,Kirill,Merge pull request #235 from uDevel/feature/crop_grid_corner,Thu Mar 19 16:31:40 2020 +0200
f885182,GitHub,Kirill,Merge pull request #607 from beigirad/develop,Thu Mar 19 16:29:29 2020 +0200
b0916c4,GitHub,Kirill,Merge pull request #514 from hearsilent/improve_layout,Thu Mar 19 11:57:56 2020 +0200
f2f76a2,kirill,kirill,Merge remote-tracking branch 'origin/develop' into develop,Wed Mar 18 17:09:47 2020 +0200
909874e,GitHub,Kirill,Merge pull request #611 from Yalantis/fix/active_color_widget_issue_602,Wed Mar 18 16:55:37 2020 +0200
d65f9f2,kirill,kirill,Merge branch 'develop' into fix/active_color_widget_issue_602,Wed Mar 18 16:51:49 2020 +0200
ecd26a6,kirill,kirill,Merge branch 'feature/non_native' into fix/active_color_widget_issue_602_non_native,Wed Mar 18 16:37:01 2020 +0200
1298b3d,GitHub,Kirill,Merge pull request #613 from isamborskiy/android-10-fix-native,Wed Mar 18 16:14:38 2020 +0200
3685a7a,GitHub,Kirill,Merge pull request #614 from isamborskiy/android-10-fix-non-native,Wed Mar 18 16:14:22 2020 +0200
74cc268,GitHub,Kirill,Merge pull request #615 from Yalantis/fix/crash_vector_drawable_fix_native,Wed Mar 18 16:12:54 2020 +0200
46a8286,GitHub,Kirill,Merge pull request #616 from Yalantis/fix/crash_vector_drawable_fix_non_native,Wed Mar 18 16:12:39 2020 +0200
ed5062d,marina.racu,marina.racu,Fix vector drawable crash on device < 21 api non native,Fri Jan 24 12:35:33 2020 +0200
740730a,marina.racu,marina.racu,Fix vector drawable crash on device < 21 api native,Fri Jan 24 12:26:59 2020 +0200
7c7f1fe,isamborskiy,isamborskiy,Fix Android 10 issue with "permission denied",Thu Jan 23 17:37:52 2020 +0800
7dfe12b,isamborskiy,isamborskiy,Fix Android 10 issue with "permission denied",Thu Jan 23 17:33:22 2020 +0800
14b38e3,marina.racu,marina.racu,Implement color applying for scale and angle texts, fixing color applying for middle progress wheel line, remove unused method setActiveWidgetColor() which dublicate setActiveControlsWidgetColor(),Tue Jan 21 16:14:53 2020 +0200
790aa67,marina.racu,marina.racu,Implement color applying for scale and angle texts, fixing color applying for middle progress wheel line, remove unused method setActiveWidgetColor() which dublicate setActiveControlsWidgetColor(),Tue Jan 21 15:53:37 2020 +0200
4261c06,Farhad Beigirad,Farhad Beigirad,removed unused permission for picking,Sun Jan 5 18:31:54 2020 +0330
5044c1f,Koji Wakamiya,Koji Wakamiya,Change ja-JP to ja,Thu Oct 3 14:44:41 2019 +0900
3877baa,GitHub,paulocmbraga,Translate Brazil Portuguese,Wed Oct 2 17:48:42 2019 -0300
f416a83,JoSeBu,JoSeBu,Added Spanish language,Sat Sep 28 18:41:56 2019 +0200
76a9f06,GitHub,ukevgen,Merge pull request #566 from Yalantis/develop,Mon Sep 16 12:09:20 2019 +0300
f876977,ukevgen,ukevgen,up version to 2.2.4,Mon Sep 16 12:06:51 2019 +0300
aae1263,GitHub,ukevgen,Merge pull request #563 from Yalantis/feature/native_asynctask_in_parallel,Fri Sep 13 11:28:05 2019 +0300
10bb333,GitHub,ukevgen,Merge pull request #564 from Yalantis/feature/non-native_asynctask_in_parallel,Fri Sep 13 11:27:50 2019 +0300
e9e473d,AlexZandR,AlexZandR,Execute AsyncTask in a parallel manner,Thu Sep 12 17:25:52 2019 +0300
0824cfc,AlexZandR,AlexZandR,Execute AsyncTask in a parallel manner,Thu Sep 12 14:46:11 2019 +0300
2f09f41,GitHub,ukevgen,Merge pull request #562 from Yalantis/feature/non-native_apply_material_design,Thu Sep 12 11:23:58 2019 +0300
52bf6ce,GitHub,ukevgen,Merge pull request #561 from Yalantis/fix/native_fix_androidx_transition,Thu Sep 12 11:22:57 2019 +0300
14bd336,AlexZandR,AlexZandR,Added ripple effect to rotate controls,Wed Sep 11 15:51:03 2019 +0300
83636c1,AlexZandR,AlexZandR,Apply UI improvements,Wed Sep 11 15:46:11 2019 +0300
81b881f,AlexZandR,AlexZandR,Apply UI improvements,Wed Sep 11 15:38:49 2019 +0300
24adeff,AlexZandR,AlexZandR,Added ripple effect to rotate controls,Wed Sep 11 13:33:53 2019 +0300
3a93d08,AlexZandR,AlexZandR,Applied new color schema to uCrop controls,Tue Sep 10 18:37:35 2019 +0300
f808347,AlexZandR,AlexZandR,Applied new color schema to uCrop controls,Tue Sep 10 18:36:28 2019 +0300
d13b4ab,AlexZandR,AlexZandR,Fixed androidx transition dependencies,Mon Sep 9 14:01:41 2019 +0300
e4b9cb8,AlexZandR,kirill,Applied bottom navigation to UCropFragment and added external api for navigation color filter,Mon Sep 9 13:59:44 2019 +0300
6a68309,AlexZandR,kirill,Dot placed little upper,Mon Sep 9 13:59:02 2019 +0300
8589213,AlexZandR,kirill,Fragment redesign ready,Mon Sep 9 13:58:38 2019 +0300
fcf8121,AlexZandR,kirill,Activity redesign ready,Mon Sep 9 13:58:29 2019 +0300
7705ae6,AlexZandR,kirill,Not great solution,Mon Sep 9 13:58:21 2019 +0300
c08dc50,AlexZandR,kirill,Bottom controls changed,Mon Sep 9 13:56:35 2019 +0300
e4c30d9,AlexZandR,AlexZandR,Fixed androidx transition dependencies,Mon Sep 9 11:06:43 2019 +0300
f4d0d7c,GitHub,ukevgen,Merge pull request #494 from Yalantis/feature/develop_to_androidx,Fri Sep 6 17:58:39 2019 +0300
60c405f,GitHub,ukevgen,Merge branch 'develop' into feature/develop_to_androidx,Fri Sep 6 17:58:16 2019 +0300
45e2c71,GitHub,ukevgen,Merge pull request #495 from Yalantis/feature/non-native_androidx,Fri Sep 6 17:25:18 2019 +0300
8f58da6,AlexZandR,AlexZandR,Updated version code,Fri Sep 6 17:00:45 2019 +0300
f7929c0,AlexZandR,AlexZandR,Updated androidX dependencies versions,Fri Sep 6 17:00:24 2019 +0300
08e7c4a,AlexZandR,AlexZandR,Updated gradle version,Fri Sep 6 16:59:42 2019 +0300
37a9839,AlexZandR,AlexZandR,Updated version code,Fri Sep 6 16:24:02 2019 +0300
3db2081,AlexZandR,AlexZandR,Updated androidX dependencies versions,Fri Sep 6 16:21:43 2019 +0300
ce3edc5,AlexZandR,AlexZandR,Updated gradle version,Fri Sep 6 16:20:05 2019 +0300
59acb99,Koji Wakamiya,Koji Wakamiya,Add ja-JP string file,Fri Jul 26 18:49:44 2019 +0900
ebfd4b5,HearSilent,HearSilent,Reset frame view bottom margin when bottom controls is gone,Thu Apr 11 20:03:59 2019 +0800
e0c1fe0,HearSilent,HearSilent,Improve layout,Thu Apr 11 17:48:35 2019 +0800
b6b9bbc,GitHub,HearSilent,Merge pull request #2 from Yalantis/master,Thu Apr 11 16:49:24 2019 +0800
cd64fd5,GitHub,Julia-Ts,Merge pull request #509 from Yalantis/develop,Fri Apr 5 11:55:59 2019 +0300
49f8f58,ukevgen,ukevgen,gradle properties sync library version,Thu Apr 4 21:36:29 2019 +0300
19ba558,ukevgen,ukevgen,update readme and app version 2.2.3 with version code 24,Thu Apr 4 18:05:34 2019 +0300
91ada14,GitHub,ukevgen,Merge pull request #507 from Yalantis/bugfix/sample_max_size_crash,Thu Apr 4 14:27:47 2019 +0300
53e2202,kirill,kirill,Fixed samsung hardware menu button crash,Thu Apr 4 13:57:56 2019 +0300
cd20315,kirill,kirill,Changed crash fix implementation,Thu Apr 4 13:31:57 2019 +0300
08c0c17,kirill,kirill,Fixed sample crash if max cropped size > Int.MAX_VALUE,Thu Apr 4 10:23:05 2019 +0300
e67fe4d,GitHub,ukevgen,Merge pull request #503 from Yalantis/feature/redesign,Tue Apr 2 18:11:02 2019 +0300
a729478,kirill,kirill,Dependencies versions update,Mon Apr 1 17:43:22 2019 +0300
27f8381,kirill,kirill,Merge branch 'develop' into feature/redesign,Mon Apr 1 17:20:16 2019 +0300
00816e2,GitHub,ukevgen,Merge pull request #499 from Yalantis/bugfix/aspect_ratio_crash_native,Mon Apr 1 17:17:43 2019 +0300
5b388eb,kirill,kirill,Applied bottom navigation to UCropFragment and added external api for navigation color filter,Mon Apr 1 13:48:53 2019 +0300
ef97e61,kirill,kirill,Dot placed little upper,Sun Mar 31 17:45:42 2019 +0300
005a019,kirill,kirill,Fragment redesign ready,Fri Mar 29 11:42:02 2019 +0200
5c37c47,kirill,kirill,Activity redesign ready,Fri Mar 29 10:39:04 2019 +0200
47684c6,kirill,kirill,Not great solution,Thu Mar 28 19:34:41 2019 +0200
779b084,kirill,kirill,Bottom controls changed,Thu Mar 28 09:55:08 2019 +0200
9ee3067,GitHub,Kirill,Merge pull request #501 from Yalantis/feature/ucrop_fragment_inside_fragment,Tue Mar 26 19:14:52 2019 +0200
57fb823,kirill,kirill,Added support of ucrop fragment inside fragment,Tue Mar 26 18:29:22 2019 +0200
0743be8,GitHub,Kirill,Merge pull request #496 from beigirad/develop,Tue Mar 26 18:08:30 2019 +0200
ffe7b49,kirill,kirill,Fixed crash in UCrop.getOutputCropAspectRatio(data) for native variant,Mon Mar 25 11:34:14 2019 +0200
91bf702,beigirad,beigirad,compatibled for using in fragment,Tue Mar 19 23:25:07 2019 +0330
cc75f98,kirill,kirill,Merge branch 'master' into feature/non_native,Mon Mar 18 18:55:52 2019 +0200
1efbaa7,GitHub,Kirill,Merge pull request #277 from ollija/master,Mon Mar 18 18:19:32 2019 +0200
32d35ae,GitHub,Kirill,Merge pull request #257 from speedy2day/fix/onOptionsItemSelected,Mon Mar 18 18:18:07 2019 +0200
b05cee9,kirill,kirill,Updated dependencies and migration to androidx,Mon Mar 18 17:53:37 2019 +0200
5721b43,kirill,kirill,Updated dependencies and migration to androidx,Mon Mar 18 17:53:05 2019 +0200
8e1ac1a,GitHub,Kirill,Merge pull request #493 from Yalantis/bugfix/non-native_rotation,Mon Mar 18 17:17:39 2019 +0200
0076057,kirill,kirill,Fixed bug with rotation without cropping in non-native variant.,Mon Mar 18 17:16:29 2019 +0200
9cf77f5,kirill,kirill,Updated dependencies and migration to androidx,Mon Mar 18 15:52:30 2019 +0200
c29592c,GitHub,Kirill,Merge pull request #481 from acolombo25/master,Mon Mar 18 14:56:15 2019 +0200
37a0735,Andrea Colombo,Andrea Colombo,Add Italian translation,Mon Jan 7 15:43:16 2019 +0100
44b7893,GitHub,HearSilent,Merge pull request #1 from Yalantis/master,Mon Oct 1 16:13:19 2018 +0800
3f560b7,GitHub,Denko Smith,Merge pull request #423 from nectarine/master,Tue May 8 14:05:10 2018 +0300
0f626ca,logan(김창엽),logan(김창엽),Translation for Korean added.,Tue May 8 18:26:07 2018 +0900
f5b4801,GitHub,Denko Smith,Merge pull request #410 from lolsheeplol/support-exifinterface,Wed Apr 18 17:15:28 2018 +0300
bc8a5be,GitHub,Denko Smith,Merge pull request #411 from lolsheeplol/support-exifinterface-non-native,Wed Apr 18 17:14:41 2018 +0300
b9055ce,Jesse Li,Jesse Li,Optimize imports,Wed Apr 18 09:44:13 2018 -0400
c3df5cd,Jesse Li,Jesse Li,Update deprecated tag,Wed Apr 18 09:43:39 2018 -0400
4c212f9,Jesse Li,Jesse Li,Use support ExifInterface,Wed Apr 18 09:42:42 2018 -0400
9ed7790,Jesse Li,Jesse Li,Add support exifinterface lib,Wed Apr 18 09:40:13 2018 -0400
1338d81,Jesse Li,Jesse Li,Optimize imports,Tue Apr 17 13:21:53 2018 -0400
7bf45fa,Jesse Li,Jesse Li,Update deprecated tag,Tue Apr 17 13:21:24 2018 -0400
8dd1e9c,Jesse Li,Jesse Li,Use support ExifInterface,Tue Apr 17 13:20:50 2018 -0400
8e77b7b,Jesse Li,Jesse Li,Add support exifinterface lib,Tue Apr 17 13:19:16 2018 -0400
065ae11,GitHub,PenzK,Update README.md,Mon Apr 9 12:51:14 2018 +0300
40b1310,GitHub,PenzK,Update README.md,Mon Apr 9 12:48:56 2018 +0300
ee18cf1,GitHub,PenzK,Merge pull request #403 from Legementarion/feature/non_native,Thu Apr 5 11:41:07 2018 +0300
b7f4176,GitHub,PenzK,Merge pull request #402 from Legementarion/round_cut,Thu Apr 5 11:40:46 2018 +0300
b9565d7,Legementarion,Legementarion,versions,Thu Apr 5 11:35:17 2018 +0300
8e1ae73,Legementarion,Legementarion,versions,Thu Apr 5 11:33:44 2018 +0300
d219fd5,GitHub,PenzK,Merge pull request #401 from Legementarion/round_cut,Thu Apr 5 11:16:12 2018 +0300
5c42879,GitHub,PenzK,Merge pull request #396 from Legementarion/feature/non_native,Thu Apr 5 10:52:48 2018 +0300
154b7f7,Legementarion,Legementarion,log fix,Thu Apr 5 10:52:41 2018 +0300
7ddf640,Legementarion,Legementarion,ucrop attach callback + some fix,Thu Apr 5 10:52:29 2018 +0300
dc1f5ae,Legementarion,Legementarion,log fix,Thu Apr 5 10:49:13 2018 +0300
5444c55,Legementarion,Legementarion,ucrop attach callback + some fix,Thu Apr 5 10:44:34 2018 +0300
88d7f8f,Legementarion,Legementarion,Merge branch 'round_cut' into feature/non_native,Thu Mar 29 13:43:03 2018 +0300
8319036,GitHub,PenzK,Merge pull request #394 from Legementarion/round_cut,Wed Mar 28 18:51:49 2018 +0300
f140b2c,Legementarion,Legementarion,min limit for all,Wed Mar 28 18:50:29 2018 +0300
9f40218,Legementarion,Legementarion,no need anymore,Tue Mar 27 14:10:49 2018 +0300
544aa96,Legementarion,Legementarion,validation for max size,Tue Mar 27 13:48:07 2018 +0300
f8a38c7,Legementarion,Legementarion,fix sample bugs,Tue Mar 27 09:51:49 2018 +0300
dc3d1af,Legementarion,Legementarion,cleanup,Mon Mar 26 10:44:24 2018 +0300
b5ab3b8,Legementarion,Legementarion,make the sample great again,Fri Mar 23 13:39:27 2018 +0200
90b5700,Legementarion,Legementarion,flavors improve,Thu Mar 22 18:11:30 2018 +0200
425ff34,Legementarion,Legementarion,after core review,Thu Mar 22 17:00:41 2018 +0200
615fd91,Legementarion,Legementarion,return from result to first activity,Thu Mar 22 13:45:50 2018 +0200
6b16bc5,Legementarion,Legementarion,added new feature - start crop using ucrop fragment,Wed Mar 21 14:39:32 2018 +0200
4c41d26,Legementarion,Legementarion,removed useless checkers,Tue Mar 20 13:01:43 2018 +0200
01837c6,Legementarion,Legementarion,update dependencies,Tue Mar 20 13:01:03 2018 +0200
c931206,GitHub,PenzK,Merge pull request #297 from Lx/patch-1,Thu Jan 4 12:05:37 2018 +0200
c6355b2,GitHub,Ihor Kucherenko,Merge pull request #337 from severianremi/hotfix/github_issue,Mon Aug 28 11:56:44 2017 +0300
2dd877f,anna,anna,Update appCompat version,Mon Aug 28 11:55:31 2017 +0300
c0547c1,anna,anna,Merge branch 'master' into hotfix/github_issue,Mon Aug 14 12:15:23 2017 +0300
9e2bb06,anna,anna,Fix issue #318. FileUtils NumberFormatException,Fri Aug 11 18:17:29 2017 +0300
5b32f95,GitHub,severianremi,Merge pull request #298 from TheLuXoR/feature/Feature-German_Translation,Fri Aug 11 15:16:03 2017 +0300
5af24b3,GitHub,severianremi,Merge pull request #245 from mapyo/fix-should-crop,Thu Aug 10 16:08:51 2017 +0300
1c447c0,anna,anna,Fix issue #329. Update okhttp3,Wed Aug 2 10:39:55 2017 +0300
e63698a,Marco Hasselmeyer,Marco Hasselmeyer,not translated error strings should be marked with translatable = false,Mon May 15 07:14:47 2017 +0200
cc4c601,Marco Hasselmeyer,Marco Hasselmeyer,added German translation,Mon May 15 07:13:34 2017 +0200
efca78d,GitHub,Alex Peters,fix Markdown formatting,Mon May 15 14:42:58 2017 +1000
f9f75f7,GitHub,Dmitriy Dovbnya,Update README.md,Wed Apr 19 16:19:01 2017 +0300
d856762,GitHub,Dmitriy Dovbnya,Update README.md,Wed Apr 19 16:17:35 2017 +0300
0a50f4b,GitHub,Dmitriy Dovbnya,Update README.md,Wed Apr 19 16:10:26 2017 +0300
614dfab,GitHub,Dmitriy Dovbnya,Update README.md,Wed Apr 19 16:08:56 2017 +0300
8a4e70e,GitHub,Roman Kozlov,Merge pull request #287 from Yalantis/offsets_non_native,Wed Apr 19 14:56:23 2017 +0300
b9f0c4c,GitHub,Roman Kozlov,Merge pull request #286 from Yalantis/offsets,Wed Apr 19 14:54:07 2017 +0300
b197526,Dmitriy Dovbnya,Dmitriy Dovbnya,offsets by X and Y were passed through result intent,Wed Apr 19 14:36:34 2017 +0300
64ff5bf,Dmitriy Dovbnya,Dmitriy Dovbnya,offsets by X and Y were passed through result intent,Wed Apr 19 14:00:26 2017 +0300
62767ce,GitHub,Kucherenko Ihor,Merge pull request #278 from Sirelon/master,Mon Apr 3 16:49:49 2017 +0300
454e723,Alexandr Romanishyn,Alexandr Romanishyn,HotFix for #271,Mon Apr 3 16:31:34 2017 +0300
588b2b1,Olli Jaakkola,Olli Jaakkola,Add Finnish translation,Mon Apr 3 15:12:02 2017 +0300
0add52a,GitHub,Roman Kozlov,Merge pull request #270 from Yalantis/feature/file_provider,Tue Mar 28 17:47:50 2017 +0300
39bed8e,Kucherenko Ihor,Kucherenko Ihor,added file provider,Wed Mar 15 16:27:27 2017 +0200
c78b61d,Sebastian Schnittert,Sebastian Schnittert,Fix: Return true from 'onOptionsItemSelected' when item was consumed,Wed Feb 8 14:24:30 2017 +0100
0b4c13f,GitHub,Dima Sholom,Update README.md,Wed Jan 11 22:13:25 2017 +0200
0e2e66c,GitHub,Roman Kozlov,Merge pull request #232 from uDevel/feature/freestyle_mode,Fri Dec 16 16:27:45 2016 +0200
32eb2b4,mapyo,mapyo,Fix shouldCrop,Fri Dec 16 18:24:47 2016 +0900
5535c7f,GitHub,Roman Kozlov,Merge pull request #231 from uDevel/fix/jumping_grid,Wed Nov 30 16:44:40 2016 +0200
97fc0a9,Benny Chau,Benny Chau,Add option to change grid corner color.,Tue Nov 22 14:50:41 2016 -0800
103a371,Benny Chau,Benny Chau,Update UI after setting freestyle mode.,Mon Nov 21 17:06:51 2016 -0800
393cd7e,Benny Chau,Benny Chau,Add a new freestyle crop mode.,Mon Nov 21 14:26:05 2016 -0800
0aebfe3,Benny Chau,Benny Chau,Fix: In freestyle crop, where user tap inside of the crop rect then outside, and then inside again would make the crop rect jump.  Reset previous touch points.,Mon Nov 21 13:17:51 2016 -0800
c642996,GitHub,Roman Kozlov,Merge pull request #227 from dejandobnikar/feature/removeStoragePermission,Tue Nov 15 13:52:15 2016 +0200
bd3a8bb,Dejan Dobnikar,Dejan Dobnikar,sample app restored,Tue Nov 15 11:07:35 2016 +0100
91a1945,GitHub,Roman Kozlov,Merge pull request #229 from clemp6r/master,Mon Nov 14 18:25:38 2016 +0200
51b399e,GitHub,Roman Kozlov,Merge pull request #165 from jasl/patch-1,Mon Nov 14 18:09:26 2016 +0200
014d3ae,GitHub,Clément Plantier,fix typo in FR translations,Mon Nov 14 17:02:24 2016 +0100
834a344,GitHub,Clément Plantier,add FR translation file (#1),Mon Nov 14 15:29:29 2016 +0100
a689331,Dejan Dobnikar,Dejan Dobnikar,maxSdkVersion removed,Fri Nov 11 09:08:54 2016 +0100
8c3515f,Dejan.d,Dejan.d,M permissions removed: not mandatory,Thu Nov 10 22:15:50 2016 +0100
a52454f,GitHub,Roman Kozlov,Merge pull request #219 from vanniktech/add_image_size,Tue Nov 8 18:29:29 2016 +0200
b0cda9c,GitHub,Roman Kozlov,Merge pull request #218 from vanniktech/enhancements,Tue Nov 8 18:28:51 2016 +0200
11a172e,Niklas Baudy,Niklas Baudy,Add methods in UCrop for getting the image width + height,Tue Nov 1 11:56:44 2016 +0100
62a87b7,Niklas Baudy,Niklas Baudy,Add ability to customize toolbar drawables, root background color and allow empty toolbar title,Tue Nov 1 11:54:11 2016 +0100
df187ea,GitHub,Roman Kozlov,Merge pull request #215 from hearsilent/zh-tw,Thu Oct 27 11:14:15 2016 +0300
d37514e,HearSilent,HearSilent,Add zh-tw localize,Thu Oct 27 00:12:32 2016 +0800
15ea630,GitHub,HearSilent,Merge pull request #1 from Yalantis/master,Wed Oct 26 08:48:48 2016 -0700
4fd0876,GitHub,Oleksii,Merge pull request #194 from peterhav/master,Sun Sep 11 15:56:31 2016 +0300
f04a64f,GitHub,peterhav,Update strings.xml,Sun Sep 11 13:14:16 2016 +0200
708da5d,GitHub,peterhav,Merge pull request #1 from peterhav/Dutch_translation,Sun Sep 11 13:13:15 2016 +0200
fd9f2aa,GitHub,peterhav,Add files via upload,Sun Sep 11 13:12:50 2016 +0200
be45a6e,GitHub,Oleksii,Merge pull request #171 from pylerSM/patch-1,Fri Sep 9 14:08:49 2016 +0300
2bfb255,Oleksii Shliama,Oleksii Shliama,Merge branch 'master' into feature/non_native,Thu Sep 8 23:49:41 2016 +0300
32b0e67,Oleksii Shliama,Oleksii Shliama,updated README.md,Thu Sep 8 23:49:08 2016 +0300
941fade,Oleksii Shliama,Oleksii Shliama,now uCrop with native core has "-native" prefix for ID,Thu Sep 8 21:59:08 2016 +0300
dbd6321,Oleksii Shliama,Oleksii Shliama,Merge branch 'master' into feature/non_native,Thu Sep 8 21:56:20 2016 +0300
e73f98e,Oleksii Shliama,Oleksii Shliama,fixed initial min scale,Thu Sep 8 21:56:10 2016 +0300
09573d7,Oleksii Shliama,Oleksii Shliama,Removed native part.,Thu Sep 8 21:53:26 2016 +0300
60921af,Oleksii Shliama,Oleksii Shliama,Updated versions and README.md,Thu Sep 8 21:25:37 2016 +0300
a2a8669,Oleksii Shliama,Oleksii Shliama,Changed calculation for min scale.,Thu Sep 8 21:18:31 2016 +0300
d281009,Oleksii Shliama,Oleksii Shliama,Freestyle overlay can be moved with the finger.,Thu Sep 8 21:04:47 2016 +0300
50d2d74,Oleksii Shliama,Oleksii Shliama,Fix for exif & png combo. Fix for "hiding bottom nav bar" and selecting allowed gestures.,Thu Sep 8 19:47:42 2016 +0300
650fc68,Oleksii Shliama,Oleksii Shliama,Added cropped image height/width to the result bundle. Oval dimmed option is now forced circle. Several fixes and refactoring.,Thu Sep 8 16:37:09 2016 +0300
79fcb41,Oleksii Shliama,Oleksii Shliama,Merge branch 'master' into feature/maintenance,Thu Sep 8 14:16:02 2016 +0300
fa825c0,Oleksii Shliama,Oleksii Shliama,Updated libraries versions. Added check for gl texture limit and some refactoring.,Thu Sep 8 14:15:34 2016 +0300
86a1fff,GitHub,Oleksii,Merge pull request #162 from PGMacDesign/patch-1,Thu Sep 8 14:14:47 2016 +0300
07fb0c4,GitHub,Alexey Chernenko,Update README.md,Tue Aug 16 17:37:08 2016 +0300
7092be1,GitHub,Alexey Chernenko,Update README.md,Tue Aug 16 17:36:13 2016 +0300
22f3463,GitHub,Alexey Chernenko,Update README.md,Tue Aug 16 17:33:51 2016 +0300
9e5737e,GitHub,Alexey Chernenko,Update README.md,Tue Aug 16 17:33:22 2016 +0300
0628946,GitHub,Ed Baev,Update README.md,Mon Aug 15 11:58:52 2016 +0300
d48e62b,GitHub,Ed Baev,Update README.md,Thu Aug 11 10:40:16 2016 +0300
4f30e81,GitHub,pyler,Added Slovak strings,Tue Aug 9 17:28:56 2016 +0200
e3e7be6,GitHub,Jun Jiang,Made cropCIMG static,Mon Aug 1 07:00:15 2016 +0800
b294d14,GitHub,Patrick MacDowell,Fixed null file sent back (Issue #142),Fri Jul 29 10:15:55 2016 -0700
b2b7690,Oleksii Shliama,Oleksii Shliama,Added armeabi support. Updated version adn README.md,Mon Jul 25 11:46:47 2016 +0300
4575f1c,Oleksii Shliama,Oleksii Shliama,Merge remote-tracking branch 'github/master',Sun Jul 24 11:06:48 2016 +0300
ab75c9d,Oleksii Shliama,Oleksii Shliama,Added ISSUE_TEMPLATE.md for a better future.,Sun Jul 24 11:06:30 2016 +0300
e45b930,GitHub,Oleksii,Update .gitattributes,Sat Jul 23 23:45:17 2016 +0300
c202113,Oleksii Shliama,Oleksii Shliama,Added .gitattributes to show coding language stats properly.,Sat Jul 23 23:42:01 2016 +0300
1b3107e,Oleksii Shliama,Oleksii Shliama,Updated version and README.md,Tue Jun 28 00:03:10 2016 +0530
6ddd779,Oleksii Shliama,Oleksii Shliama,Fixed a bug with aspect ratio setup. Refactored UCropActivity.java a bit, and removed redundant constants from UCrop.java.,Tue Jun 28 00:02:07 2016 +0530
781ca87,Oleksii Shliama,Oleksii Shliama,updated sample version,Mon Jun 27 13:26:03 2016 +0530
d8e0f2c,Oleksii Shliama,Oleksii Shliama,Added preview res,Mon Jun 27 13:14:47 2016 +0530
5db96f8,Oleksii Shliama,Oleksii Shliama,Updated README.md,Mon Jun 27 13:14:30 2016 +0530
d220ee5,Oleksii Shliama,Oleksii Shliama,Updated versions and README.md,Sat Jun 25 10:08:36 2016 +0530
5792149,Oleksii Shliama,Oleksii Shliama,Added API to set all configs via UCrop.Options class.,Fri Jun 24 20:27:17 2016 +0530
13d1afa,Oleksii Shliama,Oleksii Shliama,Added API to set custom set of aspect ratio options for user.,Fri Jun 24 20:19:23 2016 +0530
d4b588a,Oleksii Shliama,Oleksii Shliama,Updated native libs. Added x86_64,Fri Jun 24 11:38:30 2016 +0530
58bb36f,Oleksii Shliama,Oleksii Shliama,Added bunch of fixes for supporting proper exif data when cropping image.,Thu Jun 23 20:28:47 2016 +0530
8fef967,Oleksii Shliama,Oleksii Shliama,Fix for max texture size.,Tue Jun 21 14:00:20 2016 +0530
7f9f458,Oleksii Shliama,Oleksii Shliama,Merge remote-tracking branch 'github/master',Tue Jun 21 12:08:38 2016 +0530
930b38c,Oleksii Shliama,Oleksii Shliama,Updated libs/frameworks versions.,Tue Jun 21 11:59:41 2016 +0530
5ce970d,Oleksii Shliama,Oleksii Shliama,Using UCropView to preview resulting image.,Tue Jun 21 11:59:21 2016 +0530
89c47ff,Oleksii Shliama,Oleksii Shliama,Some refactoring & couple fixes.,Tue Jun 21 11:59:03 2016 +0530
013b32f,GitHub,Oleksii,Merge pull request #118 from adelnizamutdinov/no-bitmap-recycling,Tue Jun 21 08:45:10 2016 +0300
f1d1067,GitHub,Ed Baev,Update README.md,Mon Jun 13 13:42:30 2016 +0300
48686d6,Ed Baev,Ed Baev,Update README.md,Tue Jun 7 12:11:22 2016 +0300
2b63bb3,adelnizamutdinov,adelnizamutdinov,rm useless and harmful bitmap recycling,Thu May 12 15:26:55 2016 +0300
cc7d8d4,Oleksii,Oleksii,Update README.md,Fri May 6 15:29:17 2016 +0300
ace3146,Oleksii Shliama,Oleksii Shliama,Merge remote-tracking branch 'github/master',Mon May 2 22:44:14 2016 +0300
45b3b1a,Oleksii Shliama,Oleksii Shliama,Updated version and readme. Updated supported archs.,Mon May 2 22:40:07 2016 +0300
eb2f8fe,Oleksii Shliama,Oleksii Shliama,Updated version,Mon May 2 22:18:44 2016 +0300
f24250c,Oleksii Shliama,Oleksii Shliama,Won't crop if not needed.,Mon May 2 21:21:08 2016 +0300
5a3e974,Oleksii Shliama,Oleksii Shliama,added .so,Mon May 2 20:47:13 2016 +0300
7fadf39,Oleksii Shliama,Oleksii Shliama,Preserving EXIF data for image after crop (set new size/orientation).,Mon May 2 20:43:11 2016 +0300
9f13185,Oleksii Shliama,Oleksii Shliama,Fixed resize logic for cropping original images. Coping "content" uri images to cache if cannot get file path. Refactoring.,Mon May 2 20:08:40 2016 +0300
d878538,Oleksii Shliama,Oleksii Shliama,Configured CImg with png & jpeg support. Compiling for all architectures.,Mon May 2 16:16:49 2016 +0300
4eff62e,Oleksii Shliama,Oleksii Shliama,Put crop logic to BitmapCropTask.java Passing to native code compress format/quality. Refactoring.,Sun May 1 11:41:15 2016 +0300
dd0fed3,Oleksii Shliama,Oleksii Shliama,Merge branch 'master' into cimg,Wed Apr 27 15:56:52 2016 +0300
c9973a8,Oleksii,Oleksii,Update README.md,Thu Apr 21 18:40:30 2016 +0300
3e838b7,Oleksii Shliama,Oleksii Shliama,updated version and README.md,Thu Apr 21 18:21:49 2016 +0300
55f1cfe,Oleksii Shliama,Oleksii Shliama,Updated sample to toggle "freestyle" crop.,Thu Apr 21 18:03:26 2016 +0300
ae69395,Oleksii Shliama,Oleksii Shliama,Added "freestyle" crop feature. Now (if enabled) user can resize crop rectangle bounds if drag it's corners.,Thu Apr 21 17:43:25 2016 +0300
35d85df,Oleksii Shliama,Oleksii Shliama,Changed minSdkVersion to 14 to really support ICS (ﾉ◕ヮ◕)ﾉ*:･ﾟ✧,Sun Apr 10 00:32:45 2016 +0300
b9032ef,Oleksii Shliama,Oleksii Shliama,Blocking user input while loading and cropping an image.,Fri Apr 8 21:12:42 2016 +0300
1869e78,Oleksii Shliama,Oleksii Shliama,Updated versions and README.md,Fri Apr 8 20:36:42 2016 +0300
10dad8b,Oleksii Shliama,Oleksii Shliama,Now image is cropped async. Showing a loader while cropping.,Fri Apr 8 20:16:33 2016 +0300
7ad26de,Oleksii Shliama,Oleksii Shliama,lil refactoring for BitmapLoadUtils.java,Fri Apr 8 18:32:16 2016 +0300
53f62d7,Oleksii Shliama,Oleksii Shliama,Added progress view for state when image is being loaded/decoded,Fri Apr 8 18:21:04 2016 +0300
bb468a6,Oleksii Shliama,Oleksii Shliama,Fixed conflicts. Added "Crop random image" button, which gets random pic with random size from the internet.,Fri Apr 8 15:18:47 2016 +0300
934770d,Oleksii Shliama,Oleksii Shliama,Fixed conflicts. Added "Crop random image" button, which gets random pic with random size from the internet.,Fri Apr 8 15:18:19 2016 +0300
7ff3b09,Oleksii Shliama,Oleksii Shliama,Merge remote-tracking branch 'github/master',Fri Apr 8 14:30:46 2016 +0300
bc1aecf,Oleksii,Oleksii,Merge pull request #76 from hearsilent/update_gradle,Fri Apr 8 14:29:49 2016 +0300
f9d9122,HearSilent,HearSilent,Update gradle to 2.0.0, Update buildTools to 23.0.3, Update support lib to 23.2.0,Fri Apr 8 11:18:56 2016 +0800
fe26060,larin92,larin92,rework,Thu Apr 7 20:52:19 2016 +0300
43e7820,Andrew Larkin,Andrew Larkin,Update AndroidManifest.xml,Thu Apr 7 17:14:27 2016 +0300
c00f07d,larin92,larin92,clean-up,Thu Apr 7 15:45:59 2016 +0300
df6562e,larin92,larin92,removing bitmap field from FileUtils class,Thu Apr 7 15:35:30 2016 +0300
7ea55a8,Oleksii Shliama,Oleksii Shliama,Merge remote-tracking branch 'github/master',Thu Apr 7 14:01:11 2016 +0300
417f169,Oleksii,Oleksii,Merge pull request #72 from dlabs/feature/hideBottomControls,Thu Apr 7 13:59:45 2016 +0300
d1eb91a,Oleksii Shliama,Oleksii Shliama,updated gradle version,Thu Apr 7 13:56:51 2016 +0300
f32d145,Oleksii Shliama,Oleksii Shliama,Merge remote-tracking branch 'github/master',Thu Apr 7 13:42:51 2016 +0300
0394fe3,Oleksii,Oleksii,Merge pull request #74 from dlabs/feature/roundingFix,Thu Apr 7 13:42:43 2016 +0300
b119ace,Simon Perčič,Simon Perčič,Fixed rounding by using Math.round instead of casting to int,Mon Apr 4 20:37:51 2016 +0200
09cd63a,larin92,larin92,forgot to load origin(non-sampled) bitmap,Mon Apr 4 05:55:29 2016 +0300
2eae890,Simon Perčič,Simon Perčič,Reverted whitespace styling in ucrop_activity_photobox.xml and ucrop_controls.xml,Sun Apr 3 19:03:09 2016 +0200
3313012,Simon Perčič,Simon Perčič,Reverted whitespace styling in activity_sample.xml - fix,Sun Apr 3 19:01:31 2016 +0200
f04971c,Simon Perčič,Simon Perčič,Reverted whitespace styling in activity_sample.xml,Sun Apr 3 19:00:14 2016 +0200
1a8d739,Simon Perčič,Simon Perčič,Updated sample app,Sun Apr 3 18:57:59 2016 +0200
30a6d07,Simon Perčič,Simon Perčič,Implemented hide bottom controls, not inflating layout otherwise,Sun Apr 3 18:30:54 2016 +0200
aefb78c,larin92,larin92,Revert "Revert "Revert "1""",Sun Apr 3 14:39:19 2016 +0300
ea5936f,larin92,larin92,Merge branch 'refs/heads/solving_highi-res_problems',Sun Apr 3 14:30:29 2016 +0300
830e413,larin92,larin92,Revert "Revert "1"",Sun Apr 3 14:28:24 2016 +0300
69cd509,larin92,larin92,Revert "1",Sun Apr 3 14:28:05 2016 +0300
9bfbf33,larin92,larin92,1,Sun Apr 3 14:27:50 2016 +0300
fa14c96,larin92,larin92,http/https adaption v1.0,Fri Apr 1 07:12:01 2016 +0300
06379f1,Simon Perčič,Simon Perčič,CropActivity rotate fix,Thu Mar 31 15:01:47 2016 +0200
7b0713c,Simon Perčič,Simon Perčič,Implemented option to hide bottom controls in the layout,Thu Mar 31 14:13:51 2016 +0200
cb755a6,larin92,larin92,http/https adaption,Thu Mar 31 13:53:42 2016 +0300
4e5fd71,Oleksii Shliama,Oleksii Shliama,updated plugin/appcompat,Tue Mar 22 16:34:11 2016 +0200
a9ed4bd,Oleksii Shliama,Oleksii Shliama,* Implemented native crop via cimg,Tue Mar 22 16:22:32 2016 +0200
ba406d3,Oleksii,Oleksii,Merge pull request #45 from liangricha/rl-bitmap-decode-err,Sun Mar 20 14:49:34 2016 +0200
b29855a,Oleksii Shliama,Oleksii Shliama,* Implemented native crop via cimg,Sun Mar 20 01:36:04 2016 +0200
f9f36ad,Oleksii,Oleksii,Update README.md,Wed Mar 16 18:22:56 2016 +0200
dd2c81f,Oleksii Shliama,Oleksii Shliama,* Implemented native crop for CropImageView.java,Sun Mar 13 22:35:57 2016 +0200
67c9a1b,Oleksii Shliama,Oleksii Shliama,* Added test code to crop image,Sun Mar 13 21:39:40 2016 +0200
2431237,Oleksii Shliama,Oleksii Shliama,* Implemented basic rotation function with openCV 3.1,Sun Mar 13 20:19:03 2016 +0200
fb6c20e,Oleksii Shliama,Oleksii Shliama,* Added sample native classes to start,Sun Mar 13 00:53:14 2016 +0200
83b77c0,Oleksii Shliama,Oleksii Shliama,* Fix for UCrop.java bundle. * Incremented version,Thu Mar 10 16:40:46 2016 +0200
6c93af4,Oleksii Shliama,Oleksii Shliama,* Hotfix for NPE when not setting Options via UCrop builder. * Incremented version,Sat Mar 5 08:15:30 2016 +0200
27dabba,Richard Liang,Richard Liang,Exit cropping if decoding from Uri failed.,Sat Feb 27 09:47:12 2016 -0500
3ffa94c,Oleksii Shliama,Oleksii Shliama, * Image is loaded in background thread. Better error-handling for image decoding.  * Improved EXIF data support (rotation and mirror).  * Small UI updates.  * Couple new things to configure,Sat Feb 27 13:09:56 2016 +0200
72b7335,Oleksii,Oleksii,Merge pull request #41 from JohnWowUs/EXIF,Fri Feb 26 16:24:10 2016 +0200
d47160b,JohnWowUs,JohnWowUs,Fixes,Wed Feb 24 17:51:24 2016 +0000
cc78a56,JohnWowUs,JohnWowUs,EXIF handling and decoding on non-UI thread,Wed Feb 24 13:56:11 2016 +0000
7a7311e,Oleksii,Oleksii,Merge pull request #36 from liangricha/rl-recycle,Mon Feb 22 17:58:11 2016 +0200
3f37799,Richard Liang,Richard Liang,Support EXIF rotations for all uri schemes,Sat Feb 20 09:56:36 2016 +0800
414f496,Richard Liang,Richard Liang,Recycle attr TypedArray in AspectRatioTextView after use,Thu Feb 18 10:55:26 2016 +0800
c9c4e8b,Oleksii Shliama,Oleksii Shliama,Refactored and fixed code from PR. Added support for state drawables for old Android versions. Updated version and README.md,Wed Feb 17 20:32:44 2016 +0200
6587448,Oleksii,Oleksii,Merge pull request #33 from timkoers/master,Wed Feb 17 17:11:11 2016 +0200
50cb738,timkoers,timkoers,The Toolbar title, icon colors and various items that where not getting colored are colored properly. Again, tested and updated sample,Tue Feb 16 14:40:11 2016 +0100
626dca3,timkoers,timkoers,Dynamic UI colors,Mon Feb 15 21:37:54 2016 +0100
ec464d6,Oleksii Shliama,Oleksii Shliama,Added fix for oval antialias. Updated version.,Thu Feb 4 13:22:40 2016 +0200
04155d1,Oleksii Shliama,Oleksii Shliama,updated version,Wed Feb 3 23:56:59 2016 +0200
cefcc02,Oleksii Shliama,Oleksii Shliama,updated API to configure enabled set of gestures on each tab,Wed Feb 3 23:54:08 2016 +0200
73c0ba2,Oleksii Shliama,Oleksii Shliama,Updated version,Wed Feb 3 18:47:40 2016 +0200
1d69b3c,Oleksii,Oleksii,Merge pull request #21 from start141/master,Wed Feb 3 18:26:19 2016 +0200
ef7ea22,start141,start141,Add Chinese Language,Wed Feb 3 19:37:30 2016 +0800
c03db6d,start141,start141,Make crop state button fill in the  R.color.ucrop_color_widget_active color,Wed Feb 3 18:38:07 2016 +0800
ef69c8e,Oleksii Shliama,Oleksii Shliama,Updated version and README.md,Tue Feb 2 00:02:32 2016 +0200
8707400,Oleksii Shliama,Oleksii Shliama,Updated algorithm that calculates transformation values for image rectangle so it fills crop bounds. Now it must work super smooth & correct.,Mon Feb 1 23:59:11 2016 +0200
6f42014,Oleksii Shliama,Oleksii Shliama,Added speed up coefficient to fix "image to fill crop rect" animation.,Mon Feb 1 16:00:35 2016 +0200
b994c72,Oleksii,Oleksii,Merge pull request #15 from liangricha/rl-gitignore,Mon Feb 1 12:00:46 2016 +0200
49e0cbc,rliang,rliang,remove allocation tracking file from repo - also add caputures directory to gitignore,Mon Feb 1 02:29:59 2016 -0500
cc998a2,Oleksii,Oleksii,Merge pull request #14 from hearsilent/master,Sat Jan 30 19:00:18 2016 +0200
4236786,HearSilent,HearSilent,Improve setLayerType.,Sat Jan 30 22:47:14 2016 +0800
f43ea4c,HearSilent,HearSilent,Merge pull request #1 from Yalantis/master,Sat Jan 30 22:43:18 2016 +0800
757bef0,Oleksii Shliama,Oleksii Shliama,Extracted dimens and colors to resource files. Updated version.,Fri Jan 29 13:30:37 2016 +0200
06cba2d,Oleksii Shliama,Oleksii Shliama,Added fix for case when Bitmap.createBitmap method can return the same object. Updated version and README.md,Thu Jan 28 13:06:25 2016 +0200
6a00f68,Oleksii Shliama,Oleksii Shliama,Updated version. Updated README.md,Wed Jan 27 20:22:16 2016 +0200
1ad4481,Oleksii Shliama,Oleksii Shliama,Added some java-doc in UCrop.Options Added crop frame padding to dimens.,Wed Jan 27 18:03:30 2016 +0200
b07fb31,Oleksii Shliama,Oleksii Shliama,Revised UCrop.Options class and added more options to configure. Updated UCropActivity.java to handle new Options and setup both CropImageView.java and OverlayView.java Update SampleActivity.java,Mon Jan 25 21:17:08 2016 +0200
fdb1034,Oleksii Shliama,Oleksii Shliama,Added option to set oval dimmed area (round avatars preview basically).,Mon Jan 25 19:32:51 2016 +0200
d365c7e,Oleksii Shliama,Oleksii Shliama,Extracted overlay functionality into OverlayView.java. Now UCropView.java is the main GroupView that holds both Crop ImageView and Overlay view.,Mon Jan 25 15:54:03 2016 +0200
a2b6bfa,Oleksii Shliama,Oleksii Shliama,Updated version and README.md,Fri Jan 22 14:25:00 2016 +0200
d6fc114,Oleksii Shliama,Oleksii Shliama,Added fix for cropping logic, so image with wrong position automatically fixes it (without animating) before crop.,Fri Jan 22 14:22:48 2016 +0200
9b09c6e,Oleksii Shliama,Oleksii Shliama,updated ic_launcher.png,Fri Jan 22 12:58:26 2016 +0200
c8055ed,Oleksii Shliama,Oleksii Shliama,Added fix for case when Bitmap.createBitmap method returns the same object.,Fri Jan 22 12:56:43 2016 +0200
87d9782,Oleksii Shliama,Oleksii Shliama,updated README.md,Thu Jan 21 16:45:34 2016 +0200
cf6d0c2,Oleksii Shliama,Oleksii Shliama,Updated README.md,Thu Jan 21 13:35:53 2016 +0200
9da91be,Oleksii Shliama,Oleksii Shliama,Hello World!,Thu Jan 21 10:37:43 2016 +0200