0a6ee12,GitHub,Egor Andreevich,Merge pull request #792 from square/egorand/200618/releasing,Fri Jun 19 12:38:34 2020 -0400
24bf1f0,Egor Andreevici,Egor Andreevici,Add RELEASING.md,Fri Jun 19 12:36:01 2020 -0400
5e5a9c5,Egor Andreevici,Egor Andreevici,[maven-release-plugin] prepare for next development iteration,Thu Jun 18 15:21:13 2020 -0400
ebb7d3c,Egor Andreevici,Egor Andreevici,[maven-release-plugin] prepare release javapoet-1.13.0-2,Thu Jun 18 15:21:06 2020 -0400
f5eb996,Egor Andreevici,Egor Andreevici,Revert version change to retry the release,Thu Jun 18 14:11:49 2020 -0400
b190e63,Egor Andreevici,Egor Andreevici,[maven-release-plugin] prepare for next development iteration,Thu Jun 18 11:43:20 2020 -0400
5ca6d5b,Egor Andreevici,Egor Andreevici,[maven-release-plugin] prepare release javapoet-1.13.0-1,Thu Jun 18 11:43:13 2020 -0400
d9fc2a8,Egor Andreevici,Egor Andreevici,Revert to previous SNAPSHOT version to retry release, update version in README,Thu Jun 18 11:42:01 2020 -0400
8e02981,Egor Andreevici,Egor Andreevici,[maven-release-plugin] prepare release javapoet-1.13.0,Thu Jun 18 11:22:38 2020 -0400
081d839,Egor Andreevici,Egor Andreevici,[maven-release-plugin] prepare for next development iteration,Thu Jun 18 11:11:19 2020 -0400
714e05c,Egor Andreevici,Egor Andreevici,[maven-release-plugin] prepare release javapoet-1.13.0,Thu Jun 18 11:11:11 2020 -0400
8705e5c,Egor Andreevici,Egor Andreevici,Update changelog for 1.13.0.,Thu Jun 18 10:45:40 2020 -0400
e77793b,GitHub,Jake Wharton,Merge pull request #789 from jasonobrien/master,Thu Jun 4 20:51:43 2020 -0400
a5f4f0f,Jason O'Brien,Jason O'Brien,Add support for explicit receiver parameters,Wed Jun 3 20:23:44 2020 -0500
304176e,GitHub,Egor Andreevich,Merge pull request #772 from square/jakew/static-import/2020-04-20,Mon Apr 20 12:13:55 2020 -0400
4135ccb,Jake Wharton,Jake Wharton,Static import CompilationSubject.assertThat,Mon Apr 20 11:56:24 2020 -0400
622e07e,GitHub,Daniel Santiago,Don't copy parameter annotations when creating a ParameterSpec. (#770),Mon Apr 20 11:53:48 2020 -0400
4462270,Egor Andreevici,Egor Andreevici,Update changelog for 1.12.1,Mon Jan 20 08:58:04 2020 -0600
2063666,Egor Andreevici,Egor Andreevici,[maven-release-plugin] prepare for next development iteration,Mon Jan 20 08:53:53 2020 -0600
9451a36,Egor Andreevici,Egor Andreevici,[maven-release-plugin] prepare release javapoet-1.12.1,Mon Jan 20 08:53:47 2020 -0600
2b7adc7,GitHub,Egor Andreevich,Merge pull request #756 from square/egorand/200114/overriding-note,Tue Jan 14 14:08:36 2020 -0600
ecfcfca,Egor Andreevici,Egor Andreevici,Add a comment about dropping parameter annotations in MethodSpec.overriding,Tue Jan 14 07:25:08 2020 -0600
8ce7d75,GitHub,Egor Andreevich,Merge pull request #755 from square/egorand/200113/method-override-remove-param-annotations,Mon Jan 13 11:30:30 2020 -0600
5a6c842,Egor Andreevici,Egor Andreevici,Remove parameter annotations in MethodSpec.overriding,Mon Jan 13 07:46:02 2020 -0600
d3eef47,Egor Andreevici,Egor Andreevici,Fix changelog for 1.12.0,Thu Jan 9 13:10:00 2020 -0500
0d25ea1,Egor Andreevici,Egor Andreevici,Changelog for 1.12.0,Thu Jan 9 11:32:42 2020 -0500
1ef324c,Egor Andreevici,Egor Andreevici,[maven-release-plugin] prepare for next development iteration,Thu Jan 9 11:28:05 2020 -0500
8b5db1a,Egor Andreevici,Egor Andreevici,[maven-release-plugin] prepare release javapoet-1.12.0,Thu Jan 9 11:27:58 2020 -0500
aba9810,GitHub,Egor Andreevich,Merge pull request #753 from square/egorand/200106/write-to-path-test,Mon Jan 6 15:57:47 2020 -0500
eff1ee4,Egor Andreevici,Egor Andreevici,Test for JavaFile.writeToPath,Mon Jan 6 14:42:40 2020 -0500
74a0f27,Egor Andreevici,Egor Andreevici,Merge branch 'galderz-t_javafile_writeto_691',Mon Jan 6 14:29:28 2020 -0500
dc64ed1,Egor Andreevici,Galder Zamarreño,Add writeTo methods returning Path/File written to #691,Mon Jan 6 14:28:54 2020 -0500
80ddc99,Egor Andreevich,Zac Sweers,Add alwaysQualify() API to avoid collisions with known colliding types (#734),Mon Jan 6 14:01:51 2020 -0500
25d1984,Egor Andreevich,Florian Enner,added convenience overloads for code blocks in control flow (#752),Sat Jan 4 12:10:32 2020 -0500
3d65852,Egor Andreevich,Vlad Topala,Hardcoded line separator bug (#684),Thu Jan 2 08:18:32 2020 -0500
1225800,Egor Andreevich,Zac Sweers,Copy originating elements in toBuilder() as well (#750),Wed Jan 1 17:31:32 2020 -0500
e2ed025,Egor Andreevich,Zac Sweers,Ensure trailing newlines in javadocs and method bodies (#732),Wed Jan 1 08:40:39 2020 -0500
4272265,Egor Andreevich,Zac Sweers,Mutable builder list fields (#650),Wed Jan 1 08:37:31 2020 -0500
3f53862,GitHub,Egor Andreevich,Merge pull request #748 from square/egorand/191222/travis-cleanup,Sun Dec 22 11:37:56 2019 -0500
e19762a,GitHub,Egor Andreevich,Merge pull request #747 from square/egorand/191222/fix-master,Sun Dec 22 11:35:23 2019 -0500
2d6680b,Egor Andreevici,Egor Andreevici,Remove non-LTS JDK versions from Travis config,Sun Dec 22 09:47:09 2019 -0500
e6993cc,Egor Andreevici,Egor Andreevici,Fix broken merge,Sun Dec 22 09:45:11 2019 -0500
a0eadbb,Egor Andreevich,Shaishav Gandhi,Add checks to ParameterSpec with VariableElement + copy over annotations (#681),Sat Dec 21 08:39:33 2019 -0500
e9460b8,GitHub,Jake Wharton,Merge pull request #735 from ZacSweers/z/codeblockClear,Sun Aug 11 13:29:49 2019 -0400
4e8f72f,Zac Sweers,Zac Sweers,Add CodeBlock.Builder#clear() method,Sat Aug 10 22:37:45 2019 -0400
d70a303,GitHub,Egor Andreevich,Merge pull request #733 from ZacSweers/z/openjdk8,Sat Aug 10 15:32:17 2019 -0400
d13cf25,Zac Sweers,Zac Sweers,Switch to openjdk8 for CI,Wed Aug 7 23:00:45 2019 -0400
a03c978,Egor Andreevich,Rene Fischer,easier_way_provide_encoding (#712),Tue Jun 4 13:07:29 2019 -0400
c1f97f4,GitHub,Jake Wharton,Merge pull request #724 from ronshapiro/codeblock_simple,Fri May 3 15:20:45 2019 -0400
8bc9071,Ron Shapiro,Ron Shapiro,Nit: Simplify a CodeBlock,Fri May 3 14:58:24 2019 -0400
3829f2c,Jake Wharton,Almog Gavra,Fix an issue where ClassName could not handle classes in the default (empty) package,Wed May 1 15:32:05 2019 -0400
0f93da9,GitHub,Egor Andreevich,Merge pull request #720 from ronshapiro/ClassName_simpleNames,Tue Apr 16 16:03:09 2019 -0400
02ece26,Ron Shapiro,Ron Shapiro,Memoize ClassName.simpleNames(),Tue Apr 16 15:30:11 2019 -0400
c4ac60e,GitHub,Jake Wharton,Merge pull request #719 from square/jakew/unused/2019-03-25,Mon Mar 25 11:09:39 2019 -0400
e79bb2f,Jake Wharton,Jake Wharton,Remove argument whose value isn't needed,Mon Mar 25 11:03:39 2019 -0400
1676ff4,GitHub,Jesse Wilson,Merge pull request #714 from square/egorand/190313/checkstyle-8.18,Sat Mar 16 09:01:08 2019 -0400
a481d9d,Egor Andreevici,Egor Andreevici,Checkstyle 8.18,Thu Mar 14 12:40:44 2019 -0400
218e4ad,GitHub,Egor Andreevich,Merge pull request #705 from ronshapiro/CodeWriter_resolve,Thu Feb 7 16:12:39 2019 -0500
d00c786,GitHub,Egor Andreevich,Merge pull request #703 from galderz/t_nextcontrolflow_693,Wed Feb 6 11:11:46 2019 -0500
c054ce9,Galder Zamarreño,Galder Zamarreño,Add documentation on nextControlFlow to README #693,Wed Feb 6 16:28:46 2019 +0100
dc30890,Ron Shapiro,Ron Shapiro,Remove n^2 algorithm in CodeWriter.resolve() by precomputing all of the nested simple names of a TypeSpec,Tue Feb 5 16:49:26 2019 -0500
53cfc84,Egor Andreevich,Shaishav Gandhi,Allow setting method name on MethodSpec.Builder (#702),Mon Feb 4 10:06:39 2019 -0500
791cb96,GitHub,Jake Wharton,Merge pull request #695 from shaishavgandhi05/sg/sudo-false,Tue Nov 27 23:19:51 2018 -0500
274bb56,GitHub,Shaishav Gandhi,Remove sudo:false from travis config,Tue Nov 27 20:14:23 2018 -0800
30a8bda,Jake Wharton,Daniil Popov,Public getter for canonical name of ClassName (#687),Sun Nov 11 23:32:46 2018 -0500
ea7a02e,Jesse Wilson,Shaishav Gandhi,Add Javadoc to ParameterSpec (#676),Wed Oct 3 22:59:30 2018 -0400
c93bfa8,Jesse Wilson,Shaishav Gandhi,Check parameter Modifiers (#678),Wed Oct 3 22:57:36 2018 -0400
527c397,GitHub,Jesse Wilson,Merge pull request #669 from danglotb/improve-name-allocator-test,Tue Aug 21 21:13:24 2018 -0400
3bf548d,GitHub,Jesse Wilson,Merge pull request #668 from danglotb/improve-test-on-parameter-spec,Tue Aug 21 21:13:05 2018 -0400
c1b5aaf,GitHub,Jesse Wilson,Merge pull request #667 from danglotb/improve-test-on-field-spec,Tue Aug 21 21:12:52 2018 -0400
b879b58,Jesse Wilson,Ron Shapiro,Qualify types masked by type variables (#657),Tue Aug 21 21:12:33 2018 -0400
0cbc16d,danglotb,danglotb,test: improve test by checking the toString() of FieldSpec implementation,Mon Aug 20 09:48:56 2018 +0200
f1600e5,danglotb,danglotb,test: improve test by checking the toString() of ParameterSpec implementation,Mon Aug 20 09:48:12 2018 +0200
077bd8c,danglotb,danglotb,test: specify more toJavaIdentifier,Mon Aug 20 09:46:59 2018 +0200
dfb5bc6,Jesse Wilson,Christian Stein,Switch back to Travis CI managed "jdk" installations (#672),Sun Aug 19 17:10:39 2018 -0400
37ccc0b,GitHub,Jake Wharton,Merge pull request #661 from ronshapiro/patch-2,Wed Aug 1 16:37:33 2018 -0400
4a7857e,GitHub,Ron Shapiro,`java.lang.List` has no `size()` method,Wed Aug 1 16:21:44 2018 -0400
1469cfa,GitHub,Jesse Wilson,Merge pull request #655 from realityforge/patch-1,Wed Jul 11 03:35:51 2018 -0400
46a6a6e,GitHub,Peter Donald,Replace incorrect usage of anonymousInnerClass,Wed Jul 11 13:19:09 2018 +1000
564f37f,Jesse Wilson,Jesse Wilson,[maven-release-plugin] prepare for next development iteration,Wed May 16 11:19:49 2018 -0400
a5db06d,Jesse Wilson,Jesse Wilson,[maven-release-plugin] prepare release javapoet-1.11.1,Wed May 16 11:19:28 2018 -0400
5ff40a9,Jesse Wilson,Jesse Wilson,Update changelog for 1.11.1.,Wed May 16 11:18:32 2018 -0400
5584016,Jesse Wilson,Ron Shapiro,Fix TypeName.get() on top-level error types (#646),Wed May 16 11:14:47 2018 -0400
3ddde8f,Jesse Wilson,Jesse Wilson,[maven-release-plugin] prepare for next development iteration,Sun Apr 29 17:10:29 2018 -0400
b09d944,Jesse Wilson,Jesse Wilson,[maven-release-plugin] prepare release javapoet-1.11.0,Sun Apr 29 17:10:21 2018 -0400
5d6ff03,Jesse Wilson,Jesse Wilson,Update changelog for 1.11,Sun Apr 29 17:08:15 2018 -0400
30ff8ce,GitHub,Jake Wharton,Merge pull request #644 from square/jwilson.0428.avoid_typeelement_getkind,Sun Apr 29 00:08:57 2018 -0400
1c897e4,Jesse Wilson,Jesse Wilson,Avoid TypeElement.getKind() in ClassName.get().,Sat Apr 28 20:18:33 2018 -0400
3f4d5c2,GitHub,Jesse Wilson,Merge pull request #642 from sormuras/upgrade-errorprone,Sat Apr 28 10:57:31 2018 -0400
c8b9bc8,GitHub,Jesse Wilson,Merge pull request #629 from sormuras/load-install-jdk-on-the-fly,Sat Apr 28 10:56:08 2018 -0400
371b82e,GitHub,Jesse Wilson,Merge pull request #643 from square/jwilson.0428.type_annotations,Sat Apr 28 10:30:05 2018 -0400
b1e1a08,Jesse Wilson,Jesse Wilson,Tighten up the code that handles emitting type annotations.,Sat Apr 28 10:17:32 2018 -0400
491ff3c,Christian Stein,Christian Stein,Upgrade errorprone to 2.3.1,Mon Apr 23 22:14:06 2018 +0200
3c68a05,Christian Stein,Christian Stein,Load install-jdk.sh on-the-fly,Mon Apr 23 22:02:19 2018 +0200
034f0b6,GitHub,Jesse Wilson,Merge pull request #640 from square/JakeWharton-patch-1,Mon Apr 23 15:29:26 2018 -0400
8dea2cb,GitHub,Jesse Wilson,Merge pull request #641 from square/JakeWharton-patch-2,Mon Apr 23 15:28:08 2018 -0400
d6a0097,GitHub,Jake Wharton,Merge pull request #627 from NightlyNexus/eric.nomockito,Mon Apr 23 14:33:51 2018 -0400
bc7f6dc,GitHub,Jake Wharton,Remove unused list,Mon Apr 23 14:24:21 2018 -0400
9ea843d,GitHub,Jake Wharton,Initialize multiplication result to 1.,Mon Apr 23 14:22:09 2018 -0400
8e9b2ec,GitHub,Jake Wharton,Merge pull request #638 from sherter/sherter-patch-1,Wed Apr 11 11:28:44 2018 -0700
24c88ec,GitHub,Simon Herter,Fix type typo in README,Wed Apr 11 19:18:26 2018 +0200
8ab7616,GitHub,Jake Wharton,Merge pull request #631 from NightlyNexus/eric.annotationSpec,Mon Mar 12 08:51:00 2018 -0400
f24801f,Eric Cochran,Eric Cochran,Fail fast with null AnnotationSpec on type.,Mon Mar 12 00:42:35 2018 -0700
d91f8e1,Jesse Wilson,Roberto Lublinerman,Add tests for Java 8 TYPE_USE annotations on arrays (#614). (#618),Sat Mar 10 12:35:51 2018 -0500
d108052,Eric Cochran,Eric Cochran,Add another test for direct generics usage.,Sun Mar 4 14:11:40 2018 -0800
adced31,Jesse Wilson,Eric Cochran,Use contextual type parameters for throws types. (#625),Sun Mar 4 07:25:01 2018 -0500
ee82208,Jesse Wilson,Eric Cochran,Disable overriding methods in final classes. (#626),Sun Mar 4 07:22:03 2018 -0500
b314337,Jake Wharton,Thomas Broyer,Update the codebase now that we require Java 8 (#617),Sat Mar 3 12:03:40 2018 -0500
82e20e0,GitHub,Jake Wharton,Merge pull request #621 from square/jwilson.0225.https_links,Sun Feb 25 22:36:34 2018 -0500
28fdcfb,Jesse Wilson,Jesse Wilson,Use HTTPS links in documentation where possible.,Sun Feb 25 22:18:41 2018 -0500
1e70bf3,Jesse Wilson,Eric Cochran,Require valid annotation member names. (#620),Fri Feb 23 21:52:47 2018 -0500
62d7826,GitHub,Jake Wharton,Merge pull request #616 from sormuras/patch-1,Mon Feb 19 08:19:14 2018 -0500
0091cc5,GitHub,Christian Stein,Drop `-ea` as JDK 10 is now a release candidate,Mon Feb 19 10:19:04 2018 +0100
e6bc3b1,Jesse Wilson,Jesse Wilson,Add a note about requiring Java 8 to the changelog.,Sun Feb 18 21:41:04 2018 -0500
b7176d0,GitHub,Jake Wharton,Merge pull request #611 from evonsdesigns/patch-1,Tue Feb 6 14:29:49 2018 -0500
a4966ff,GitHub,Joseph Evans,Correct usage of toString(),Tue Feb 6 13:09:17 2018 -0600
d509342,Jesse Wilson,Christian Stein,Introduce JDK build matrix on Travis CI (#606),Thu Feb 1 08:53:13 2018 -0500
abaa7f0,Jesse Wilson,Ron Shapiro,Fix checkState message in CodeWriter (#609),Sun Jan 28 18:33:03 2018 -0500
5dafdcb,Jesse Wilson,Ron Shapiro,Fix "Do not submit" from https://github.com/square/javapoet/pull/598 😬😬😬 (#608),Sun Jan 28 03:13:43 2018 -0500
b68e867,GitHub,Jake Wharton,Merge pull request #607 from sormuras/version-1.10.0,Sat Jan 27 04:11:23 2018 -0500
1ea76b4,Christian Stein,Christian Stein,Update README.md to version 1.10.0,Sat Jan 27 10:07:43 2018 +0100
29f38bf,Jesse Wilson,Jesse Wilson,[maven-release-plugin] prepare for next development iteration,Fri Jan 26 23:32:28 2018 -0500
a2f21df,Jesse Wilson,Jesse Wilson,[maven-release-plugin] prepare release javapoet-1.10.0,Fri Jan 26 23:32:23 2018 -0500
c6dd69c,GitHub,Jesse Wilson,Use $Z in method parameter lists. (#605),Fri Jan 26 23:28:30 2018 -0500
9e62955,Jesse Wilson,Jesse Wilson,Update Changelog for 1.10.0.,Fri Jan 26 23:01:55 2018 -0500
da2859b,Jesse Wilson,Jesse Wilson,Merge branch 'zhurs-master',Fri Jan 26 22:33:45 2018 -0500
870ece8,Jesse Wilson,zhurs,Fix search of annotated type parameters in imports,Fri Jan 26 22:32:31 2018 -0500
6865d07,Jesse Wilson,Jake Wharton,Add isEmpty to CodeBlock.Builder. (#596),Fri Jan 26 22:20:51 2018 -0500
563cf74,Jesse Wilson,Ron Shapiro,Implement CodeBlock.join() and CodeBlock.joining() (#599),Fri Jan 26 22:20:23 2018 -0500
ca0e12e,Jesse Wilson,Ron Shapiro,Adds `$B` as an optional newline if a line will exceed 100 chars (#598),Fri Jan 26 22:16:20 2018 -0500
6810608,Jesse Wilson,Christian Stein,Updated various versions of 3rd-party libraries and tools (#602),Sun Jan 21 13:15:02 2018 -0800
b5cc9f4,GitHub,Jake Wharton,Merge pull request #590 from sormuras/patch-1,Thu Dec 7 22:27:51 2017 -0500
03f3a27,GitHub,Christian Stein,Set com.squareup.javapoet as automatic module name,Thu Dec 7 20:47:48 2017 +0100
f5b1b62,Jesse Wilson,Jake Wharton,Include annotations when emitting type variables. (#574),Sun Aug 13 09:28:17 2017 -0700
384395d,Jesse Wilson,Jake Wharton,Switch from StringWriter to StringBuilder. (#568),Sat Jul 1 07:41:13 2017 +1000
a5694ac,Jesse Wilson,Ron Shapiro,addStatement(CodeBlock) overloads for CodeBlock and MethodSpec (#567),Fri Jun 23 10:26:32 2017 -0400
08c7148,Jesse Wilson,Phil Glass,Fix ClassName regression for class names starting with a $ (#562),Tue May 23 17:43:13 2017 -0400
5f3b345,jwilson,jwilson,[maven-release-plugin] prepare for next development iteration,Sat May 13 09:09:25 2017 -0400
dfba6d7,jwilson,jwilson,[maven-release-plugin] prepare release javapoet-1.9.0,Sat May 13 09:09:14 2017 -0400
7931dbd,jwilson,jwilson,Update changelog for 1.9.,Sat May 13 09:08:22 2017 -0400
ca12c7b,Jesse Wilson,Kay Roepke,Support anonymous inner classes in ClassName#get (#526),Sat May 13 09:06:53 2017 -0400
4cd975b,Jesse Wilson,Thomas Broyer,Fix conflicts with types with same name as type being declared  (#559),Sat May 13 08:52:51 2017 -0400
40dfa0c,Jesse Wilson,Zac Sweers,Add convenience anonymousClassBuilder(CodeBlock) (#560),Fri May 12 23:45:25 2017 -0400
48378f7,GitHub,Jesse Wilson,Upgrade to Checkstyle 7.7. (#556),Sat May 6 15:59:35 2017 -0400
e112795,Jesse Wilson,Ash Davies,Verify that null is not passed as vararg parameter (#551),Tue Mar 21 08:10:55 2017 -0400
647b93b,Jesse Wilson,Barry Carroll,Adds messaging to NPEs thrown in MethodSpec.methodBuilder() and MethodSpec.addModifiers() (#550),Wed Mar 15 19:02:14 2017 -0400
0d6bdeb,GitHub,Jake Wharton,Merge pull request #547 from square/jw/2017-02-14/error-prone,Tue Feb 14 22:54:29 2017 -0500
89263f0,Jake Wharton,Jake Wharton,Add error-prone compiler.,Tue Feb 14 22:41:48 2017 -0500
414da30,Jesse Wilson,Benjamin DANGLOT,test: assert that TypeName are not null (#544),Wed Feb 1 12:15:52 2017 -0500
b66d3d5,Jesse Wilson,John Draper,Fix division by zero in CodeBlock arg formatting (#542),Sat Jan 21 20:08:59 2017 -0800
ff50d7b,Jesse Wilson,张旭童,There is a missing symbol "?" in [$T for Types] - [Import static] (#537),Wed Jan 18 07:41:20 2017 -0800
73214de,GitHub,Jesse Wilson,Merge pull request #530 from cconroy/methodspec-named,Mon Nov 14 21:21:15 2016 -0500
c248d40,GitHub,Jesse Wilson,Merge pull request #529 from cconroy/named-faster,Mon Nov 14 21:20:59 2016 -0500
fa5c190,Chris Conroy,Chris Conroy,Add MethodSpec.Builder addNamedCode convenience method,Thu Nov 10 18:49:52 2016 -0500
01f7076,Chris Conroy,Chris Conroy,Only send the relevant characters into the matcher,Thu Nov 10 14:17:48 2016 -0500
8ec1afa,jwilson,jwilson,[maven-release-plugin] prepare for next development iteration,Wed Nov 9 21:43:08 2016 -0500
46913cd,jwilson,jwilson,[maven-release-plugin] prepare release javapoet-1.8.0,Wed Nov 9 21:43:04 2016 -0500
70cbbc9,jwilson,jwilson,Update readme for 1.8.0.,Wed Nov 9 21:41:24 2016 -0500
a1db459,GitHub,Jake Wharton,Merge pull request #528 from square/jwilson.1109.nobody_wants_annotations,Wed Nov 9 21:37:05 2016 -0500
19b9d73,jwilson,jwilson,Rollback support for retaining parameter annotations.,Wed Nov 9 21:33:37 2016 -0500
8e35831,GitHub,Jake Wharton,Merge pull request #527 from square/jwilson.1108.fix_nested_imports,Wed Nov 9 21:08:51 2016 -0500
bc65a0b,jwilson,jwilson,Fix imports of nested types.,Wed Nov 9 20:53:03 2016 -0500
bd78680,GitHub,Jesse Wilson,Merge pull request #525 from square/jwilson.1109.wrapping_space,Wed Nov 9 19:24:00 2016 -0500
61b0faf,jwilson,jwilson,Implement line wrapping.,Wed Nov 9 19:20:57 2016 -0500
3bef689,jwilson,jwilson,Merge branch 'cconroy-named-arguments',Wed Nov 9 19:16:48 2016 -0500
8685247,jwilson,Chris Conroy,Add support for named arguments to CodeBlock,Wed Nov 9 19:16:37 2016 -0500
4eda8d4,GitHub,Jake Wharton,Merge pull request #524 from benjamin-bader/null-in-superinterface-list,Wed Nov 9 01:26:40 2016 -0500
16cd72b,Ben Bader,Ben Bader,Disallow nulls in TypeSpec#addSuperinterfaces,Tue Nov 8 22:20:16 2016 -0800
89179ea,GitHub,Jesse Wilson,Merge pull request #522 from square/jwilson.1108.force_utf8,Tue Nov 8 22:43:11 2016 -0500
59ba433,jwilson,jwilson,Always write UTF-8.,Tue Nov 8 22:41:26 2016 -0500
4cc7b23,jwilson,jwilson,Merge branch 'perezd-issue-499',Tue Nov 8 21:24:19 2016 -0500
e3baf6b,jwilson,Derek Perez,Make MethodSpec.overriding include parameter annotations.,Tue Nov 8 21:23:39 2016 -0500
dc40fbe,GitHub,Jesse Wilson,Merge pull request #517 from benjamin-bader/no-null-superinterfaces,Fri Oct 28 18:39:16 2016 -0400
d2f829f,Ben Bader,Ben Bader,Guard for null in TypeSpec.Builder#addSuperinterface(TypeName),Fri Oct 28 15:22:14 2016 -0700
d84dcff,GitHub,Jesse Wilson,Merge pull request #515 from ronshapiro/codeblock_jd,Thu Oct 27 14:13:40 2016 -0700
84c0f15,Ron Shapiro,Ron Shapiro,Fix indentation directives in CodeBlock javadoc,Thu Oct 27 16:07:48 2016 -0400
1e70284,Jake Wharton,Ron Shapiro,`addJavadoc(CodeBlock)` overloads for TypeSpec, MethodSpec, and FieldSpec,Mon Sep 26 11:09:54 2016 -0400
242beb3,Jake Wharton,Christian Stein,Check kind state when adding super class.,Fri Sep 2 15:36:42 2016 -0400
40e4c3a,jwilson,jwilson,Merge branch 'gk5885-method-spec-overriding',Sat Aug 6 17:10:07 2016 -0400
9505ad0,jwilson,Gregory Kick,Change MethodSpec.overriding to not copy annotations.,Sat Aug 6 17:08:42 2016 -0400
a6c9a7d,GitHub,Jesse Wilson,Merge pull request #472 from buckbaskin/master,Sat Aug 6 16:59:23 2016 -0400
325ebb4,GitHub,Jesse Wilson,Merge pull request #486 from sormuras/master,Thu Aug 4 08:11:22 2016 -0400
73c6bd3,Christian Stein,Christian Stein,ClassName.getReflectionName() added. #485,Thu Aug 4 12:32:28 2016 +0200
7bbcb1f,GitHub,Jesse Wilson,Merge pull request #481 from sormuras/master,Sun Jul 24 13:11:54 2016 -0400
fdaefdb,Christian Stein,Christian Stein,Remove DEFAULT modifier from overridden method. #480,Sun Jul 24 13:17:49 2016 +0200
932695e,GitHub,Jesse Wilson,Merge pull request #471 from christianbreynolds/bugfix/nameClash,Wed Jul 6 14:39:08 2016 -0400
19e1b4e,Buck Baskin,Buck Baskin,Add convenience method builder.addComment,Mon Jun 13 01:34:03 2016 -0400
338abf7,Chris Reynolds,Chris Reynolds,Removed the unnecessary comments,Tue Jun 7 23:50:15 2016 -0500
a136eaa,Chris Reynolds,Chris Reynolds,Fixed the name clash when implementing/extending classes of the same name,Tue Jun 7 13:37:09 2016 -0500
3d54bd9,Jake Wharton,Jake Wharton,Merge pull request #469 from benjamin-bader/bb/fields-in-annotations,Mon May 30 10:17:12 2016 -0400
1efac98,Ben Bader,Ben Bader,Allow fields in annotations,Sun May 29 21:57:27 2016 -0400
d06b2fe,Jake Wharton,Jake Wharton,Merge pull request #468 from sormuras/master,Sun May 29 12:45:41 2016 -0400
05f74da,Christian Stein,Christian Stein,Added missing variable in import static example.,Sun May 29 17:22:21 2016 +0200
93a496c,Jesse Wilson,Jesse Wilson,Merge pull request #464 from caplan/master,Fri May 6 22:32:41 2016 -0400
8613629,Roger Caplan,Roger Caplan,allow TypeName subclasses in withBounds() input list,Fri May 6 13:41:45 2016 -0400
0e00d87,jwilson,jwilson,[maven-release-plugin] prepare for next development iteration,Tue Apr 26 22:38:40 2016 -0400
79d83b2,jwilson,jwilson,[maven-release-plugin] prepare release javapoet-1.7.0,Tue Apr 26 22:38:37 2016 -0400
e2313a4,jwilson,jwilson,Changelog for JavaPoet 1.7.0.,Tue Apr 26 22:37:48 2016 -0400
a4bb248,jwilson,jwilson,Merge branch 'marcosb-master',Sat Apr 23 23:03:53 2016 -0400
186ccd8,jwilson,marcosb,Avoid using raw types for SomeGeneric<T>.Inner,Sat Apr 23 23:03:41 2016 -0400
b8d1957,jwilson,jwilson,Merge branch 'gfx-optimize',Thu Mar 24 20:38:00 2016 -0400
2e61386,jwilson,FUJI Goro (gfx),optimize TypeName#toString() with cache,Thu Mar 24 20:37:47 2016 -0400
cdc51fd,FUJI Goro (gfx),FUJI Goro (gfx),specialize CodeWriter#emit(String) for optimization,Thu Mar 24 23:10:22 2016 +0900
373ac2d,Jake Wharton,Jake Wharton,Merge pull request #450 from gfx/fix_dependency_versions,Wed Mar 23 22:57:46 2016 -0400
3604f52,FUJI Goro (gfx),FUJI Goro (gfx),fix dependency versions to test,Thu Mar 24 11:51:53 2016 +0900
495d958,Jesse Wilson,Jesse Wilson,Merge pull request #449 from square/jwilson_0322_box,Tue Mar 22 23:13:42 2016 -0400
747b88b,jwilson,jwilson,TypeName.isBoxedPrimitive().,Tue Mar 22 22:44:30 2016 -0400
9718d39,jwilson,jwilson,Update changelog for 1.6.1.,Mon Mar 21 20:00:31 2016 -0400
dfcf55e,jwilson,jwilson,[maven-release-plugin] prepare for next development iteration,Mon Mar 21 19:56:05 2016 -0400
30455b1,jwilson,jwilson,[maven-release-plugin] prepare release javapoet-1.6.1,Mon Mar 21 19:55:58 2016 -0400
4de4f0e,jwilson,jwilson,Merge branch 'Wyverald-string-literal',Mon Mar 21 19:53:07 2016 -0400
a8b274e,jwilson,Xudong Yang,Fix string literal and backslashes.,Mon Mar 21 19:52:48 2016 -0400
4fd7569,jwilson,jwilson,[maven-release-plugin] prepare for next development iteration,Sat Mar 19 01:36:58 2016 -0400
3b92413,jwilson,jwilson,[maven-release-plugin] prepare release javapoet-1.6.0,Sat Mar 19 01:36:55 2016 -0400
9dee15b,jwilson,jwilson,Update README for JavaPoet 1.6.0.,Sat Mar 19 01:35:29 2016 -0400
b99e692,Jesse Wilson,Jesse Wilson,Merge pull request #441 from sormuras/typevar_withbounds,Sat Mar 19 01:10:42 2016 -0400
8e8b6ee,Jesse Wilson,Jesse Wilson,Merge pull request #442 from Skelehog/master,Sat Mar 19 01:07:07 2016 -0400
859e789,Skelehog,Skelehog,Annotation methods to be public, abstract and nothing else,Fri Mar 18 19:11:01 2016 +0100
4ec5922,Christian Stein,Christian Stein,TypeVariableName.withBounds added.,Thu Mar 17 18:49:14 2016 +0100
9006408,Jesse Wilson,Jesse Wilson,Merge pull request #439 from ronshapiro/duplicate_exceptions,Mon Mar 14 01:45:35 2016 -0400
3e10db6,Ron Shapiro,Ron Shapiro,Ignore duplicate exceptions in MethodSpec.Builder,Sun Mar 13 23:53:18 2016 -0400
4b0bd36,Jesse Wilson,Jesse Wilson,Merge pull request #430 from ronshapiro/typename_get_errortype,Sun Mar 13 16:25:03 2016 -0400
1d763c4,Jesse Wilson,Jesse Wilson,Merge pull request #433 from sormuras/annotations_on_qualified_names_tests,Thu Mar 3 21:43:23 2016 -0500
f80f107,Christian Stein,Christian Stein,Added tests for https://github.com/square/javapoet/issues/431,Thu Mar 3 10:28:40 2016 +0100
34cfcdf,Ron Shapiro,Ron Shapiro,Treat ErrorType like a regular DeclaredType in TypeName.get(),Tue Feb 23 15:19:45 2016 -0500
1a16944,Jesse Wilson,Jesse Wilson,Merge pull request #429 from sormuras/better_import,Tue Feb 16 20:48:20 2016 -0800
98c8b72,Christian Stein,Christian Stein,Use util.UUID instead of rmi.UID.,Tue Feb 16 13:26:50 2016 +0100
97c7581,Jesse Wilson,Jesse Wilson,Merge pull request #427 from ronshapiro/codeblock_of,Wed Feb 10 10:50:44 2016 -0500
b42c938,Ron Shapiro,Ron Shapiro,Revive CodeBlock.of(),Wed Feb 10 10:16:50 2016 -0500
f1bf546,Jesse Wilson,Jesse Wilson,Merge pull request #426 from square/jw/class-name-factories,Wed Feb 10 01:36:06 2016 -0500
944a070,Jake Wharton,Jake Wharton,Add TypeSpec factories for when a ClassName already exists.,Wed Feb 10 00:37:04 2016 -0500
19fe0a4,Jake Wharton,Jake Wharton,Merge pull request #423 from square/jwilson_0209_imports_annotations,Tue Feb 9 19:40:01 2016 -0500
c759d9a,jwilson,jwilson,Fix a bug where annotations broke import resolution.,Tue Feb 9 19:35:59 2016 -0500
0ee1480,Jake Wharton,Jake Wharton,Merge pull request #418 from ronshapiro/annotated_twice,Tue Feb 9 09:44:37 2016 -0500
023d256,Ron Shapiro,Ron Shapiro,Append annotations from multiple calls to TypeName#annotated,Sun Feb 7 09:34:16 2016 -0500
ae48652,Jesse Wilson,Jesse Wilson,Merge pull request #417 from ronshapiro/annotated_twice,Sun Feb 7 08:36:43 2016 -0500
2d21ad7,Ron Shapiro,Ron Shapiro,Allow TypeNames to be annotated twice,Sat Feb 6 20:49:50 2016 -0500
e66ed45,Jesse Wilson,Jesse Wilson,Merge pull request #414 from caplan/master,Fri Jan 22 19:28:19 2016 -0500
d19fee4,Roger Caplan,Roger Caplan,make TypeSpec.Kind enum public,Fri Jan 22 11:27:39 2016 -0500
bbdaa34,jwilson,jwilson,Merge branch 'sockeqwe-master',Tue Jan 19 12:25:57 2016 -0500
191787d,jwilson,Hannes Dorfmann,Added support for initializer blocks; Bugfix in TypeSpec.toBuilder() for static initializer block,Tue Jan 19 12:25:46 2016 -0500
e3e7652,Jake Wharton,Jake Wharton,Merge pull request #405 from square/jwilson_0117_statics_fail,Sun Jan 17 14:52:25 2016 -0500
4dd5349,jwilson,jwilson,Add a test to show a limitation of static imports.,Sun Jan 17 14:42:59 2016 -0500
fc9d2ec,Jesse Wilson,Jesse Wilson,Merge pull request #403 from sormuras/escape_character,Sat Jan 16 20:23:56 2016 -0500
c810627,Christian Stein,Christian Stein,Literal conversion clean up.,Sun Jan 17 02:18:38 2016 +0100
830751c,jwilson,jwilson,1.5.1 is the latest release.,Sun Jan 10 19:50:26 2016 -0500
62764fa,jwilson,jwilson,Update changelog for 1.5.1.,Sun Jan 10 19:44:14 2016 -0500
1488b84,Jesse Wilson,Jesse Wilson,Merge pull request #401 from sormuras/typename_equality,Sun Jan 10 19:42:09 2016 -0500
9ffa01c,Christian Stein,Christian Stein,TypeName.equals() and .hashCode() now respect attached annotations.,Mon Jan 11 00:10:15 2016 +0100
fcdb088,jwilson,jwilson,JavaPoet 1.5.0 is out.,Sun Jan 10 14:14:24 2016 -0500
7035337,jwilson,jwilson,[maven-release-plugin] prepare for next development iteration,Sun Jan 10 14:08:01 2016 -0500
d04195e,jwilson,jwilson,[maven-release-plugin] prepare release javapoet-1.5.0,Sun Jan 10 14:07:57 2016 -0500
5f68b2c,jwilson,jwilson,Prepare for 1.5.0 release.,Sun Jan 10 14:04:48 2016 -0500
7d22a5c,Jesse Wilson,Jesse Wilson,Merge pull request #399 from sormuras/static_polish,Sun Jan 10 09:46:09 2016 -0500
e28883e,Christian Stein,Christian Stein,Static import corner case tests and README/CHANGELOG updates.,Sun Jan 10 15:26:19 2016 +0100
b07f520,Jesse Wilson,Jesse Wilson,Merge pull request #398 from sormuras/static_import,Sun Jan 10 01:04:21 2016 -0500
caabf2c,Christian Stein,Christian Stein,Static import support added.,Sat Jan 9 23:20:38 2016 +0100
512e216,Jesse Wilson,Jesse Wilson,Merge pull request #397 from sormuras/annotation_character_fix,Fri Jan 8 16:10:09 2016 -0500
757e123,Christian Stein,Christian Stein,Escape special char values.,Fri Jan 8 21:18:44 2016 +0100
8a7842b,Jake Wharton,Jake Wharton,Merge pull request #395 from sormuras/annotation_character_fix,Fri Jan 8 12:22:53 2016 -0500
9eec3e9,Christian Stein,Christian Stein,Added char/Character to AnnotationSpec.Builder.addValue logic,Fri Jan 8 18:09:04 2016 +0100
6e8b62a,Jesse Wilson,Jesse Wilson,Merge pull request #393 from sormuras/sor_using_public_api,Thu Jan 7 21:54:46 2016 -0500
b162ce2,Christian Stein,Christian Stein,Private source file object used, instead of com.sun.tools.javac types,Fri Jan 8 00:44:47 2016 +0100
19b8ecd,Jesse Wilson,Jesse Wilson,Merge pull request #392 from sormuras/sor_checkstyle_upgrade,Thu Jan 7 08:28:28 2016 -0500
97f4044,Christian Stein,Christian Stein,Upgrade Maven Checkstyle Plugin to 2.17 using Checkstyle 6.11.2,Thu Jan 7 12:41:19 2016 +0100
0a08c07,Jesse Wilson,Jesse Wilson,Merge pull request #385 from sormuras/master,Mon Dec 21 09:00:18 2015 -0500
5141a94,Christian Stein,Christian Stein,Internal AnnotationSpec clean up.,Mon Dec 21 11:31:11 2015 +0100
3471d03,Jake Wharton,Jake Wharton,Merge pull request #383 from sormuras/master,Thu Dec 17 14:40:08 2015 -0500
408388c,Christian Stein,Christian Stein,TypeName#annotated clean up.,Thu Dec 17 07:01:07 2015 +0100
c635835,Jesse Wilson,Jesse Wilson,Merge pull request #379 from square/jw/new-name-no-tag,Mon Dec 14 20:24:02 2015 -0500
633e4ac,Jake Wharton,Jake Wharton,Overload for creating a one-off name without a tag.,Mon Dec 14 18:08:01 2015 -0500
251cb9a,Jesse Wilson,Jesse Wilson,Merge pull request #375 from sormuras/master,Wed Dec 9 19:37:48 2015 -0500
4ce8e42,Christian Stein,Christian Stein,Too many indexed arguments does fail now.,Wed Dec 9 22:38:40 2015 +0100
4522c42,Jesse Wilson,Jesse Wilson,Merge pull request #370 from sormuras/master,Wed Dec 2 15:41:16 2015 -0500
6980db0,Christian Stein,Christian Stein,Prevent import of types located in the default package. #369,Wed Dec 2 18:27:30 2015 +0100
29727b0,Jesse Wilson,Jesse Wilson,Merge pull request #368 from sormuras/patch-1,Sat Nov 14 06:49:49 2015 -0800
e51d394,Christian Stein,Christian Stein,Updated download section to 1.4.0,Sat Nov 14 12:08:29 2015 +0100
cf4b9a0,jwilson,jwilson,[maven-release-plugin] prepare for next development iteration,Fri Nov 13 20:31:08 2015 -0800
27ddf37,jwilson,jwilson,[maven-release-plugin] prepare release javapoet-1.4.0,Fri Nov 13 20:31:05 2015 -0800
f70958f,jwilson,jwilson,Changelog for 1.4.0.,Fri Nov 13 20:27:12 2015 -0800
1f07dd4,Jake Wharton,Jake Wharton,Merge pull request #367 from square/jwilson_1113_imports_test,Fri Nov 13 23:09:25 2015 -0500
006a54b,jwilson,jwilson,Test to confirm nested annotation imports work.,Fri Nov 13 20:03:01 2015 -0800
b59cde5,Jake Wharton,Jake Wharton,Merge pull request #361 from square/jwilson_1027_handle_package_conflict,Tue Oct 27 21:18:55 2015 -0400
bb8e4fc,jwilson,jwilson,Fix a bug when a nested class and sibling class have the same name.,Tue Oct 27 21:15:43 2015 -0400
77e89f0,Jesse Wilson,Jesse Wilson,Update Javadoc link.,Mon Oct 26 22:46:33 2015 -0400
c5109fa,Jesse Wilson,Jesse Wilson,Merge pull request #357 from sormuras/master,Mon Oct 26 22:45:37 2015 -0400
942a04f,Jake Wharton,Jake Wharton,Merge pull request #360 from square/jwilson_1026_delete_deploy_javadoc,Mon Oct 26 22:43:49 2015 -0400
74e7ea9,jwilson,jwilson,Delete the deploy_javadoc script.,Mon Oct 26 22:42:27 2015 -0400
969d639,Christian Stein,Christian Stein,StackOverflowError fixed in TypeName.get(Type),Mon Oct 26 10:23:46 2015 +0100
e7534b9,Jesse Wilson,Jesse Wilson,Merge pull request #359 from sormuras/annotype,Sat Oct 24 17:33:25 2015 -0400
9d49d10,Christian Stein,Christian Stein,Enhanced TypeName(s) with List<AnnotationSpec> #136,Sat Oct 24 15:58:16 2015 +0200
3bdc6b5,Jesse Wilson,Jesse Wilson,Merge pull request #358 from square/jwilson_1023_rollback,Fri Oct 23 20:19:24 2015 -0400
43db567,jwilson,jwilson,Revert "AnnotationTypeName added.",Fri Oct 23 20:18:17 2015 -0400
852b1bb,Jesse Wilson,Jesse Wilson,Merge pull request #354 from sormuras/anno,Thu Oct 22 11:45:42 2015 -0400
a671668,Christian Stein,Christian Stein,AnnotationTypeName added.,Thu Oct 22 17:43:44 2015 +0200
c8b9d01,Jake Wharton,Jake Wharton,Merge pull request #351 from square/jwilson_1016_safe,Fri Oct 16 19:32:34 2015 -0400
55f8bb8,jwilson,jwilson,Change around how we handle null package names.,Fri Oct 16 18:43:28 2015 -0400
44c2788,Jesse Wilson,Jesse Wilson,Merge pull request #349 from sormuras/spec,Fri Oct 16 18:28:18 2015 -0400
9dd1e4c,Christian Stein,Christian Stein,equals() and hashCode() implemented.,Fri Oct 16 08:50:20 2015 +0200
50e0cbb,Jesse Wilson,Jesse Wilson,Merge pull request #346 from sormuras/master,Wed Oct 14 23:27:45 2015 -0400
4d23554,Christian Stein,Christian Stein,Enum::name() usage forced.,Wed Oct 14 17:52:56 2015 +0200
72c7414,Jesse Wilson,Jesse Wilson,Merge pull request #340 from sormuras/master,Tue Oct 13 12:15:25 2015 -0400
5588188,Christian Stein,Christian Stein,AnnotationSpec.get(Annotation) added.,Mon Oct 12 21:37:19 2015 +0200
150b196,Jesse Wilson,Jesse Wilson,Merge pull request #338 from jbgi/nameallocator-clone,Sun Oct 11 11:21:19 2015 -0400
00e7258,Jean-Baptiste Giraudeau,Jean-Baptiste Giraudeau,Add clone() method on NameAllocator Useful to refine a NameAllocator for use in an inner scope code block.,Sun Oct 11 15:27:16 2015 +0200
a81264c,Jesse Wilson,Jesse Wilson,Merge pull request #335 from sormuras/master,Wed Oct 7 16:17:51 2015 -0400
4dbeee0,Christian Stein,Christian Stein,Added test for static methods in an interface.,Wed Oct 7 19:50:27 2015 +0200
4ee84e2,Jake Wharton,Jake Wharton,Merge pull request #331 from square/jwilson_0929_resolve_based_imports,Tue Sep 29 01:09:00 2015 -0400
f96704d,jwilson,jwilson,Resolve-based import resolution.,Tue Sep 29 01:07:42 2015 -0400
ebde08a,Jesse Wilson,Jesse Wilson,Merge pull request #330 from a11n/master,Mon Sep 21 00:40:54 2015 -0400
a18a39e,André Diermann,André Diermann,Update README.md,Mon Sep 21 05:54:46 2015 +0200
74ed324,Jake Wharton,Jake Wharton,Merge pull request #328 from square/jwilson_0920_sigh_javadoc,Sun Sep 20 15:52:34 2015 -0400
aecf1d5,jwilson,jwilson,Javadoc can't handle annotations in code samples.,Sun Sep 20 15:49:52 2015 -0400
b71a8d6,jwilson,jwilson,[maven-release-plugin] prepare for next development iteration,Sun Sep 20 11:01:28 2015 -0400
725eed1,jwilson,jwilson,[maven-release-plugin] prepare release javapoet-1.3.0,Sun Sep 20 11:01:25 2015 -0400
5f349c8,Jesse Wilson,Jesse Wilson,Merge pull request #327 from square/jwilson_0920_avoid_get_package,Sun Sep 20 10:53:47 2015 -0400
c8d5666,Jesse Wilson,Jesse Wilson,Merge pull request #326 from square/jwilson_0920_enter_enter_and_exit,Sun Sep 20 10:53:40 2015 -0400
d597130,jwilson,jwilson,Update changelog for JavaPoet 1.3.0.,Sun Sep 20 10:51:53 2015 -0400
c115519,jwilson,jwilson,Avoid Class.getPackage().,Sun Sep 20 10:44:30 2015 -0400
ebcbf38,jwilson,jwilson,Revert "Avoid Class.getPackage().",Sun Sep 20 10:44:07 2015 -0400
f6ad309,jwilson,jwilson,Avoid Class.getPackage().,Sun Sep 20 10:43:02 2015 -0400
38abbc1,jwilson,jwilson,Try to improve the errors on statement enter/exit matching.,Sun Sep 20 10:00:38 2015 -0400
6a07eec,Jesse Wilson,Jesse Wilson,Merge pull request #325 from sormuras/master,Tue Sep 15 14:27:32 2015 -0400
62a8b20,Christian Stein,Christian Stein,Removed not need import statements.,Tue Sep 15 20:02:15 2015 +0200
ec8c5d5,jwilson,jwilson,t push origin masterMerge branch 'eamonnmcmanus-recursion',Mon Sep 14 21:12:39 2015 -0400
6551850,jwilson,Éamonn McManus,Add logic to avoid infinite recursion in TypeName.get(TypeMirror) when the TypeMirror includes a recursive type bound.,Mon Sep 14 21:12:24 2015 -0400
9973945,Jesse Wilson,Jesse Wilson,Merge pull request #320 from auke-/master,Wed Aug 19 23:06:39 2015 -0400
dc836e4,Auke Schrijnen,Auke Schrijnen,Use a more qualified name for conflicting simple names in the same file,Tue Aug 11 17:13:21 2015 +0200
beebe46,Jesse Wilson,Jesse Wilson,Merge pull request #318 from sormuras/master,Wed Aug 5 11:13:00 2015 -0400
5dff6c5,Christian Stein,Christian Stein,Removed unused import statements.,Wed Aug 5 11:16:49 2015 +0200
0b0e5d8,Jesse Wilson,Jesse Wilson,Merge pull request #314 from cutsnake-net/annotated_enums,Mon Aug 3 19:55:24 2015 -0400
ee9e4da,Jamie,Jamie,Squashed commit of the following:,Mon Aug 3 16:51:07 2015 -0700
c2a686d,Jake Wharton,Jake Wharton,Merge pull request #313 from square/jwilson_0722_name_allocator,Wed Jul 22 21:27:52 2015 -0400
a5f49c2,jwilson,jwilson,NameAllocator.,Wed Jul 22 17:33:07 2015 -0700
66b156f,Jake Wharton,Jake Wharton,Merge pull request #312 from square/jwilson_0722_parameter_validation,Wed Jul 22 09:46:25 2015 -0400
cf6ac80,jwilson,jwilson,Shorten parameter validation.,Wed Jul 22 00:20:13 2015 -0700
8d27eca,Jesse Wilson,Jesse Wilson,Merge pull request #310 from kenzierocks/fix/index-error-message,Tue Jul 21 23:01:46 2015 -0700
262a3e2,Kenzie Togami,Kenzie Togami,Create better messages for auto-indexing,Mon Jul 20 23:51:11 2015 -0700
8a17f0a,Jesse Wilson,Jesse Wilson,Merge pull request #307 from auke-/master,Mon Jul 13 17:38:03 2015 -0400
fbfc47a,Auke Schrijnen,Auke Schrijnen,Use correct return type in inner class example,Mon Jul 13 22:13:53 2015 +0200
a0f783c,Jake Wharton,Jake Wharton,Merge pull request #306 from tomxor/readme-version,Sun Jul 12 14:57:53 2015 -0400
55ef172,Tom Reznik,Tom Reznik,Bump version to 1.2.0 in README.md file.,Sun Jul 12 20:55:43 2015 +0200
b716399,Jesse Wilson,Jesse Wilson,Merge pull request #305 from tbroyer/intersectiontypes-in-ecj,Sun Jul 12 11:12:14 2015 -0400
ff68284,Thomas Broyer,Thomas Broyer,Simplify TypeVariableName.get(TypeVariable),Sat Jul 11 16:17:01 2015 +0200
5a37c2a,Thomas Broyer,Thomas Broyer,Workaround for Eclipse JDT/APT bug around intersection types,Fri Jul 10 16:56:40 2015 +0200
dfa195e,Jake Wharton,Jake Wharton,Merge pull request #299 from square/jwilson_0705_imports_bug,Sun Jul 5 10:24:11 2015 -0400
12ffaab,jwilson,jwilson,Test conflicting simple names in the same file.,Sun Jul 5 10:22:25 2015 -0400
b099108,jwilson,jwilson,[maven-release-plugin] prepare for next development iteration,Sat Jul 4 16:33:44 2015 -0400
639f406,jwilson,jwilson,[maven-release-plugin] prepare release javapoet-1.2.0,Sat Jul 4 16:33:42 2015 -0400
fe9cc5f,jwilson,jwilson,Update changelog for 1.2.0.,Sat Jul 4 16:31:48 2015 -0400
8694525,Jake Wharton,Jake Wharton,Merge pull request #297 from square/jwilson_0704_restore_api_compatibility,Sat Jul 4 15:04:52 2015 -0400
49d1d83,jwilson,jwilson,Update Changelog.,Sat Jul 4 11:35:22 2015 -0400
aa8980f,jwilson,jwilson,Restore the deleted MethodSpec.overriding() overload.,Sat Jul 4 11:28:33 2015 -0400
553fe8a,Jesse Wilson,Jesse Wilson,Merge pull request #293 from APaloski/master,Sat Jul 4 10:39:34 2015 -0400
5963d9f,Adam Paloski,Adam Paloski,Added the ability to use indexes in format arguments,Mon Jun 22 20:45:52 2015 -0400
9c15424,Jake Wharton,Jake Wharton,Merge pull request #292 from square/jwilson_0611_javadocs,Thu Jun 11 22:28:22 2015 -0400
8774c6d,jwilson,jwilson,Javadoc on enum constants.,Thu Jun 11 22:26:05 2015 -0400
c0413f5,Jesse Wilson,Jesse Wilson,Merge pull request #290 from shalecraig/patch-1,Thu Jun 11 22:18:20 2015 -0400
a89eed0,shalecraig,shalecraig,Use the initialCapacity when creating an ArrayList,Thu Jun 11 17:15:37 2015 -0400
eeff85d,Jake Wharton,Jake Wharton,Merge pull request #289 from johnjohndoe/patch-1,Wed Jun 10 12:09:33 2015 -0400
0cece47,Tobias Preuss,Tobias Preuss,Add missing word.,Wed Jun 10 18:06:22 2015 +0200
e5532b4,Jesse Wilson,Jesse Wilson,Merge pull request #287 from sormuras/overriding,Tue Jun 2 23:47:11 2015 -0400
6d8573c,sormuras,sormuras,Overriding-only w/o poet support and pointing to the actual snapshot path.,Wed Jun 3 00:01:16 2015 +0200
d38648e,jwilson,jwilson,Merge branch 'DanielSerdyukov-master',Tue Jun 2 09:58:14 2015 -0400
2143e2c,jwilson,Daniel Serdyukov,Added support of static code block in the TypeSpec,Tue Jun 2 09:57:51 2015 -0400
869f9dd,Jesse Wilson,Jesse Wilson,Bump README.md to 1.1.0.,Tue May 26 07:55:36 2015 -0700
2ddbb90,jwilson,jwilson,[maven-release-plugin] prepare for next development iteration,Mon May 25 22:27:56 2015 -0700
8280752,jwilson,jwilson,[maven-release-plugin] prepare release javapoet-1.1.0,Mon May 25 22:27:46 2015 -0700
deb5519,Jake Wharton,Jake Wharton,Merge pull request #286 from square/jwilson_0525_prep_release,Mon May 25 16:17:53 2015 -0700
cc27567,jwilson,jwilson,Small fixes for 1.1.0.,Mon May 25 16:05:17 2015 -0700
9e5558c,Jesse Wilson,Jesse Wilson,Merge pull request #280 from sormuras/chainable,Sat May 16 16:53:28 2015 -0400
bedeff3,sormuras,sormuras,MethodSpec.varargs(boolean) added,Sat May 16 20:49:15 2015 +0200
9e31383,Jesse Wilson,Jesse Wilson,Merge pull request #279 from sormuras/AnnotationSpecFixes,Fri May 15 21:23:13 2015 -0400
1e0eee1,sormuras,sormuras,AnnotationSpec fixes.   toBuilder() did return an immutable collection   AnnotationMirror visitor now visits arrays as well,Fri May 15 16:38:02 2015 +0200
2e3af69,Jesse Wilson,Jesse Wilson,Merge pull request #278 from jgustie/master,Thu May 14 22:28:38 2015 -0400
f06f90e,Jeremy Gustie,Jeremy Gustie,Clean up FileReadingTest,Thu May 14 21:38:12 2015 -0400
5f619e3,Jesse Wilson,Jesse Wilson,Merge pull request #276 from jgustie/master,Tue May 12 23:58:50 2015 -0400
da9e893,Jeremy Gustie,Jeremy Gustie,Add JavaFile.toJavaFileObject,Tue May 12 22:39:08 2015 -0400
70a777f,Jesse Wilson,Jesse Wilson,Merge pull request #268 from sormuras/master,Fri May 8 01:08:49 2015 -0400
937b404,sormuras,sormuras,AnnotationSpec.get(AnnotationMirror) added w/ unit test.,Thu May 7 20:48:01 2015 +0200
2ae53e3,jwilson,jwilson,Add missing braces.,Wed Apr 29 09:36:28 2015 -0400
84e27b9,Jesse Wilson,Jesse Wilson,Merge pull request #265 from sormuras/master,Wed Apr 29 09:33:06 2015 -0400
2288620,sormuras,sormuras,Prevent potential NPE when getting package reference.,Wed Apr 29 09:12:20 2015 +0200
28a40bb,Jesse Wilson,Jesse Wilson,Merge pull request #262 from kenzierocks/fix/error-messages,Wed Apr 8 19:32:14 2015 -0400
83e5d0c,Kenzie Togami,Kenzie Togami,Fix Util error message,Thu Apr 9 08:04:42 2015 +0900
975ff09,Jesse Wilson,Jesse Wilson,Merge pull request #261 from kenzierocks/fix/javadoc,Wed Apr 8 18:46:17 2015 -0400
8d7e0a0,Kenzie Togami,Kenzie Togami,Add missing $ in javadoc,Thu Apr 9 06:06:16 2015 +0900
bc3c8ca,Jesse Wilson,Jesse Wilson,Merge pull request #259 from jbeder/master,Tue Mar 31 01:05:32 2015 -0400
cb9c84b,Jesse Beder,Jesse Beder,Fix import error.,Mon Mar 30 22:42:36 2015 -0500
50e568d,Jesse Wilson,Jesse Wilson,Merge pull request #251 from square/jwilson_0317_default_modifier_tweaks,Tue Mar 17 14:57:21 2015 -0400
40cd658,jwilson,jwilson,Java style followups to Java 8 modifier changes.,Tue Mar 17 14:48:43 2015 -0400
14216e0,Jesse Wilson,Jesse Wilson,Merge pull request #244 from kenzierocks/feature/defaults,Tue Mar 17 14:30:20 2015 -0400
723a03d,Kenzie Togami,Kenzie Togami,Add support for default methods on interfaces,Tue Mar 17 07:27:50 2015 -0700
acc4915,Jake Wharton,Jake Wharton,Merge pull request #249 from square/jw/force-unixy-tests,Mon Mar 16 21:12:20 2015 -0500
f70f871,Jake Wharton,Jake Wharton,Use the system-specific file path in asserion.,Mon Mar 16 21:57:32 2015 -0400
34961b1,Jake Wharton,Jake Wharton,Force fake filesystem to behave like Unix.,Mon Mar 16 15:45:24 2015 -0400
3611177,Jesse Wilson,Jesse Wilson,Merge pull request #242 from kenzierocks/feature/reversebuild,Fri Mar 6 08:07:24 2015 -0500
9afa9fd,Kenzie Togami,Kenzie Togami,Add toBuilder() methods,Thu Mar 5 22:21:01 2015 -0800
0b21077,Jesse Wilson,Jesse Wilson,Merge pull request #241 from kenzierocks/fix/override,Thu Mar 5 11:08:14 2015 -0500
e2e94bf,Kenzie Togami,Kenzie Togami,Add missing Override annotation,Thu Mar 5 07:38:34 2015 -0800
317a01a,Jesse Wilson,Jesse Wilson,Merge pull request #236 from ben-manes/superclass,Thu Feb 26 10:04:57 2015 -0500
cb18b85,Jesse Wilson,Jesse Wilson,Merge pull request #235 from square/jw/simple-if-else,Thu Feb 26 08:49:29 2015 -0500
a167b3a,Ben Manes,Ben Manes,Add precondition check when specifying the superclass,Thu Feb 26 01:15:48 2015 -0800
8a96c5d,Jake Wharton,Jake Wharton,Add test for simple if/else statement.,Wed Feb 25 22:50:00 2015 -0800
2191f1c,Jesse Wilson,Jesse Wilson,Merge pull request #233 from GerardPaligot/fix_232,Tue Feb 24 19:17:48 2015 -0500
8107e2f,GerardPaligot,GerardPaligot,Creates annotation type from TypeSpec.,Wed Feb 25 00:31:54 2015 +0100
4e9ad1e,Jesse Wilson,Jesse Wilson,Update README.md,Mon Feb 23 19:14:12 2015 -0500
2afa46c,Jesse Wilson,Jesse Wilson,Add links to Javadoc,Mon Feb 23 19:13:44 2015 -0500
266e413,jwilson,jwilson,Deploy javapoet javadoc.,Mon Feb 23 19:02:45 2015 -0500
20e17fd,Jake Wharton,Jake Wharton,Merge pull request #231 from square/jwilson_0222_eager_validation,Sun Feb 22 16:59:42 2015 -0800
817d1dd,jwilson,jwilson,Eager validation of argument types.,Sun Feb 22 18:46:25 2015 -0500
233bc15,Jake Wharton,Jake Wharton,Correct method reference for writing.,Thu Feb 19 12:46:53 2015 -0800
395a2bc,Jake Wharton,Jake Wharton,Merge pull request #229 from square/jw/override,Wed Feb 18 16:17:49 2015 -0800
cb2a6f4,Jake Wharton,Jake Wharton,MethodSpec factory for overriding an ExecutableElement.,Wed Feb 18 16:16:10 2015 -0800
33bb07e,Jesse Wilson,Jesse Wilson,Merge pull request #225 from dhleong/master,Wed Feb 11 18:45:13 2015 -0500
a8b85d1,Jesse Wilson,Jesse Wilson,Merge pull request #226 from square/jw/non-snapshots,Wed Feb 11 18:42:53 2015 -0500
0330a95,Jesse Wilson,Jesse Wilson,Merge pull request #220 from square/jwilson_0208_box,Wed Feb 11 18:42:47 2015 -0500
4168fb7,jwilson,jwilson,Box and unbox APIs.,Wed Feb 11 18:13:08 2015 -0500
eb77760,Jake Wharton,Jake Wharton,Switch to non-snapshot dependencies.,Wed Feb 11 17:49:31 2015 -0500
cbe76bb,dhleong,dhleong,Fix nextControlFlow not accepting arguments,Wed Feb 11 15:52:46 2015 -0500
31c2055,Jesse Wilson,Jesse Wilson,Merge pull request #224 from eamonnmcmanus/master,Tue Feb 10 21:08:47 2015 -0500
92207e4,Éamonn McManus,Éamonn McManus,Change CodeBlock.nextControlFlow so that it includes a space before the {, consistently with CodeBlock.beginControlFlow.,Tue Feb 10 17:51:21 2015 -0800
8ea1ac7,Jesse Wilson,Jesse Wilson,Merge pull request #215 from fbiville/issue_211,Fri Feb 6 00:06:47 2015 -0500
cb212e7,Jesse Wilson,Jesse Wilson,Merge pull request #218 from eamonnmcmanus/master,Thu Feb 5 18:16:04 2015 -0500
70b38e5,Éamonn McManus,Éamonn McManus,Fix WildcardTypeName.get(WildcardType), which would always fail with NullPointerException since either the extends bound or the super bound or both will be null.,Thu Feb 5 14:40:01 2015 -0800
b507426,Florent Biville,Florent Biville,Add Collection utilities on *Spec builders.,Tue Feb 3 11:14:51 2015 +0100
aee5f12,Jesse Wilson,Jesse Wilson,Merge pull request #216 from cgruber/runwith,Mon Feb 2 19:16:58 2015 -0500
65c00fc,Christian Edward Gruber,Christian Edward Gruber,Add @RunWith boilerplate to tests - lets alternative test runners in other build systems pick the correct runner.,Mon Feb 2 11:33:54 2015 -0800
d746405,Jesse Wilson,Jesse Wilson,Merge pull request #214 from zach-klippenstein/patch-1,Sat Jan 31 14:39:18 2015 -0500
a62798e,Zach Klippenstein,Zach Klippenstein,Fixed typo in Constructors section.,Sat Jan 31 09:26:52 2015 -0800
18af022,Jesse Wilson,Jesse Wilson,Merge pull request #213 from ben-manes/field_initializer,Sat Jan 31 10:16:52 2015 -0500
14eb7c6,Ben Manes,Ben Manes,Don't allow double field initialization.,Sat Jan 31 05:56:07 2015 -0800
23be296,jwilson,jwilson,[maven-release-plugin] prepare for next development iteration,Wed Jan 28 18:54:40 2015 -0500
5aaa112,jwilson,jwilson,[maven-release-plugin] prepare release javapoet-1.0.0,Wed Jan 28 18:54:38 2015 -0500
a82dc1e,jwilson,jwilson,Update changelog for 1.0.0.,Wed Jan 28 18:44:18 2015 -0500
2bbcf96,Jake Wharton,Jake Wharton,Merge pull request #210 from square/jwilson_0128_javafile_writeto,Wed Jan 28 15:23:49 2015 -0800
7571d75,jwilson,jwilson,Move file writing methods to JavaFile.,Wed Jan 28 18:14:14 2015 -0500
7896b18,Jake Wharton,Jake Wharton,Merge pull request #208 from square/jwilson_0127_followup,Wed Jan 28 09:56:47 2015 -0800
223b112,Jake Wharton,Jake Wharton,Merge pull request #209 from square/jwilson_0127_typename,Wed Jan 28 09:56:02 2015 -0800
f1740bc,Jesse Wilson,Jesse Wilson,Don't use java.lang.reflect.Type internally.,Wed Jan 28 09:33:19 2015 -0500
dfdc30b,Jesse Wilson,Jesse Wilson,Character.isUpperCase follow up.,Tue Jan 27 14:37:47 2015 -0500
04746e0,Jake Wharton,Jake Wharton,Merge pull request #205 from square/jwilson_0126_no_deps,Tue Jan 27 00:00:04 2015 -0800
ea2ef34,Jake Wharton,Jake Wharton,Merge pull request #207 from square/jwilson_0127_wrap,Mon Jan 26 23:46:29 2015 -0800
991c92e,Jesse Wilson,Jesse Wilson,Wrap multiline strings.,Tue Jan 27 02:42:00 2015 -0500
302a5e0,Jake Wharton,Jake Wharton,Merge pull request #206 from square/jwilson_0126_java_lang,Mon Jan 26 20:53:50 2015 -0800
a8d7572,Jesse Wilson,Jesse Wilson,Option to skip java.lang imports.,Mon Jan 26 23:37:58 2015 -0500
34bde0e,Jesse Wilson,Jesse Wilson,Don't require any dependencies in JavaPoet.,Mon Jan 26 22:48:19 2015 -0500
104f20f,Jake Wharton,Jake Wharton,Merge pull request #204 from square/jw/messages,Mon Jan 26 16:09:40 2015 -0800
46f6439,Jake Wharton,Jake Wharton,Add messages to state and argument validation.,Mon Jan 26 16:06:07 2015 -0800
7490705,Jesse Wilson,Jesse Wilson,Merge pull request #203 from square/jw/build-failure,Mon Jan 26 19:05:16 2015 -0500
d63c516,Jake Wharton,Jake Wharton,Add missing indent.,Mon Jan 26 15:14:02 2015 -0800
6db81d3,Jake Wharton,Jake Wharton,Drop 'multiple'.,Mon Jan 26 14:28:47 2015 -0800
f3859b0,Jake Wharton,Jake Wharton,Merge pull request #202 from square/jwilson_0125_java7,Mon Jan 26 14:21:30 2015 -0800
ad6d011,Jesse Wilson,Jesse Wilson,Support building and running on Java 7.,Mon Jan 26 16:31:45 2015 -0500
90b3f1a,Jake Wharton,Jake Wharton,Merge pull request #201 from square/jwilson_0125_tostring,Sun Jan 25 12:54:46 2015 -0800
1d7e42e,Jesse Wilson,Jesse Wilson,Document annotations and Javadoc.,Sun Jan 25 13:28:19 2015 -0500
0272b4b,Jesse Wilson,Jesse Wilson,Merge pull request #198 from pwittchen/configurable_indent,Sun Jan 25 11:31:03 2015 -0500
18c8153,Piotr Wittchen,Piotr Wittchen,adding configurable indent,Sun Jan 25 16:14:01 2015 +0100
e8c123d,Jesse Wilson,Jesse Wilson,Implement toString in JavaPoet types.,Sun Jan 25 10:05:47 2015 -0500
75725cd,Jake Wharton,Jake Wharton,Merge pull request #199 from square/jwilson_0124_wrapped_lines,Sat Jan 24 22:29:28 2015 -0800
b8a225e,Jake Wharton,Jake Wharton,Merge pull request #200 from square/jwilson_0124_dagger_features,Sat Jan 24 18:08:30 2015 -0800
4d69659,Jesse Wilson,Jesse Wilson,Small features for Dagger.,Sat Jan 24 20:51:58 2015 -0500
7e28c6f,Jesse Wilson,Jesse Wilson,Double indent wrapped lines.,Sat Jan 24 15:49:26 2015 -0500
3542eba,Jake Wharton,Jake Wharton,Merge pull request #194 from square/jwilson_0121_enums_are_abstract,Wed Jan 21 19:55:18 2015 -0800
173eaff,Jesse Wilson,Jesse Wilson,Don't forbid abstract methods on enums.,Wed Jan 21 20:13:48 2015 -0500
0015140,Jesse Wilson,Jesse Wilson,Merge pull request #192 from nmorel/native_and_jsni_methods,Tue Jan 20 19:41:31 2015 -0500
2915976,Nicolas Morel,Nicolas Morel,Native methods and GWT JSNI,Wed Jan 21 01:24:39 2015 +0100
3eeaa64,Jake Wharton,Jake Wharton,Merge pull request #191 from tomxor/readme-syntax,Tue Jan 20 13:49:23 2015 -0800
82d0b01,Tom Reznik,Tom Reznik,README highlighting and indentation fixes,Tue Jan 20 22:39:19 2015 +0100
4d301bc,Jesse Wilson,Jesse Wilson,More documentation.,Tue Jan 20 00:05:07 2015 -0500
d9ec76d,Jesse Wilson,Jesse Wilson,Update README with an introduction.,Sun Jan 18 23:32:19 2015 -0500
58713e4,Jesse Wilson,Jesse Wilson,Link to JavaWriter.,Sun Jan 18 17:46:11 2015 -0500
ecd44b3,Jake Wharton,Jake Wharton,Merge pull request #188 from square/jwilson_0118_members_ordering,Sun Jan 18 12:56:19 2015 -0800
eb43c67,Jesse Wilson,Jesse Wilson,Members ordering.,Sun Jan 18 15:10:09 2015 -0500
b5d43c8,Jake Wharton,Jake Wharton,Merge pull request #187 from square/jwilson_0118_interface_modifiers,Sun Jan 18 11:39:23 2015 -0800
57498ca,Jesse Wilson,Jesse Wilson,Default modifiers.,Sun Jan 18 12:54:35 2015 -0500
e5b66b0,Jesse Wilson,Jesse Wilson,Merge pull request #185 from square/jwilson_0115_ergonomics,Sat Jan 17 11:44:42 2015 -0500
0f0f80c,Jesse Wilson,Jesse Wilson,API ergonomics redux.,Sat Jan 17 11:41:20 2015 -0500
1c01bb7,Jesse Wilson,Jesse Wilson,Merge pull request #183 from square/jw/nested-class-named,Thu Jan 15 17:54:37 2015 -0500
dc9a067,Jake Wharton,Jake Wharton,Restore simple nested class creation method.,Thu Jan 15 09:57:02 2015 -0500
7fa20ef,Jake Wharton,Jake Wharton,Merge pull request #182 from tbroyer/type-placeholder,Thu Jan 15 09:40:02 2015 -0500
cc215da,Thomas Broyer,Thomas Broyer,Support TypeMirror and Element for $T, and any CharSequence for $N,Thu Jan 15 13:47:09 2015 +0100
0b8051a,Jesse Wilson,Jesse Wilson,Merge pull request #181 from tbroyer/make-classname-simplenames-public,Thu Jan 15 07:09:06 2015 -0500
0d8505d,Thomas Broyer,Thomas Broyer,Make ClassName#simpleNames public.,Thu Jan 15 10:53:30 2015 +0100
7d7c0c6,Jake Wharton,Jake Wharton,Merge pull request #180 from square/jwilson_0114_codeblock_javadoc,Wed Jan 14 18:02:30 2015 -0500
1d0a114,Jesse Wilson,Jesse Wilson,Update CodeBlock documentation.,Wed Jan 14 17:49:27 2015 -0500
e5e163f,Jake Wharton,Jake Wharton,Merge pull request #178 from square/jwilson_0114_codeblock,Wed Jan 14 15:46:08 2015 -0500
3dfd58c,Jake Wharton,Jake Wharton,Merge pull request #179 from square/jwilson_0114_fewer_primitives,Wed Jan 14 15:25:30 2015 -0500
0773de9,Jesse Wilson,Jesse Wilson,Primitive class to string is easy.,Wed Jan 14 15:22:13 2015 -0500
5adcb3a,Jesse Wilson,Jesse Wilson,Code blocks.,Wed Jan 14 15:16:44 2015 -0500
dac757a,Jesse Wilson,Jesse Wilson,Merge pull request #177 from square/jw/didnt-even-know-it,Wed Jan 14 13:40:26 2015 -0500
7b4e56e,Thomas Broyer,Thomas Broyer,Merge pull request #176 from square/jw/fix-example-code,Wed Jan 14 17:24:37 2015 +0100
4f6c366,Jake Wharton,Jake Wharton,Rename package to 'javapoet'.,Wed Jan 14 11:13:35 2015 -0500
3b302bd,Jake Wharton,Jake Wharton,Fix up example code.,Wed Jan 14 11:09:17 2015 -0500
29e2cdd,Jesse Wilson,Jesse Wilson,Merge pull request #174 from square/jwilson_0113_poet,Tue Jan 13 19:08:35 2015 -0500
1b7d009,Jesse Wilson,Jesse Wilson,JavaPoet.,Tue Jan 13 19:07:07 2015 -0500
460baa9,Jake Wharton,Jake Wharton,Merge pull request #173 from square/jw/messages,Tue Jan 13 18:46:44 2015 -0500
111a082,Jake Wharton,Jake Wharton,Preconditions messages. Normalize list creation.,Tue Jan 13 18:44:44 2015 -0500
b85a6bb,Jesse Wilson,Jesse Wilson,Merge pull request #172 from square/jw/better-assert-that,Tue Jan 13 18:00:07 2015 -0500
5bbf088,Jake Wharton,Jake Wharton,Switch to better 'assertThat' method.,Tue Jan 13 17:34:27 2015 -0500
baffcde,Jake Wharton,Jake Wharton,Restore snapshot deployment from master.,Tue Jan 13 12:32:44 2015 -0500
33ce3e1,Jesse Wilson,Jesse Wilson,Merge pull request #169 from square/jwilson_0112_3221225472,Tue Jan 13 10:50:31 2015 -0500
02bd3a1,Jesse Wilson,Jesse Wilson,Top of file comments. Stream to the filesystem.,Tue Jan 13 10:48:34 2015 -0500
aa0e662,Jesse Wilson,Jesse Wilson,Merge pull request #168 from square/jwilson_0112_fix_varargs,Tue Jan 13 10:38:53 2015 -0500
eefa91d,Jesse Wilson,Jesse Wilson,Fix varargs for builders.,Tue Jan 13 10:38:42 2015 -0500
497561f,Jake Wharton,Jake Wharton,Merge pull request #167 from square/jwilson_0112_address_gaks_feedback,Tue Jan 13 08:52:59 2015 -0500
b514e04,Jake Wharton,Jake Wharton,Merge pull request #170 from square/jwilson_0112_default_package,Tue Jan 13 08:48:25 2015 -0500
3adcc4a,Jesse Wilson,Jesse Wilson,Test that the default package works.,Tue Jan 13 00:54:34 2015 -0500
9f83e8e,Jesse Wilson,Jesse Wilson,Address feedback on pull request #160.,Mon Jan 12 23:12:04 2015 -0500
a6404cc,Jesse Wilson,Jesse Wilson,Merge pull request #166 from square/jwilson_0112_nested_annotations,Mon Jan 12 22:09:33 2015 -0500
96e3851,Jesse Wilson,Jesse Wilson,Support nested annotations and multiple annotation values.,Mon Jan 12 19:37:27 2015 -0500
147eb5a,Jake Wharton,Jake Wharton,Merge pull request #165 from square/builders,Mon Jan 12 18:24:04 2015 -0500
bd4099d,Jesse Wilson,Jesse Wilson,Merge branch 'master' into builders,Mon Jan 12 18:11:45 2015 -0500
ca528b7,Jake Wharton,Jake Wharton,Merge pull request #164 from square/jwilson_0111_classname,Mon Jan 12 17:57:35 2015 -0500
4b10b20,Jesse Wilson,Jesse Wilson,Drop name collision avoidance. Tweak ClassName API.,Mon Jan 12 12:33:22 2015 -0500
4e18f7f,Jesse Wilson,Jesse Wilson,Merge pull request #163 from tbroyer/travis-tests-java7,Sun Jan 11 19:59:54 2015 -0500
d5dd1fd,Thomas Broyer,Thomas Broyer,Run tests with OpenJDK 7 to verify runtime compatibility,Mon Jan 12 00:09:27 2015 +0100
02b9a9f,Jake Wharton,Jake Wharton,Merge pull request #162 from square/jwilson_0111_javadoc,Sun Jan 11 12:51:35 2015 -0800
51191c9,Jesse Wilson,Jesse Wilson,Javadoc.,Sun Jan 11 10:16:04 2015 -0500
dd567a4,Jake Wharton,Jake Wharton,Merge pull request #161 from square/jwilson_0111_factories,Sun Jan 11 01:01:36 2015 -0800
a6a446c,Jesse Wilson,Jesse Wilson,Factories for TypeSpec.Builder and other builders.,Sun Jan 11 03:27:15 2015 -0500
8fba60b,Jesse Wilson,Jesse Wilson,Merge pull request #160 from square/jwilson_0111_types,Sun Jan 11 02:50:22 2015 -0500
598b446,Jesse Wilson,Jesse Wilson,Use java.lang.reflect.Type instead of TypeName.,Sun Jan 11 02:22:50 2015 -0500
cd75215,Jake Wharton,Jake Wharton,Merge pull request #159 from square/jwilson_0110_the_great_deleting,Sat Jan 10 16:52:39 2015 -0800
8c0ca23,Jesse Wilson,Jesse Wilson,Close remaining gaps between builders and writers.,Sat Jan 10 18:38:23 2015 -0500
d141cfb,Jake Wharton,Jake Wharton,Merge pull request #158 from square/jwilson_0110_nested_classes_imports,Sat Jan 10 12:57:28 2015 -0800
5b4f979,Jesse Wilson,Jesse Wilson,Nested classes and imports.,Sat Jan 10 10:37:27 2015 -0500
bd1db39,Jesse Wilson,Jesse Wilson,Merge pull request #157 from square/jwilson_0109_type_variables_implements,Sat Jan 10 08:46:42 2015 -0500
e2e90c1,Jesse Wilson,Jesse Wilson,Type variables, implements and extends.,Sat Jan 10 08:45:28 2015 -0500
8d31c0a,Jake Wharton,Jake Wharton,Merge pull request #156 from square/jwilson_0108_enums_exceptions,Thu Jan 8 21:12:38 2015 -0800
4963ae4,Jesse Wilson,Jesse Wilson,Enums and exceptions.,Thu Jan 8 23:19:02 2015 -0500
ecfff1f,Jesse Wilson,Jesse Wilson,Merge pull request #155 from square/jwilson_0108_constructors_abstract_methods,Thu Jan 8 21:56:33 2015 -0500
d88f2b6,Jesse Wilson,Jesse Wilson,Constructors and abstract methods.,Thu Jan 8 21:54:12 2015 -0500
7005ef4,Jesse Wilson,Jesse Wilson,Merge pull request #154 from square/jwilson_0108_anonymous_inner_classes,Thu Jan 8 15:15:36 2015 -0500
f9948ba,Jesse Wilson,Jesse Wilson,Support anonymous inner classes in builders.,Thu Jan 8 15:13:15 2015 -0500
781a745,Jake Wharton,Jake Wharton,Merge pull request #153 from AlecStrong/master,Wed Jan 7 16:21:50 2015 -0800
25f6c00,Alec Strong,Alec Strong,Varargs support for parameters,Wed Jan 7 16:47:32 2015 -0500
21a955d,Jake Wharton,Jake Wharton,Merge pull request #152 from square/jwilson_0105_violence,Wed Jan 7 11:21:31 2015 -0800
d7b2189,Jesse Wilson,Jesse Wilson,First, rough draft of immutable builders.,Wed Jan 7 13:55:49 2015 -0500
12b3d2a,Jake Wharton,Jake Wharton,Merge branch 'DarickTong-patch-1',Mon Dec 29 01:02:35 2014 -0800
a1a9eec,Jake Wharton,DarickTong,Fix infinite loop in ClassName.fromClass(),Mon Dec 29 01:02:24 2014 -0800
0e9f07e,Jake Wharton,Jake Wharton,Errors fail the deploy script.,Sat Dec 20 02:13:33 2014 -0800
d50ee86,Jake Wharton,Jake Wharton,Post-deploy echo.,Fri Dec 19 23:11:32 2014 -0800
fae2776,Jake Wharton,Jake Wharton,Merge pull request #147 from square/jw/travis-cache,Fri Dec 19 22:21:57 2014 -0800
6084001,Jake Wharton,Jake Wharton,Cache the contents of .m2 on Travis CI.,Fri Dec 19 13:31:01 2014 -0800
422f4ef,Jake Wharton,Jake Wharton,Merge pull request #144 from square/jw/parameter-annotations,Fri Dec 19 11:22:32 2014 -0800
34a98e0,Jake Wharton,Jake Wharton,Create ParameterWriter to enable their annotations.,Fri Dec 19 11:19:46 2014 -0800
670e428,Jesse Wilson,Jesse Wilson,Merge pull request #146 from square/test,Fri Dec 19 14:14:14 2014 -0500
5cace3b,Thomas Broyer,Thomas Broyer,Merge pull request #143 from square/jw/first-rest,Fri Dec 19 11:09:17 2014 +0100
e1f9e71,Jake Wharton,Jake Wharton,Auto-deploy snapshots to Sonatype.,Wed Dec 17 20:02:59 2014 -0800
d2ce287,Jake Wharton,Jake Wharton,Use varargs for adding types to JavaWriter.,Tue Dec 16 00:11:36 2014 -0800
ddb04c3,Jake Wharton,Jake Wharton,Merge pull request #142 from square/jw/filer-tests,Mon Dec 15 19:28:37 2014 -0800
acb2d7f,Jake Wharton,Jake Wharton,Add support for per-type originating elements.,Mon Dec 15 19:19:00 2014 -0800
7c174e7,Jesse Wilson,Jesse Wilson,Merge pull request #141 from square/jw/filer-tests,Mon Dec 15 21:14:47 2014 -0500
3bef5b6,Jake Wharton,Jake Wharton,Test Filer interaction.,Mon Dec 15 16:22:01 2014 -0800
22e515d,Jake Wharton,Jake Wharton,Merge branch 'tbroyer-classbodywriter',Mon Dec 15 09:39:04 2014 -0800
77c1d72,Jake Wharton,Jake Wharton,Hide ClassBodyWriter from the public API.,Mon Dec 15 09:38:57 2014 -0800
1c4d9fc,Thomas Broyer,Thomas Broyer,Add support for enum constants with class body,Sun Dec 14 00:55:44 2014 +0100
4ff9adf,Thomas Broyer,Thomas Broyer,Move more things to ClassBodyWriter,Sun Dec 14 00:54:41 2014 +0100
6a3595c,Thomas Broyer,Thomas Broyer,Introduce ClassBodyWriter to avoid code duplication between type writers,Sat Dec 13 23:45:12 2014 +0100
61d1bac,Jake Wharton,Jake Wharton,Merge branch 'tbroyer-anonymousclasswriter',Fri Dec 12 09:37:11 2014 -0800
548dab4,Jake Wharton,Thomas Broyer,Adding support for anonymous classes,Fri Dec 12 09:37:03 2014 -0800
37ce822,Thomas Broyer,Thomas Broyer,Revert "Adding support for inner anonymous classes",Fri Dec 12 15:57:01 2014 +0100
7737c50,Jake Wharton,Jake Wharton,Merge pull request #132 from AlecStrong/master,Wed Dec 10 16:09:41 2014 -0800
251130c,Alec Strong,Alec Strong,Adding support for inner anonymous classes,Wed Dec 10 15:34:28 2014 -0800
aa28d0e,Jake Wharton,Jake Wharton,Merge pull request #130 from square/jw/super-referenced-classes,Tue Dec 9 16:51:42 2014 -0800
e7e2057,Jake Wharton,Jake Wharton,Rely on inheritance for building referenced classes.,Tue Dec 9 16:31:31 2014 -0800
7f0a332,Jake Wharton,Jake Wharton,Merge pull request #128 from square/jw/indent-enum-constants,Tue Dec 9 15:50:08 2014 -0800
b93e8cb,Jake Wharton,Jake Wharton,Merge pull request #129 from square/jw/annotation-class-name,Tue Dec 9 15:45:26 2014 -0800
62ab3c4,Jake Wharton,Jake Wharton,Support annotating with a ClassName.,Tue Dec 9 09:50:37 2014 -0800
38bc01f,Jake Wharton,Jake Wharton,Indent enum constants.,Tue Dec 9 09:43:52 2014 -0800
c1965e5,Jake Wharton,Jake Wharton,Merge pull request #127 from tbroyer/typevariablename-refactor,Tue Dec 9 08:43:14 2014 -0800
9c56397,Thomas Broyer,Thomas Broyer,Refactor TypeVariableName to use a single upper bound,Tue Dec 9 11:48:15 2014 +0100
5020835,Jake Wharton,Jake Wharton,Merge pull request #124 from square/jw/empty-method-block,Mon Dec 8 15:42:40 2014 -0800
5825acc,Jake Wharton,Jake Wharton,Always newline after opening method block.,Mon Dec 8 15:31:34 2014 -0800
35c756f,Jake Wharton,Jake Wharton,Merge pull request #108 from square/jw/no-indent-on-newlines,Mon Dec 8 10:02:32 2014 -0800
1746b21,Jake Wharton,Jake Wharton,Merge pull request #121 from tbroyer/expose-typenames-factory,Mon Dec 8 09:55:46 2014 -0800
e5ec435,Jake Wharton,Jake Wharton,Do not apply indent on empty lines.,Mon Dec 8 09:46:34 2014 -0800
859f8be,Jesse Wilson,Jesse Wilson,Merge pull request #114 from square/jw/explicit-imports,Mon Dec 8 09:28:11 2014 -0800
8fd4f58,Jesse Wilson,Jesse Wilson,Merge pull request #107 from square/jw/existing-folder,Mon Dec 8 09:22:49 2014 -0800
fc6679c,Thomas Broyer,Thomas Broyer,Expose/add factory methods for all TypeName implementations.,Mon Dec 8 11:01:08 2014 +0100
1741f87,Jake Wharton,Jake Wharton,Merge pull request #117 from square/jw/method-throws,Sat Dec 6 22:02:38 2014 -0800
a7bacc4,Jake Wharton,Jake Wharton,Merge branch 'referencedclasses' of https://github.com/tbroyer/javawriter into tbroyer-referencedclasses,Sat Dec 6 21:47:27 2014 -0800
468ddf4,Thomas Broyer,Thomas Broyer,Factorize function to extract referencedClasses out of HasClassReferences,Sun Dec 7 03:06:11 2014 +0100
a13c633,Jake Wharton,Jake Wharton,Merge pull request #119 from tbroyer/create-subcontext,Sat Dec 6 17:46:09 2014 -0800
ed4da02,Thomas Broyer,Thomas Broyer,Factorize createSubcontext in TypeWriter to avoid code duplication,Sun Dec 7 02:38:18 2014 +0100
002d2e7,Jake Wharton,Jake Wharton,Add throws declaration support to method signature.,Sat Dec 6 17:02:26 2014 -0800
0572bbf,Jake Wharton,Jake Wharton,Merge pull request #109 from square/jw/check-void-first,Sat Dec 6 15:26:05 2014 -0800
834825a,Jake Wharton,Thomas Broyer,Introduce Writeables.Joiner to simplify writing lists of Writeable objects,Sat Dec 6 14:44:59 2014 -0800
74b96b2,Jake Wharton,Jake Wharton,Restore explicit import support.,Sat Dec 6 04:43:30 2014 -0800
29eb542,Jake Wharton,Jake Wharton,Switch conditional order since 'void' is a primitive class.,Sat Dec 6 02:18:22 2014 -0800
db00b95,Jake Wharton,Jake Wharton,Don't blow-up on existing directories.,Fri Dec 5 23:21:36 2014 -0800
14937ce,Jesse Wilson,Jesse Wilson,Merge pull request #101 from square/jw/top-level,Thu Dec 4 22:53:38 2014 -0500
b3d4c60,Jesse Wilson,Jesse Wilson,Merge pull request #104 from square/jw/expose-enum-arguments,Thu Dec 4 22:43:29 2014 -0500
a3c879b,Jake Wharton,Jake Wharton,Expose enum argument method.,Thu Dec 4 18:31:55 2014 -0800
75772de,Jesse Wilson,Jesse Wilson,Merge pull request #103 from square/jw/update-junit,Thu Dec 4 20:56:42 2014 -0500
c716d5c,Jake Wharton,Jake Wharton,Type writer subclasses are now top level. JavaWriter is for multiple types.,Thu Dec 4 16:25:31 2014 -0800
d8fc3fa,Jake Wharton,Jake Wharton,Update JUnit.,Thu Dec 4 14:06:59 2014 -0800
3fc1be2,Jesse Wilson,Jesse Wilson,Merge pull request #102 from square/jw/lucky-number-seven,Thu Dec 4 13:19:59 2014 -0500
c76913f,Jake Wharton,Jake Wharton,Build with and target Java 7.,Thu Dec 4 10:07:39 2014 -0800
3c3d614,Jake Wharton,Jake Wharton,Merge branch 'javawriter_3',Wed Dec 3 14:20:49 2014 -0800
e5cc083,Jake Wharton,Jake Wharton,[maven-release-plugin] prepare for next development iteration,Wed Dec 3 14:14:29 2014 -0800
ffe1e0d,Jake Wharton,Jake Wharton,[maven-release-plugin] prepare release javawriter-2.5.1,Wed Dec 3 14:14:23 2014 -0800
4e958e1,Jake Wharton,Jake Wharton,Prepare version 2.5.1.,Wed Dec 3 14:13:13 2014 -0800
b34b67c,Jesse Wilson,Jesse Wilson,Merge pull request #98 from square/jw/binary-compatibility,Wed Dec 3 16:48:42 2014 -0500
c81cbb1,Jake Wharton,Jake Wharton,Restore binary compatibility with previous versions.,Wed Dec 3 13:30:27 2014 -0800
18ff238,Jesse Wilson,Jesse Wilson,Merge pull request #94 from square/jw/move-supertype-into-class,Wed Dec 3 09:38:20 2014 -0500
2bdbd1d,Jesse Wilson,Jesse Wilson,Merge pull request #97 from square/jw/eager-rejection,Wed Dec 3 09:31:25 2014 -0500
3386cd7,Jesse Wilson,Jesse Wilson,Merge pull request #95 from square/jw/prefer-type-names,Wed Dec 3 09:29:19 2014 -0500
5d80ff3,Jake Wharton,Jake Wharton,Eagerly reject invalid values to ClassName.fromClass.,Tue Dec 2 18:22:19 2014 -0800
c812663,Jake Wharton,Jake Wharton,Prefer TypeNames.forClass for input of potentially primitive or array types.,Tue Dec 2 18:06:05 2014 -0800
feef1fe,Jake Wharton,Jake Wharton,Move supertype into class, expose setter, fix interface implements.,Tue Dec 2 17:41:56 2014 -0800
75a9dad,Jesse Wilson,Jesse Wilson,Merge pull request #93 from square/jw/intersection-type,Tue Dec 2 13:43:11 2014 -0500
f1385e9,Jake Wharton,Jake Wharton,Add intersection type handling for Java 8 and up.,Tue Dec 2 10:21:52 2014 -0800
c4bc7c3,Jesse Wilson,Jesse Wilson,Merge pull request #89 from square/jw/multimember-annotation,Mon Dec 1 23:29:25 2014 -0500
f4e3bba,Jesse Wilson,Jesse Wilson,Merge pull request #92 from square/jw/clean-up-warnings,Mon Dec 1 23:28:26 2014 -0500
b0e92a0,Jake Wharton,Jake Wharton,Fix conditional.,Mon Dec 1 16:07:57 2014 -0800
79db4aa,Jake Wharton,Jake Wharton,Clean up some warnings.,Mon Dec 1 16:04:00 2014 -0800
dcd2c68,Jesse Wilson,Jesse Wilson,Merge pull request #90 from square/jw/kill-extraneous-newlines,Mon Dec 1 18:47:28 2014 -0500
1bf20dd,Jake Wharton,Jake Wharton,Support multi-member annotations.,Mon Dec 1 14:36:34 2014 -0800
4654a8b,Jake Wharton,Jake Wharton,Eliminate extra newlines.,Mon Dec 1 14:12:00 2014 -0800
b24ebf2,Jesse Wilson,Jesse Wilson,Merge pull request #88 from tbroyer/typevariables,Sun Nov 30 13:03:59 2014 -0500
f431a38,Thomas Broyer,Thomas Broyer,Add support for generic type arguments where it's missing,Sun Nov 30 11:26:41 2014 +0100
b734b83,Thomas Broyer,Thomas Broyer,Fix TypeVariableName wrt bounds and creation from TypeMirror,Sun Nov 30 11:26:41 2014 +0100
6554225,Jake Wharton,Jake Wharton,Merge pull request #72 from square/jw/wildcard-factories,Tue Nov 25 10:47:45 2014 -0800
183ef67,Jake Wharton,Jake Wharton,Add factories for wildcard type names.,Tue Nov 25 10:46:59 2014 -0800
232ec3e,Jake Wharton,Jake Wharton,Merge pull request #71 from square/jw/and-then-there-was-3,Mon Nov 24 10:56:37 2014 -0800
274bb39,Jake Wharton,Jake Wharton,Next version is 3.0.,Mon Nov 24 10:47:27 2014 -0800
dc7714e,Jesse Wilson,Jesse Wilson,Merge pull request #70 from square/jw/new-redirect-link,Wed Nov 19 17:45:50 2014 -0500
271af10,Jake Wharton,Jake Wharton,Use new central artifact redirect link.,Wed Nov 19 14:20:44 2014 -0800
ec00e06,Jake Wharton,Jake Wharton,Merge pull request #69 from square/jwilson_1117_new_javawriter,Mon Nov 17 13:29:49 2014 -0800
8a0fcc1,Jesse Wilson,Jesse Wilson,Rename package from dagger.internal.codegen.writer.,Mon Nov 17 10:23:09 2014 -0500
5bcd829,Jesse Wilson,Jesse Wilson,Merge branch 'import-google-dagger' into jwilson_1117_new_javawriter,Mon Nov 17 10:17:18 2014 -0500
c474b69,Christian Edward Gruber,cgruber,Fix up a stray test whose expected text changed when it was moved, and make another test less brittle.,Thu Oct 30 11:55:26 2014 -0700
b4a4db4,Christian Edward Gruber,cgruber,Add intra-component scope validation (within all modules included in a component). ------------- Created by MOE: http://code.google.com/p/moe-java MOE_MIGRATED_REVID=78682699,Thu Oct 30 11:55:26 2014 -0700
d256511,Christian Edward Gruber,gak,Add BindingGraph as a single canonical implementation of the resolve binding graph. ------------- Created by MOE: http://code.google.com/p/moe-java MOE_MIGRATED_REVID=75816059,Wed Oct 15 23:11:27 2014 -0700
7d8bc45,Christian Edward Gruber,gak,Change the implementation of factories with no deps to be enums rather than types to be instantiated. ------------- Created by MOE: http://code.google.com/p/moe-java MOE_MIGRATED_REVID=75809623,Wed Oct 15 23:11:27 2014 -0700
76c7100,Christian Edward Gruber,gak,Switch back to eager init. ------------- Created by MOE: http://code.google.com/p/moe-java MOE_MIGRATED_REVID=73930760,Wed Sep 17 00:00:23 2014 -0700
cb4224b,Christian Edward Gruber,gak,Ensure that JavaWriter does not attempt to import a class whose simple name is the same as any type declared in the file. ------------- Created by MOE: http://code.google.com/p/moe-java MOE_MIGRATED_REVID=73930340,Wed Sep 17 00:00:23 2014 -0700
67bd94d,Christian Edward Gruber,cgruber,An initial cut of better error messages at compile time.  Initially includes missing bindings and cycle detection. ------------- Created by MOE: http://code.google.com/p/moe-java MOE_MIGRATED_REVID=73222696,Wed Sep 17 00:00:22 2014 -0700
ac78f10,Christian Edward Gruber,kak,Use Truth.assert_() instead of ASSERT ------------- Created by MOE: http://code.google.com/p/moe-java MOE_MIGRATED_REVID=72726400,Wed Sep 17 00:00:22 2014 -0700
fc73740,Christian Edward Gruber,gak,Change import handling to only consider snippet arguments that were specified using type names.  No more cleanups for things that happened to look like type names. ------------- Created by MOE: http://code.google.com/p/moe-java MOE_MIGRATED_REVID=72608266,Wed Sep 17 00:00:22 2014 -0700
3fbe8c8,Christian Edward Gruber,cgruber,Update Truth package name to the new location.,Wed Sep 17 00:00:21 2014 -0700
084e7cc,Christian Edward Gruber,gak,Create package proxies for references to types that aren't visibile to the component (but the factories and members injectors are). ------------- Created by MOE: http://code.google.com/p/moe-java MOE_MIGRATED_REVID=72334409,Wed Sep 17 00:00:21 2014 -0700
4969b4a,Christian Edward Gruber,srabbelier,Add closing h2 tag ------------- Created by MOE: http://code.google.com/p/moe-java MOE_MIGRATED_REVID=71691383,Wed Sep 17 00:00:21 2014 -0700
d39761f,Jesse Wilson,Jesse Wilson,Merge pull request #64 from square/jw/compress-varargs-and-arrays,Wed Aug 13 19:23:32 2014 -0400
a4b5551,Jake Wharton,Jake Wharton,Automatically compress varargs and array types.,Tue Aug 12 19:03:29 2014 -0700
8483d5f,Christian Edward Gruber,Christian Edward Gruber,Address field naming collisions in JavaWriter and Dagger. ------------- Created by MOE: http://code.google.com/p/moe-java MOE_MIGRATED_REVID=71157169,Sat Jul 19 11:37:24 2014 -0700
ad2f5ce,Christian Edward Gruber,Christian Edward Gruber,Add an annotation processor that generates simple (, ugly) interface that can be used for migrating from ObjectGraph to @Component.  This is @GoogleInternal and shouldn't ever see the light of day. ------------- Created by MOE: http://code.google.com/p/moe-java MOE_MIGRATED_REVID=71156786,Sat Jul 19 11:37:24 2014 -0700
b1e0d9e,Christian Edward Gruber,Christian Edward Gruber,Fix an issue in which collisions between imports and types in the same package were not being handled correctly. ------------- Created by MOE: http://code.google.com/p/moe-java MOE_MIGRATED_REVID=70968955,Sat Jul 19 11:32:27 2014 -0700
e4b6b6c,Christian Edward Gruber,Christian Edward Gruber,Fix a bug in which imports were not being handled properly for collisions. ------------- Created by MOE: http://code.google.com/p/moe-java MOE_MIGRATED_REVID=70914122,Sat Jul 19 11:32:27 2014 -0700
aedf7cb,Christian Edward Gruber,Christian Edward Gruber,Add a builder-based API for instantiating components. ------------- Created by MOE: http://code.google.com/p/moe-java MOE_MIGRATED_REVID=70739659,Sat Jul 19 11:32:27 2014 -0700
7cde262,Christian Edward Gruber,Christian Edward Gruber,Fix the code generation to properly handle some missing types like arrays and void. ------------- Created by MOE: http://code.google.com/p/moe-java MOE_MIGRATED_REVID=70660936,Sat Jul 19 11:32:20 2014 -0700
0043406,Christian Edward Gruber,Christian Edward Gruber,Fix an issue in which wildcards weren't actually getting written. ------------- Created by MOE: http://code.google.com/p/moe-java MOE_MIGRATED_REVID=70434398,Sat Jul 19 11:30:35 2014 -0700
731b6fc,Christian Edward Gruber,Christian Edward Gruber,Add a new version of JavaWriter that allows for writing to different parts of the compilation unit simultaneously.  Then, use it in code generation in Dagger 2 code. ------------- Created by MOE: http://code.google.com/p/moe-java MOE_MIGRATED_REVID=70279532,Wed Jul 2 00:41:41 2014 -0700
66c9095,Jake Wharton,Jake Wharton,Merge pull request #61 from gk5885/string-literal,Thu Jun 12 13:14:43 2014 -0700
3bb28b3,Gregory Kick,Gregory Kick,Add a StringLiteral class as a replacement for JavaWriter.StringLiteral.  Advantages include:   * References differentiate between String and StringLiteral   * StringLiteral.toString() still allows to be directly passed to String.format, et. al.   * You can get the value back after the literal has been passed around.,Thu Jun 12 13:15:38 2014 -0500
6fff17a,Jake Wharton,Jake Wharton,Merge pull request #60 from jonas-l/master,Tue May 20 07:51:51 2014 -0700
105d4b2,Jonas Lasauskas,Jonas Lasauskas,Use canonical class name when importing as class.,Tue May 20 14:47:56 2014 +0300
edb9565,Jake Wharton,Jake Wharton,[maven-release-plugin] prepare for next development iteration,Fri Apr 18 12:22:31 2014 -0700
ace739d,Jake Wharton,Jake Wharton,[maven-release-plugin] prepare release javawriter-2.5.0,Fri Apr 18 12:22:27 2014 -0700
048d1fc,Jake Wharton,Jake Wharton,Prepare version 2.5.0.,Fri Apr 18 12:21:37 2014 -0700
93ddadf,Jake Wharton,Jake Wharton,Merge pull request #56 from square/rice/avoid_trailing_space,Fri Apr 18 11:44:58 2014 -0700
541accb,Daniel Rice,Daniel Rice,Don't emit a trailing space after '=' at end-of-line,Fri Apr 18 14:40:36 2014 -0400
cb24911,Jake Wharton,Jake Wharton,Merge pull request #55 from square/jw/empty-non-enum-sets,Thu Apr 17 13:04:25 2014 -0700
2dccc71,Jake Wharton,Jake Wharton,Merge pull request #54 from auke-/master,Thu Apr 17 13:04:19 2014 -0700
fced314,Jake Wharton,Jake Wharton,Skip work when modifier set is empty.,Thu Apr 17 12:59:14 2014 -0700
181c7ca,Jake Wharton,Jake Wharton,Merge pull request #49 from ragunathjawahar/rj/interface-method-declaration,Thu Apr 17 12:45:46 2014 -0700
46154db,Auke Schrijnen,Auke Schrijnen,Support generic types when emitting constructors,Sat Apr 5 10:58:04 2014 +0200
c5de70d,Jake Wharton,Jake Wharton,Merge pull request #53 from square/jw/modifier-order-test,Sun Mar 9 23:57:31 2014 -0700
917a794,Jake Wharton,Jake Wharton,Add test for emitting modifier order in compliance with JLS.,Sun Mar 9 23:50:46 2014 -0700
329663e,Ragunath Jawahar R,Ragunath Jawahar R,Refactor popScope() to accept varargs.,Fri Feb 28 21:04:05 2014 +0530
7e55824,Ragunath Jawahar R,Ragunath Jawahar R,Removed extra spaces.,Fri Feb 28 05:57:20 2014 +0530
1378c01,Ragunath Jawahar R,Ragunath Jawahar R,Support interface method declarations.,Fri Feb 28 00:53:19 2014 +0530
50579db,Jake Wharton,Jake Wharton,Merge pull request #46 from square/jw/control-flow-args,Sun Jan 26 14:51:48 2014 -0800
c268516,Jake Wharton,Jake Wharton,Add args to control flow methods.,Sun Jan 26 03:41:27 2014 -0800
f6a479c,Jake Wharton,Jake Wharton,[maven-release-plugin] prepare for next development iteration,Fri Jan 10 23:39:37 2014 -0800
5eeae81,Jake Wharton,Jake Wharton,[maven-release-plugin] prepare release javawriter-2.4.0,Fri Jan 10 23:39:35 2014 -0800
25472fd,Jake Wharton,Jake Wharton,Prepare version 2.4.0.,Fri Jan 10 23:38:05 2014 -0800
763621d,Jake Wharton,Jake Wharton,CRLF -> LF. Fix indent level.,Fri Jan 10 23:31:38 2014 -0800
614f7cd,Jake Wharton,Jake Wharton,Merge pull request #43 from garena/master,Mon Jan 6 08:30:36 2014 -0800
4a31189,Mohit Kanwal,Mohit Kanwal,Take care of some formatting issues.,Mon Jan 6 21:54:24 2014 +0800
b05b7fd,Jesse Wilson,Jesse Wilson,Merge pull request #42 from garena/master,Sun Jan 5 10:19:53 2014 -0800
d115786,Mohit Kanwal,Mohit Kanwal,Added  a new method for the switch between printing a semi colon for the last enum value,Mon Jan 6 01:07:37 2014 +0800
658e10a,Jake Wharton,Jake Wharton,Remove javadoc statement that makes no sense for fields.,Wed Dec 25 13:30:44 2013 -0800
2705708,Jesse Wilson,Jesse Wilson,Merge pull request #41 from square/jw/wrap-fields-with-newlines,Wed Dec 25 11:28:36 2013 -0800
e66d8ba,Jake Wharton,Jake Wharton,Fix imports to match our style.,Tue Dec 24 17:47:43 2013 -0800
84da756,Jake Wharton,Jake Wharton,Properly indent newlines in fields.,Tue Dec 24 14:37:05 2013 -0800
38d0135,Jake Wharton,Jake Wharton,[maven-release-plugin] prepare for next development iteration,Mon Dec 16 22:33:30 2013 -0800
9a3c603,Jake Wharton,Jake Wharton,[maven-release-plugin] prepare release javawriter-2.3.1,Mon Dec 16 22:33:28 2013 -0800
c887337,Jake Wharton,Jake Wharton,Prepare 2.3.1.,Mon Dec 16 22:31:50 2013 -0800
7cf6e17,Jake Wharton,Jake Wharton,Merge pull request #40 from lukesandberg/annotations,Mon Dec 16 15:14:23 2013 -0800
30f5cf5,Luke Sandberg,Luke Sandberg,Properly handle subpackages of java.lang in compressType.,Sat Dec 14 17:03:37 2013 -0800
9f64847,Jake Wharton,Jake Wharton,[maven-release-plugin] prepare for next development iteration,Sun Nov 24 16:45:30 2013 -0800
ddb0a43,Jake Wharton,Jake Wharton,[maven-release-plugin] prepare release javawriter-2.3.0,Sun Nov 24 16:45:28 2013 -0800
f11602c,Jake Wharton,Jake Wharton,Prepare 2.3.0.,Sun Nov 24 16:43:44 2013 -0800
9de3e87,Jake Wharton,Jake Wharton,Add documentation to emitEnumValues.,Sun Nov 24 16:43:36 2013 -0800
c0f4a89,Jake Wharton,Jake Wharton,Merge pull request #28 from whiskeysierra/last-enum-constant,Sun Nov 24 16:40:20 2013 -0800
35c59c5,Willi Schönborn,Willi Schönborn,PR/28 made emitLastEnumValue private,Sun Nov 24 16:25:29 2013 +0100
321828a,Willi Schönborn,Willi Schönborn,PR/28 Added emitEnumValues method in addition to emitLastEnumValue,Sun Nov 24 13:22:08 2013 +0100
98f792d,Christian Edward Gruber,Christian Edward Gruber,Merge pull request #38 from gk5885/check-in-method,Fri Nov 22 14:27:06 2013 -0800
4bbfab0,Gregory Kick,Gregory Kick,Fix an issue introduced when adding constructor scope.,Fri Nov 22 17:22:53 2013 -0500
ad9cbcd,Christian Edward Gruber,Christian Edward Gruber,Merge pull request #36 from gk5885/compress-types,Fri Nov 22 14:06:31 2013 -0800
388d8e5,Gregory Kick,Gregory Kick,Fix an issue in which nested types were not being correctly identified unless they happened to be in a package without a dot.,Fri Nov 22 16:48:10 2013 -0500
d019b6f,Jake Wharton,Jake Wharton,Merge pull request #35 from gk5885/imports,Fri Nov 22 12:24:19 2013 -0800
fd7f36f,Gregory Kick,Gregory Kick,Add an overload to emitImports to let you import from class literals,Fri Nov 22 15:21:05 2013 -0500
e72e57d,Christian Edward Gruber,Christian Edward Gruber,Merge pull request #34 from gk5885/constructor,Fri Nov 22 08:26:33 2013 -0800
4c31ac8,Gregory Kick,Gregory Kick,Add beginConstructor,Fri Nov 22 11:14:07 2013 -0500
71e6bc2,Jake Wharton,Jake Wharton,Merge pull request #33 from gk5885/deprecated,Thu Nov 21 15:55:50 2013 -0800
253f563,Gregory Kick,Gregory Kick,Remove deprecated methods.,Thu Nov 21 18:30:43 2013 -0500
041d3f9,Jake Wharton,Jake Wharton,Merge pull request #26 from whiskeysierra/master,Mon Nov 4 08:52:48 2013 -0800
496986a,Jake Wharton,Jake Wharton,[maven-release-plugin] prepare for next development iteration,Wed Oct 23 17:56:30 2013 -0700
d909895,Jake Wharton,Jake Wharton,[maven-release-plugin] prepare release javawriter-2.2.1,Wed Oct 23 17:56:28 2013 -0700
645210f,Jake Wharton,Jake Wharton,Merge branch 'jw/trailing',Wed Oct 23 17:54:24 2013 -0700
d7fb416,Jake Wharton,Jake Wharton,Prepare version 2.2.1.,Wed Oct 23 17:52:58 2013 -0700
01b4370,Jake Wharton,Jake Wharton,Merge pull request #30 from square/jw/trailing,Wed Oct 23 10:21:33 2013 -0700
4847848,Jake Wharton,Jake Wharton,Do not emit trailing white-space for empty javadoc lines.,Tue Oct 22 22:57:53 2013 -0700
1cd91ed,Jake Wharton,Jake Wharton,Fix import order.,Tue Oct 22 22:54:44 2013 -0700
84b7298,Willi Schönborn,Willi Schönborn,Added new method to add last enum constant.,Wed Oct 9 23:32:03 2013 +0200
ad20665,Willi Schönborn,Willi Schönborn,Changed indent to take a String instead of an int,Mon Oct 7 08:52:35 2013 +0200
557953e,Willi Schönborn,Willi Schönborn,Made the indent configurable,Sat Oct 5 12:21:36 2013 +0200
75ffaba,Jake Wharton,Jake Wharton,[maven-release-plugin] prepare for next development iteration,Wed Sep 25 22:58:37 2013 -0700
e377980,Jake Wharton,Jake Wharton,[maven-release-plugin] prepare release javawriter-2.2.0,Wed Sep 25 22:58:34 2013 -0700
fc70ff2,Jake Wharton,Jake Wharton,Prepare version 2.3.0.,Wed Sep 25 22:56:24 2013 -0700
7076421,Jesse Wilson,Jesse Wilson,Merge pull request #25 from stephanenicolas/master,Wed Sep 25 19:31:19 2013 -0700
f325443,Stéphane Nicolas,Stéphane Nicolas,Make type compression optional. By default, type compression should be active. Otherwise it breaks tests.,Wed Sep 25 16:43:44 2013 +0200
bfcf4f6,Jake Wharton,Jake Wharton,Merge pull request #23 from dodgex/patch-1,Sat Sep 7 22:46:15 2013 -0700
1f074c7,dodgex,dodgex,Fix Example Code,Sun Sep 8 07:42:14 2013 +0200
2a693db,Jake Wharton,Jake Wharton,[maven-release-plugin] prepare for next development iteration,Fri Aug 23 09:31:49 2013 -0700
1746b5c,Jake Wharton,Jake Wharton,[maven-release-plugin] prepare release javawriter-2.1.2,Fri Aug 23 09:31:46 2013 -0700
2ca0bef,Jake Wharton,Jake Wharton,Prepare 2.1.2.,Fri Aug 23 09:29:08 2013 -0700
9d72297,Jesse Wilson,Jesse Wilson,Merge pull request #21 from square/rice/single_line_annotations,Wed Aug 21 19:22:08 2013 -0700
3627ded,Dan Rice,Dan Rice,Try to keep annotations on a single line,Wed Aug 21 19:04:53 2013 -0400
bb64e88,Jake Wharton,Jake Wharton,[maven-release-plugin] prepare for next development iteration,Tue Jul 23 23:22:47 2013 -0700
84fd31c,Jake Wharton,Jake Wharton,[maven-release-plugin] prepare release javawriter-2.1.1,Tue Jul 23 23:22:45 2013 -0700
34f722f,Jake Wharton,Jake Wharton,Prepare 2.1.1.,Tue Jul 23 23:19:17 2013 -0700
c37943b,Jake Wharton,Jake Wharton,Merge pull request #20 from square/rice/string_literal,Tue Jul 23 09:16:51 2013 -0700
5f4068a,Dan Rice,Dan Rice,Fix JavaWriter.stringLiteral,Tue Jul 23 11:56:57 2013 -0400
c567dc6,Jake Wharton,Jake Wharton,Update example for 2.1.0.,Mon Jul 15 18:50:29 2013 -0700
c4f1b01,Jake Wharton,Jake Wharton,[maven-release-plugin] prepare for next development iteration,Mon Jul 15 14:15:38 2013 -0700
7325bef,Jake Wharton,Jake Wharton,[maven-release-plugin] prepare release javawriter-2.1.0,Mon Jul 15 14:15:35 2013 -0700
161ae95,Jake Wharton,Jake Wharton,Prepare v2.1.0.,Mon Jul 15 14:06:06 2013 -0700
e873ce7,Jake Wharton,Jake Wharton,Merge pull request #19 from gk5885/modifiers,Wed Jul 10 12:27:34 2013 -0700
abf8024,Gregory Kick,Gregory Kick,lint,Wed Jul 10 13:46:08 2013 -0500
a203a77,Gregory Kick,Gregory Kick,Remove an extra null check.,Wed Jul 10 13:21:12 2013 -0500
721d8ac,Gregory Kick,Gregory Kick,Add some overloads to avoid calls to EnumSet.noneOf(),Wed Jul 10 13:11:10 2013 -0500
98ed954,Gregory Kick,Gregory Kick,Use the javax.lang.model.element.Modifier enum instead of ints in the JavaWriter API.,Wed Jul 10 13:11:10 2013 -0500
1249d23,Jesse Wilson,Jesse Wilson,Merge pull request #16 from gk5885/annotation-value,Mon Jul 8 11:51:30 2013 -0700
8131bca,Jake Wharton,Jake Wharton,[maven-release-plugin] prepare for next development iteration,Mon Jun 17 20:36:50 2013 -0700
ba6054b,Jake Wharton,Jake Wharton,[maven-release-plugin] prepare release javawriter-2.0.1,Mon Jun 17 20:36:44 2013 -0700
422922f,Jake Wharton,Jake Wharton,Prepare for 2.0.1.,Mon Jun 17 20:36:03 2013 -0700
89ed905,Jake Wharton,Jake Wharton,Merge pull request #17 from square/jw/lol,Mon Jun 17 20:31:03 2013 -0700
3deba86,Jake Wharton,Jake Wharton,Fix casing of 'Comment'.,Mon Jun 17 19:35:28 2013 -0700
f8efee1,Gregory Kick,Gregory Kick,Modify emitAnnotation to elide the "value" key in annotation declarations for annotations with a single value attribute.,Sun Jun 16 18:59:10 2013 -0700
c22ec02,Jake Wharton,Jake Wharton,[maven-release-plugin] prepare for next development iteration,Thu Jun 6 18:20:02 2013 -0700
269e7e1,Jake Wharton,Jake Wharton,[maven-release-plugin] prepare release javawriter-2.0.0,Thu Jun 6 18:19:56 2013 -0700
33475bc,Jake Wharton,Jake Wharton,Prepare for 2.0.0.,Thu Jun 6 18:19:10 2013 -0700
28a626d,Jake Wharton,Jake Wharton,Use FQCN in test code.,Thu Jun 6 18:16:16 2013 -0700
31f8526,Jake Wharton,Jake Wharton,Merge pull request #15 from square/jw/package,Thu Jun 6 18:12:04 2013 -0700
dacb4ce,Jake Wharton,Jake Wharton,Change package to 'javawriter',,Thu Jun 6 18:10:47 2013 -0700
4d9da05,Jake Wharton,Jake Wharton,Merge pull request #14 from square/jw/throws,Wed Jun 5 23:52:08 2013 -0700
e4928d7,Jake Wharton,Jake Wharton,Rename comment method for clarity.,Wed Jun 5 23:46:47 2013 -0700
5b49428,Jake Wharton,Jake Wharton,Merge branch 'issue-6' of https://github.com/digitalsanctum/javawriter into digitalsanctum-issue-6,Wed Jun 5 23:45:16 2013 -0700
2fc51db,Jake Wharton,Jake Wharton,Add deploy javadoc script.,Wed Jun 5 23:02:23 2013 -0700
6ecfcee,Jake Wharton,Jake Wharton,Add support for declaring 'throws' clauses.,Wed Jun 5 22:57:00 2013 -0700
d60e0e4,digitalsanctum,digitalsanctum,updated test,Thu May 16 14:58:22 2013 -0400
7d57a59,digitalsanctum,digitalsanctum,fixed #6,Thu May 16 07:50:18 2013 -0400
087d2d7,Jesse Wilson,Jesse Wilson,Merge pull request #11 from square/jwilson/jimismith,Wed May 8 18:10:21 2013 -0700
2eee6c2,jwilson,jwilson,Merge branch 'master' of github.com:JimiSmith/javawriter into jwilson/jimismith,Wed May 8 21:08:35 2013 -0400
9593030,Jake Wharton,Jake Wharton,[maven-release-plugin] prepare for next development iteration,Wed May 8 13:25:57 2013 -0700
fee0bc4,Jake Wharton,Jake Wharton,[maven-release-plugin] prepare release javawriter-1.0.5,Wed May 8 13:25:47 2013 -0700
7992297,Jake Wharton,Jake Wharton,Update change log.,Wed May 8 13:25:17 2013 -0700
834f118,Jake Wharton,Jake Wharton,Merge pull request #9 from adriancole/compressType-collision,Wed May 8 13:21:37 2013 -0700
17605c5,adriancole,adriancole,fix issue #8: retain package when simple name ambiguous in compressType,Wed May 8 13:11:24 2013 -0700
5f4072b,James Smith,James Smith,Use primitive boolean type,Mon Apr 22 18:57:26 2013 +0200
6934302,James Smith,James Smith,Use a boolean for indicating whether the initializer is static or not,Fri Apr 19 14:57:12 2013 +0200
a79ded5,James Smith,James Smith,Neaten up the Javadoc a bit,Fri Apr 19 14:44:40 2013 +0200
a5554a5,James Smith,James Smith,Add support for initializers,Fri Apr 19 14:09:01 2013 +0200
737879f,Jake Wharton,Jake Wharton,[maven-release-plugin] prepare for next development iteration,Fri Mar 15 19:21:25 2013 -0700
7c4b556,Jake Wharton,Jake Wharton,[maven-release-plugin] prepare release javawriter-1.0.4,Fri Mar 15 19:21:19 2013 -0700
45c9425,Jake Wharton,Jake Wharton,Update change log for 1.0.4.,Fri Mar 15 19:20:35 2013 -0700
5a34049,Jesse Wilson,Jesse Wilson,Merge pull request #5 from digitalsanctum/support-static-imports,Fri Feb 22 07:51:14 2013 -0800
b8de08c,digitalsanctum,digitalsanctum,adds support for wildcard static imports, fixed up invalid code,Fri Feb 22 10:33:21 2013 -0500
5fd4670,Jake Wharton,Jake Wharton,[maven-release-plugin] prepare for next development iteration,Thu Feb 21 15:21:26 2013 -0800
620fdd0,Jake Wharton,Jake Wharton,[maven-release-plugin] prepare release javawriter-1.0.3,Thu Feb 21 15:21:20 2013 -0800
3ca81d8,Jake Wharton,Jake Wharton,Update for v1.0.3.,Thu Feb 21 15:16:59 2013 -0800
88fc37c,Jake Wharton,Jake Wharton,Merge pull request #4 from digitalsanctum/support-static-imports,Thu Feb 21 15:12:17 2013 -0800
0a6b21a,digitalsanctum,digitalsanctum,adds support for static imports,Thu Feb 21 17:49:07 2013 -0500
bb5f018,Jake Wharton,Jake Wharton,Fix backwards dates.,Mon Feb 11 23:28:23 2013 -0800
032c5bd,Jake Wharton,Jake Wharton,[maven-release-plugin] prepare for next development iteration,Mon Feb 11 09:01:41 2013 -0800
016e6be,Jake Wharton,Jake Wharton,[maven-release-plugin] prepare release javawriter-1.0.2,Mon Feb 11 09:01:33 2013 -0800
edf8453,Jake Wharton,Jake Wharton,Update for v1.0.2.,Mon Feb 11 09:00:32 2013 -0800
f5b3a22,Jake Wharton,Jake Wharton,Fix double semi.,Sun Feb 10 22:36:08 2013 -0800
a7fcb69,Jesse Wilson,Jesse Wilson,Merge pull request #3 from tbroyer/type-helper,Sun Feb 10 12:57:25 2013 -0800
fd7fad7,Thomas Broyer,Thomas Broyer,Add test for compressType with bounded-wildcard generic arguments,Sun Feb 10 16:57:41 2013 +0100
28ebd9f,Thomas Broyer,Thomas Broyer,Rewrite emitAnnotation(Class,...) to use JavaWriter#type(),Sun Feb 10 16:57:01 2013 +0100
07bf461,Thomas Broyer,Thomas Broyer,Add JavaWriter.type(Class,String...) helper method to build generic types.,Sun Feb 10 16:55:49 2013 +0100
05345aa,Jake Wharton,Jake Wharton,Merge pull request #2 from square/jw/builder,Mon Feb 4 12:30:58 2013 -0800
d8cf5d4,Jake Wharton,Jake Wharton,StringBuffer -> StringBuilder.,Mon Feb 4 12:25:47 2013 -0800
cc394b4,Jake Wharton,Jake Wharton,[maven-release-plugin] prepare for next development iteration,Sun Feb 3 14:30:35 2013 -0800
979eb1c,Jake Wharton,Jake Wharton,[maven-release-plugin] prepare release javawriter-1.0.1,Sun Feb 3 14:30:29 2013 -0800
bdd604b,Jake Wharton,Jake Wharton,Bump version to 1.0.1,Sun Feb 3 14:27:53 2013 -0800
db7bf90,Jesse Wilson,Jesse Wilson,Merge pull request #1 from square/jw/compress,Sun Feb 3 13:53:01 2013 -0800
a8dc7c6,Jake Wharton,Jake Wharton,Expose 'compressType' API. Track Dagger changes.,Sun Feb 3 11:48:57 2013 -0800
1f713bf,Jason van Zyl,Jason van Zyl,[maven-release-plugin] prepare for next development iteration,Sat Feb 2 17:18:36 2013 -0500
5659e78,Jason van Zyl,Jason van Zyl,[maven-release-plugin] prepare release javawriter-1.0.0,Sat Feb 2 17:18:31 2013 -0500
fc8f965,Jake Wharton,Jake Wharton,Bump to v1.0.0.,Fri Feb 1 09:34:23 2013 -0800
cab48e3,Jake Wharton,Jake Wharton,Merge branch 'jw/enums',Fri Feb 1 09:32:24 2013 -0800
1b5bd19,Jake Wharton,Jake Wharton,Package adds a newline now.,Fri Feb 1 09:20:56 2013 -0800
734c93e,Jake Wharton,Jake Wharton,A few changes:,Fri Feb 1 09:01:49 2013 -0800
6ec8762,Jake Wharton,Jake Wharton,Allow end-of-line comments to take format args.,Thu Jan 31 16:56:19 2013 -0800
d228e89,Jesse Wilson,Jesse Wilson,Merge pull request #2 from jw/jw/fluent-and-docs,Thu Jan 31 23:50:04 2013 +0000
aed50f7,Jake Wharton,Jake Wharton,Make all methods fluent. Add simple example in README.,Thu Jan 31 15:34:15 2013 -0800
e8cd8f4,Jake Wharton,Jake Wharton,Rename to JavaSourceWriter.,Thu Jan 31 14:23:18 2013 -0800
c5b6b36,Jake Wharton,Jake Wharton,License tweaks.,Thu Jan 31 14:03:05 2013 -0800
316a6ce,Jake Wharton,Jake Wharton,Package name change. Tiny test tweak.,Thu Jan 31 14:01:36 2013 -0800
d5fad96,Jake Wharton,Jake Wharton,Merge pull request #1 from jw/jw/dagger-merge,Thu Jan 31 21:57:37 2013 +0000
9384024,Jake Wharton,Jake Wharton,Merge in Dagger's changes. Add test class.,Thu Jan 31 13:55:57 2013 -0800
9b4d2d8,Jake Wharton,Jake Wharton,Re-add README, pom, etc.,Thu Jan 31 10:40:35 2013 -0800
74f970d,Alex Chow,Alex Chow,Merge pull request #13 from android/jwilson/builders,Tue Dec 18 00:26:15 2012 +0000
50b2ef1,jwilson,jwilson,Generate builders, equals(), hashCode() and toString().,Mon Dec 17 19:08:23 2012 -0500
ec4abe3,Eric Denman,Eric Denman,Merge pull request #9 from android/jwilson/directories,Tue Dec 11 21:16:38 2012 +0000
b0029de,jwilson,jwilson,Emit comments extracted from the source .proto.,Tue Dec 11 16:13:21 2012 -0500
f591e73,Eric Denman,Eric Denman,Merge pull request #8 from android/jwilson/directories,Tue Dec 11 20:20:29 2012 +0000
c6683d8,jwilson,jwilson,Use `@SerializedName` when a Java keyword is used for a field name.,Tue Dec 11 15:17:11 2012 -0500
4d8567c,Eric Denman,Eric Denman,Merge pull request #7 from android/jwilson/directories,Tue Dec 11 19:25:01 2012 +0000
b1c51f1,jwilson,jwilson,Support nested types.,Tue Dec 11 14:17:13 2012 -0500
1158267,Eric Denman,Eric Denman,Merge pull request #6 from android/jwilson/directories,Tue Dec 11 18:04:13 2012 +0000
e20c87d,jwilson,jwilson,Process multiple .proto files in a round.,Tue Dec 11 12:58:33 2012 -0500
3f224dd,Jesse Wilson,Jesse Wilson,Merge pull request #5 from android/alexander/command-line-tool,Tue Dec 11 01:59:03 2012 +0000
34550b1,alexander,alexander,Generate Java class for message with native types,Mon Dec 10 20:56:01 2012 -0500
68abe86,Jesse Wilson,Jesse Wilson,Initial commit,Mon Dec 10 21:39:03 2012 +0000
6e273e7,Jesse Wilson,Jesse Wilson,first commit,Mon Aug 6 16:45:32 2012 -0400
b7a5826,Jesse Wilson,Jesse Wilson,first commit,Mon Jun 25 12:29:15 2012 -0700