f09f11e,GitHub,brettchabot,Merge pull request #344 from android/131alpha02,Tue Oct 20 12:37:00 2020 -0700
8935885,Brett Chabot,Brett Chabot,Update to AndroidX Test 1.3.1-alpha02,Tue Oct 20 11:22:55 2020 -0700
3aba990,GitHub,brettchabot,Merge pull request #343 from android/131alpha01_2,Mon Oct 19 10:22:41 2020 -0700
eb67279,Brett Chabot,Brett Chabot,Update to androidx.test 1.3.1-alpha01 and targetsdk 30.,Mon Oct 19 10:12:36 2020 -0700
181cb63,GitHub,Jeremy Walker,Create copy-branch.yml,Tue Sep 29 10:46:47 2020 -0700
4c454de,GitHub,katre,Remove unconditional registration of :android_platform for execution. (#338),Wed Sep 16 11:49:45 2020 +0800
194fa88,GitHub,Jose Alcérreca,Merge pull request #335 from fstanis/patch-1,Fri Sep 11 17:09:40 2020 +0200
b7e0492,Filip Stanis,Filip Stanis,make test negative,Fri Sep 11 15:52:53 2020 +0100
5e0e1b2,Filip Stanis,Filip Stanis,Add itemWithText_exists,Fri Sep 11 14:47:12 2020 +0100
14d4814,GitHub,brettchabot,Merge pull request #337 from android/130_stable,Tue Aug 25 13:26:08 2020 -0700
7b338bd,Brett Chabot,Brett Chabot,Update to AndroidX Test 1.3.0 and Robolectric 4.4.,Tue Aug 25 13:18:18 2020 -0700
310f042,GitHub,Michael Hoisie,Merge pull request #334 from hoisie/fix-kotlin-version,Thu Aug 13 08:54:04 2020 -0700
fa868e5,Michael Hoisie,Michael Hoisie,Update to Kotlin 1.3.72 in some testing samples,Thu Aug 13 07:52:52 2020 -0700
6632144,GitHub,brettchabot,Merge pull request #330 from android/130rc02,Tue Jul 28 16:41:50 2020 -0700
f0736ac,Brett Chabot,Brett Chabot,Update to AndroidX Test 1.3.0 rc02,Tue Jul 28 15:41:10 2020 -0700
3f656db,GitHub,brettchabot,Merge pull request #329 from android/upgrade,Mon Jul 27 17:21:00 2020 -0700
6b5e2a3,Brett Chabot,Brett Chabot,Update to AGP 4.0.1 and gradle 6.5.1,Mon Jul 27 16:15:38 2020 -0700
5974df8,Brett Chabot,Brett Chabot,Update to build tools 30.0.1,Mon Jul 27 15:56:27 2020 -0700
fc884c2,GitHub,brettchabot,Merge pull request #324 from android/updateVersions,Mon Jul 27 15:10:37 2020 -0700
4ffc88e,Brett Chabot,Brett Chabot,Update androidx.test to 1.3.0-rc01 versions.,Thu May 28 12:44:32 2020 -0700
d03edb6,Brett Chabot,Brett Chabot,Update gradle, build tools, androidx and guava versions to latest stable versions.,Wed May 27 17:48:24 2020 -0700
5b4a4fc,GitHub,brettchabot,Merge pull request #323 from android/beta02,Tue May 26 10:43:41 2020 -0700
c905fa4,Brett Chabot,Brett Chabot,Remove ws and fix applicationId,Tue May 26 10:43:02 2020 -0700
a13e4ed,Brett Chabot,Brett Chabot,Update copyright,Tue May 26 10:40:46 2020 -0700
a0fa727,Brett Chabot,Brett Chabot,Update to AndroidX Test 1.3.0-beta02 and add orchestrator sample.,Tue May 26 10:19:55 2020 -0700
3de7579,GitHub,brettchabot,Merge pull request #321 from android/script,Fri May 15 10:36:29 2020 -0700
104d643,Brett Chabot,Brett Chabot,Introduce a script to update artifact versions.,Thu May 14 16:33:33 2020 -0700
a65a98b,GitHub,brettchabot,Merge pull request #317 from android/1_3_0_beta01,Mon Apr 20 15:09:39 2020 -0700
d72b52a,Brett Chabot,Brett Chabot,Update to AndroidX Test 1.3.0-beta01,Mon Apr 20 14:57:03 2020 -0700
d8b814b,GitHub,Jin,Add support for building android_device and testing android_instrumentation_test emulator tests on RBE (#310),Wed Feb 19 18:27:29 2020 -0500
422ad27,GitHub,brettchabot,Merge pull request #311 from android/update130alpha04,Wed Feb 19 12:39:58 2020 -0800
299a463,Brett Chabot,Brett Chabot,Update to androidx.test 1.3.0-alpha04,Wed Feb 19 12:04:19 2020 -0800
8ae5237,GitHub,Jin,Fix AccessibilitySample build (#309),Sun Feb 16 17:54:39 2020 -0500
a2f1e85,GitHub,Philipp Wollermann,Revert "Bump Android Build Tools to 29.0.2 in WORKSPACE (#304)" (#308),Wed Feb 5 11:06:48 2020 -0500
f08dda5,Jin,Philipp Wollermann,Bump Android Build Tools to 29.0.2 in WORKSPACE (#304),Wed Jan 22 00:48:17 2020 -0500
f3f00fc,Brett Chabot,Brett Chabot,Update to AndroidX Test 1.3.0-alpha03,Tue Dec 3 16:12:41 2019 -0800
7e31ace,GitHub,brettchabot,Merge pull request #284 from googlesamples/121alpha02,Mon Jul 15 12:25:12 2019 -0700
519ccd0,Brett Chabot,Brett Chabot,Update to androidx test 1.2.1 alpha02,Mon Jul 15 11:25:46 2019 -0700
788aa60,GitHub,brettchabot,Merge pull request #282 from googlesamples/121alpha01,Mon Jun 17 12:55:49 2019 -0700
ba9d9ad,Brett Chabot,Brett Chabot,Update gradle to use androidx test 1.2.1-alpha01,Mon Jun 17 12:40:49 2019 -0700
b8b6f34,GitHub,Jin,Bump android-test and add --host_force_python to be compatible with --incompatible_use_python_toolchains (#277),Tue Jun 4 09:57:01 2019 -0400
603a0df,GitHub,brettchabot,Merge pull request #276 from googlesamples/120stable,Thu May 30 12:02:19 2019 -0700
7015962,Brett Chabot,Brett Chabot,Update to AndroidX Test 1.2.0 and Robolectric 4.3,Thu May 30 11:14:12 2019 -0700
376a40f,GitHub,Jin,Bump dependency on android-test to address Bazel incompatible changes (#274),Tue May 28 15:20:51 2019 -0400
2bfdf0a,GitHub,Jin,Fix broken DataAdapterSample bazel build (#273),Wed May 22 13:31:27 2019 -0400
3e5586f,GitHub,Jin,Fix indent in buildkite configuration,Wed May 22 13:08:07 2019 -0400
d0d0085,Jin,Mark Han,Enable Windows tests (#272),Wed May 22 13:07:01 2019 -0400
285b3f1,GitHub,brettchabot,Merge pull request #270 from googlesamples/dataadaptersample,Wed May 15 14:20:07 2019 -0700
46a7ef5,Brett Chabot,Brett Chabot,Add local test variant for DataAdapterSample,Wed May 15 14:05:36 2019 -0700
2a69d55,GitHub,Jin,Suppress dx spam on guice classes (#269),Mon May 13 16:35:47 2019 -0400
666eb99,GitHub,Jin,Fix Bazel builds and tests (#268),Mon May 13 16:07:59 2019 -0400
70cd0bd,GitHub,brettchabot,Merge pull request #263 from googlesamples/bazelMavenBuild,Wed May 8 13:03:02 2019 -0700
e2aa31e,Brett Chabot,Brett Chabot,Merge branch 'master' into bazelMavenBuild,Wed May 8 13:01:34 2019 -0700
3682296,GitHub,brettchabot,Merge pull request #265 from googlesamples/120_beta01,Wed May 8 12:34:20 2019 -0700
55df55d,Brett Chabot,Brett Chabot,Revert back to debugImplementation for FragmentScenarioSample.,Wed May 8 12:33:03 2019 -0700
ee983b3,Brett Chabot,Brett Chabot,Update to robolectric 4.3-beta-1,Mon May 6 14:39:12 2019 -0700
cf0914b,GitHub,brettchabot,Merge pull request #264 from yuuki3655/fix_test,Mon May 6 14:37:38 2019 -0700
5b6bf34,Yuki Hamada,Yuki Hamada,Update test_all.sh and exclude unit tests in release build,Mon May 6 14:30:14 2019 -0700
dca4aeb,Brett Chabot,Brett Chabot,Update to AndroidX Test 1.2.0-beta01,Mon May 6 13:36:46 2019 -0700
442e7ee,GitHub,brettchabot,Merge pull request #262 from yuuki3655/dialog_fragment_example,Thu May 2 16:50:50 2019 -0700
24f7e5f,Brett Chabot,Brett Chabot,Remove incomplete RecyclerViewSampleLocalTest,Thu May 2 16:42:55 2019 -0700
0c0519d,Brett Chabot,Brett Chabot,Add shared test for IntentsBasicSample.,Thu May 2 16:33:40 2019 -0700
21106bb,Yuki Hamada,Yuki Hamada,minor cleanup,Thu May 2 14:09:14 2019 -0700
67997e5,Yuki Hamada,Yuki Hamada,Add DialogFragment test example with FragmentScenario,Thu May 2 14:01:34 2019 -0700
fc0d460,GitHub,brettchabot,Merge pull request #261 from googlesamples/fragmentScenarioSample,Thu May 2 12:07:50 2019 -0700
de9dcec,Brett Chabot,Brett Chabot,Correct typo in README.md,Thu May 2 12:07:12 2019 -0700
c0539fc,Brett Chabot,Brett Chabot,Added comment to state android.enableUnitTestBinaryResources=true not strictly necessary,Thu May 2 12:06:24 2019 -0700
666667a,Brett Chabot,Brett Chabot,Replace obsolete info in top level README,Thu May 2 12:00:36 2019 -0700
718cc6d,Brett Chabot,Brett Chabot,Update top level README and project.conf,Thu May 2 11:44:44 2019 -0700
f91eb3d,GitHub,Jonathan Gerrish,Merge pull request #260 from googlesamples/alpha05,Thu May 2 11:43:38 2019 -0700
05ed6f7,Brett Chabot,Brett Chabot,Delete launcher icon. Add README.md Update to latest versions,Thu May 2 11:40:50 2019 -0700
8836d77,Brett Chabot,Brett Chabot,Merge branch 'bazelMavenBuild' of github.com:googlesamples/android-testing into bazelMavenBuild,Thu May 2 10:32:07 2019 -0700
0a31a56,Brett Chabot,Brett Chabot,Merge branch 'alpha05' into bazelMavenBuild,Thu May 2 10:28:48 2019 -0700
3945954,Brett Chabot,Brett Chabot,Merge branch 'master' into bazelMavenBuild,Thu May 2 10:23:42 2019 -0700
a70aa6c,Brett Chabot,Brett Chabot,Update to AndroidX Test 1.2.0-alpha05,Thu May 2 10:01:52 2019 -0700
b886bc2,Brett Chabot,Brett Chabot,Merge branch 'master' into bazelMavenBuild,Tue Apr 30 15:39:33 2019 -0700
9ab4422,Brett Chabot,Brett Chabot,Delete FrameTimingTest,Sat Apr 27 15:20:02 2019 -0700
79fe419,Brett Chabot,Brett Chabot,Add a FragmentScenarioSample,Sat Apr 27 15:17:33 2019 -0700
5b2348c,Jin,Philipp Wollermann,Don't test on Ubuntu 14.04 (#259),Tue Apr 23 11:31:53 2019 -0400
0d07b98,Brett Chabot,Brett Chabot,Merge branch 'master' into bazelMavenBuild,Sat Apr 20 07:48:55 2019 -0700
8a175c3,GitHub,brettchabot,Merge pull request #257 from googlesamples/120_alpha04,Fri Apr 19 09:31:43 2019 -0700
237d010,Brett Chabot,Brett Chabot,Merge branch 'master' into bazelMavenBuild,Thu Apr 18 20:31:43 2019 -0700
14ceb6d,Brett Chabot,Brett Chabot,Merge branch 'master' into bazelMavenBuild,Thu Apr 18 20:30:56 2019 -0700
7bb9004,Brett Chabot,Brett Chabot,Update to AndroidX Test 1.2.0 alpha04,Thu Apr 18 14:06:18 2019 -0700
cbd4a4c,GitHub,brettchabot,Merge pull request #255 from googlesamples/1.2.0_alpha03,Thu Apr 4 14:43:55 2019 -0700
a889dc5,Brett Chabot,Brett Chabot,Update to AndroidX Test 1.2.0-alpha03,Thu Apr 4 13:29:16 2019 -0700
fbb1f7e,GitHub,Jingwen,Bump version of rules_jvm_external to fix Windows issues (#251),Wed Mar 13 19:35:57 2019 -0400
86bb9db,GitHub,Jingwen,Migrate gmaven_rules and jvm_import_external to use the new rules_jvm_external resolver (#249),Tue Mar 12 12:21:31 2019 -0400
07e88d4,GitHub,Jonathan Gerrish,Merge pull request #248 from googlesamples/1_1_1_alpha02,Thu Mar 7 16:10:39 2019 -0800
885d738,Brett Chabot,Brett Chabot,Update to AndroidX Test 1.1.1-alpha01,Thu Mar 7 15:55:18 2019 -0800
c0349ed,GitHub,Jingwen,Bump android/android-test's dependency to use a release (#246),Thu Mar 7 12:26:22 2019 -0500
9ef97c8,GitHub,Jingwen,Merge pull request #245 from dkelmer/patch-1,Thu Feb 7 10:10:00 2019 -0500
d720149,GitHub,Danna Kelmer,Stop using maven_jar in android-testing,Thu Feb 7 14:02:00 2019 +0100
8b41c0a,GitHub,brettchabot,Merge pull request #242 from googlesamples/grantPermissionRule,Tue Jan 22 10:11:18 2019 -0800
01c20d3,Brett Chabot,Brett Chabot,Use GrantPermissionRule in IntentsBasicSample.,Fri Jan 18 19:30:45 2019 -0800
383bcbe,GitHub,brettchabot,Merge pull request #241 from cutiko/master,Fri Jan 18 10:35:19 2019 -0800
02b1026,GitHub,Erick Navarro,Merge branch 'master' into master,Fri Jan 18 15:32:17 2019 -0300
3bab7bc,GitHub,brettchabot,Merge pull request #236 from googlesamples/1_1_0_final,Fri Jan 18 10:16:11 2019 -0800
e0d2b6e,cutiko,cutiko,TYPO: migrated. ADD: line break for readability.,Fri Jan 18 14:53:46 2019 -0300
7ac1ce7,cutiko,cutiko,IMPROVE: android x according to Googles way of writting it,Fri Jan 18 14:52:31 2019 -0300
503f027,cutiko,cutiko,CONFLICT: solved forgot to pull,Fri Jan 18 14:50:57 2019 -0300
09a2696,cutiko,cutiko,ADD: difference between Android X and previous,Fri Jan 18 14:44:07 2019 -0300
075afa9,cutiko,cutiko,ADD: libraries version on readme are the used on the project,Fri Jan 18 14:41:02 2019 -0300
c749955,cutiko,cutiko,REPLACE: implementation instead of scope,Fri Jan 18 14:39:18 2019 -0300
a47572f,cutiko,cutiko,UPDATE: espresso version,Fri Jan 18 14:38:09 2019 -0300
1520bcf,cutiko,cutiko,IMPROVE: remove not needed symbol,Fri Jan 18 14:34:49 2019 -0300
a2f21a8,GitHub,Erick Navarro,UPDATE: gradle indications were outdated,Fri Jan 18 10:42:23 2019 -0300
d84abbe,GitHub,Jingwen,Merge pull request #238 from jin/update-readme,Mon Jan 7 13:14:53 2019 -0500
2a7889c,Jingwen Chen,Jingwen Chen,Clarify in the README that the samples can only be *tested* on Linux,Thu Jan 3 12:03:17 2019 -0500
05c00ea,GitHub,Jingwen,Merge pull request #234 from jin/buildkite-badge,Wed Dec 12 17:51:25 2018 -0500
5b82460,GitHub,Jingwen,Merge pull request #235 from jin/cache-android-test,Wed Dec 12 17:50:56 2018 -0500
a2de6db,Brett Chabot,Brett Chabot,Update version numbers to 1.1.0 stable for gradle,Wed Dec 12 14:36:16 2018 -0800
7dca3cf,Jingwen Chen,Jingwen Chen,Add SHA256 of android-test for Bazel to cache it properly.,Tue Dec 11 11:23:32 2018 -0500
f355d57,Jingwen Chen,Jingwen Chen,Fix target label,Tue Dec 11 11:19:56 2018 -0500
aca40fa,Jingwen Chen,Jingwen Chen,Remove "Bazel CI" text",Tue Dec 11 11:17:11 2018 -0500
5b23f02,Jingwen Chen,Jingwen Chen,Update README with Bazel CI badge and updated target labels,Tue Dec 11 11:15:08 2018 -0500
be06d6d,GitHub,Jingwen,Merge pull request #232 from jin/add-bazelci-config,Fri Dec 7 13:24:50 2018 -0500
9c9fa2e,Jingwen Chen,Jingwen Chen,Build and test all targets on Linux CI, not just API 23,Fri Dec 7 13:12:17 2018 -0500
c8073aa,GitHub,Jingwen,Merge pull request #231 from googlesamples/1_1_beta01,Fri Dec 7 12:41:39 2018 -0500
998b55d,Brett Chabot,Brett Chabot,Update to androidx.test 1.1 beta01,Fri Dec 7 09:34:28 2018 -0800
cab7582,GitHub,Jingwen,Merge pull request #230 from jin/add-bazelci-config,Fri Dec 7 12:31:37 2018 -0500
e731dc0,Jingwen Chen,Jingwen Chen,Move Bazel CI configuration to this repository,Fri Dec 7 12:22:40 2018 -0500
8ef917a,GitHub,Jingwen,Merge pull request #229 from jin/bump-android-test,Thu Dec 6 19:25:37 2018 -0500
1885a69,Jingwen Chen,Jingwen Chen,Bump version of @android_test_support,Thu Dec 6 18:24:54 2018 -0500
4e08dce,GitHub,Jingwen,Merge pull request #228 from jin/fix-ui-automator,Thu Dec 6 18:02:28 2018 -0500
de810c9,Jingwen Chen,Jingwen Chen,Fix package names of uiautomator.BasicSample test app and app under test,Thu Dec 6 15:56:25 2018 -0500
4a6f919,GitHub,Jingwen,Merge pull request #225 from jin/fix-bazel-tests,Mon Dec 3 17:44:05 2018 -0500
53bafff,Jingwen Chen,Jingwen Chen,Fix all Bazel-enabled tests to pass with Bazel on HEAD again,Fri Nov 30 15:15:41 2018 -0500
791c33c,GitHub,brettchabot,Merge pull request #223 from googlesamples/act_1_1_alpha01,Thu Nov 29 10:03:27 2018 -0800
67e2343,Brett Chabot,Brett Chabot,use android_library for bazel test deps so manifests are exported.,Wed Nov 28 19:32:57 2018 -0800
114b8fd,Brett Chabot,Brett Chabot,update gmaven rules,Wed Nov 28 15:43:36 2018 -0800
afa330f,Brett Chabot,Brett Chabot,Remove local test repo and update bazel versions,Wed Nov 28 14:18:32 2018 -0800
1285cc7,Brett Chabot,Brett Chabot,Update to androidx.test 1.1.0-alpha01 and add  sample for using ActivityScenario / Espresso in Kotlin.,Wed Nov 28 14:07:49 2018 -0800
60503d2,Brett Chabot,Brett Chabot,Add Robolectric local test to IntentsBasicSample.,Thu Nov 15 11:40:33 2018 -0800
ef6de80,Brett Chabot,Brett Chabot,Add initial Robolectric local unit test.,Thu Nov 15 10:49:43 2018 -0800
da29d61,GitHub,Jingwen,Merge pull request #218 from jin/master,Wed Nov 7 12:15:22 2018 -0500
813cc05,Jingwen Chen,Jingwen Chen,Update android/android-test commit, actually fix Starlark http_archive incompatible change,Wed Nov 7 12:00:52 2018 -0500
b17c259,GitHub,brettchabot,Merge pull request #217 from jin/master,Mon Nov 5 10:03:09 2018 -0800
4661ed9,Jingwen Chen,Jingwen Chen,Update android/android-test commit,Mon Nov 5 12:57:03 2018 -0500
923a02c,GitHub,Jingwen,Merge pull request #215 from jin/master,Wed Oct 31 16:55:45 2018 -0400
8fc6094,Jingwen Chen,Jingwen Chen,Use Starlark http_archive and update androidx.test dependencies to the stable versions,Wed Oct 31 16:29:02 2018 -0400
157aa37,GitHub,Stephan Linzner,Merge pull request #211 from googlesamples/100stable,Wed Oct 24 15:32:19 2018 -0700
1887186,Brett Chabot,Brett Chabot,switch back to compile against 28,Wed Oct 24 15:30:37 2018 -0700
45092eb,Brett Chabot,Brett Chabot,Update gradle to androidx.test 1.0.0/runner 1.1.0 / espresso 3.1.0,Wed Oct 24 15:19:05 2018 -0700
4a9224e,GitHub,Stephan Linzner,Merge pull request #209 from googlesamples/newApis,Thu Oct 11 15:21:29 2018 -0700
7984eaa,Brett Chabot,Brett Chabot,Use new androidx.test APIs and general cleanup.,Thu Oct 11 14:53:58 2018 -0700
b33192b,GitHub,brettchabot,Merge pull request #205 from googlesamples/guava,Thu Oct 11 10:46:43 2018 -0700
75663a5,Brett Chabot,Brett Chabot,Increment guava version in bazel to 26.0-android,Thu Oct 11 09:52:56 2018 -0700
83a0207,GitHub,brettchabot,Merge pull request #204 from googlesamples/fixbazel,Wed Oct 10 21:31:16 2018 -0700
f0f6d6f,Brett Chabot,Brett Chabot,update to min sdk 14,Wed Oct 10 21:21:59 2018 -0700
9396314,Brett Chabot,Brett Chabot,Fix bazel + reference beta02,Wed Oct 10 20:54:24 2018 -0700
d307e83,GitHub,Stephan Linzner,Merge pull request #202 from googlesamples/newapis,Wed Oct 10 16:36:38 2018 -0700
99d0a85,Brett Chabot,Brett Chabot,Update to androidx.test beta02 and use some of the new APIs,Wed Oct 10 16:02:18 2018 -0700
8fc2e17,GitHub,brettchabot,Merge pull request #200 from jin/move-bazelrc,Thu Oct 4 14:59:29 2018 -0700
e2ead6f,GitHub,Stephan Linzner,Merge pull request #201 from googlesamples/beta01,Thu Oct 4 14:38:04 2018 -0700
4863183,Brett Chabot,Brett Chabot,Update to androidx.test beta01,Thu Oct 4 14:33:25 2018 -0700
dafd962,Jingwen Chen,Jingwen Chen,Move tools/bazel.rc to .bazelrc for Bazel 0.18,Tue Oct 2 17:13:53 2018 -0400
602f912,GitHub,Stephan Linzner,Merge pull request #198 from googlesamples/alpha4,Fri Sep 28 16:05:57 2018 -0700
c89cff4,Brett Chabot,Brett Chabot,fix bazel build,Fri Sep 28 14:41:55 2018 -0700
b5d6062,GitHub,brettchabot,Merge branch 'master' into alpha4,Fri Sep 28 10:35:05 2018 -0700
90226ed,Brett Chabot,Brett Chabot,cleanup of dependencies,Thu Sep 27 17:04:07 2018 -0700
5fe2a5d,Brett Chabot,Brett Chabot,standardize on gradle 4.6,Thu Sep 27 14:59:56 2018 -0700
279023c,GitHub,Stephan Linzner,Merge pull request #197 from cushon/master,Thu Sep 20 08:42:04 2018 -0700
82a1864,Liam Miller-Cushon,Liam Miller-Cushon,Update espresso version,Wed Sep 19 15:07:14 2018 -0700
bc2cf44,Brett Chabot,Brett Chabot,add ActivityScenario test,Tue Sep 18 11:23:11 2018 -0700
19e927d,Brett Chabot,Brett Chabot,update to alpha4,Tue Sep 18 11:22:46 2018 -0700
fb17bb9,GitHub,Stephan Linzner,Merge pull request #191 from jin/master,Wed Aug 1 16:15:44 2018 -0700
64dd9b2,Jingwen Chen,Jingwen Chen,Update deps to use the new test runner release,Wed Aug 1 19:12:00 2018 -0400
0265d9a,Brett Chabot,Brett Chabot,Migrate to androidx,Mon Jul 16 15:32:51 2018 -0700
6eea847,GitHub,Stephan Linzner,Merge pull request #184 from jin/master,Wed May 16 15:04:58 2018 -0700
138e194,Jingwen Chen,Jingwen Chen,Update to use android/android-test,Wed May 16 17:46:21 2018 -0400
af1bfe2,Jingwen Chen,Jingwen Chen,Remove non-sandboxed configuration,Wed Apr 25 13:39:12 2018 -0400
2aaa8e8,Jingwen Chen,Jingwen Chen,Update ATSL commit to include the fix for sandboxed tests,Wed Apr 25 13:32:22 2018 -0400
900c54f,GitHub,Stephan Linzner,Merge pull request #181 from jin/update_gmaven_artifact,Thu Apr 19 12:41:20 2018 -0700
de885ea,GitHub,Stephan Linzner,Merge pull request #178 from jin/multiple_api_levels,Thu Apr 19 12:40:47 2018 -0700
ca2a460,GitHub,Stephan Linzner,Merge pull request #176 from jin/improve_bazelrc,Thu Apr 19 12:39:56 2018 -0700
a64d866,Jingwen Chen,Jingwen Chen,Update gmaven_rules to drop the dependency on Maven,Mon Apr 16 06:43:27 2018 -0400
416fe81,GitHub,Jingwen,Update Bazel instructions to install the latest Bazel version,Thu Apr 12 22:58:21 2018 +0800
069db2b,Jingwen Chen,Jingwen Chen,rm 24_x86,Tue Apr 10 18:58:33 2018 +0800
b3057b9,Jingwen Chen,Jingwen Chen,Fixed missing API_LEVEL declaration,Tue Apr 10 18:02:40 2018 +0800
8b042f3,Jingwen Chen,Jingwen Chen,Test against multiple API levels,Tue Apr 10 17:58:06 2018 +0800
28aae38,GitHub,Stephan Linzner,Merge pull request #177 from jin/ci_friendly,Mon Apr 9 09:40:38 2018 -0700
a65d79a,Jingwen Chen,Jingwen Chen,Make android_sdk_repository path more CI friendly,Sun Apr 8 10:05:55 2018 +0800
1231bd8,Jingwen Chen,Jingwen Chen,Improve bazel.rc config and README.md,Thu Mar 29 17:35:22 2018 -0400
e02c9f5,GitHub,Stephan Linzner,Merge pull request #175 from jin/use_bazelrc,Wed Mar 28 16:30:23 2018 -0700
229509f,GitHub,Stephan Linzner,Merge pull request #174 from jin/update_gmaven_artifact,Wed Mar 28 16:19:00 2018 -0700
c5dd037,Jingwen Chen,Jingwen Chen,Simplify Bazel instructions with configurations in bazelrc,Wed Mar 28 19:03:51 2018 -0400
1f40fef,Jingwen Chen,Jingwen Chen,Update gmaven_rules target to use gmaven_artifact,Wed Mar 28 18:39:21 2018 -0400
a75983f,GitHub,Stephan Linzner,Merge pull request #172 from jin/master,Mon Mar 26 15:45:36 2018 -0700
0762b23,Jingwen Chen,Jingwen Chen,Use http_archive instead of git_repository to fetch dependencies,Mon Mar 26 17:45:51 2018 -0400
ff2457f,GitHub,Stephan Linzner,Merge pull request #170 from jin/fix_hashes,Mon Mar 19 09:08:16 2018 -0700
bf00ee5,Jingwen Chen,Jingwen Chen,Fix commits in WORKSPACE,Fri Mar 16 16:09:34 2018 -0400
c98d2a6,GitHub,Stephan Linzner,Merge pull request #169 from jin/patch-2,Wed Mar 14 12:55:40 2018 -0700
574bcf7,GitHub,Jingwen,Update @android_test_support to the latest commit,Tue Mar 13 20:08:28 2018 -0400
20d1cdc,GitHub,Stephan Linzner,Merge pull request #167 from jin/patch-1,Mon Mar 12 14:24:12 2018 -0700
8fce519,GitHub,Jingwen,Update @android_test_support commit to use the new test entry point,Mon Mar 12 17:21:21 2018 -0400
92fbbe8,GitHub,Stephan Linzner,Merge pull request #164 from jin/master,Fri Mar 2 16:48:01 2018 -0800
d490b2c,Jingwen Chen,Jingwen Chen,Update copyright year in AppManifests,Fri Mar 2 13:23:27 2018 -0500
246377f,Jingwen Chen,Jingwen Chen,Use generic_phone as a target device,Fri Mar 2 12:23:36 2018 -0500
b3c38ec,Jingwen Chen,Jingwen Chen,Add license header to root BUILD file,Fri Feb 23 12:00:41 2018 -0500
39e4ddd,Jingwen Chen,Jingwen Chen,Add license header to BUILD files,Fri Feb 23 11:59:21 2018 -0500
c106775,Jingwen Chen,Jingwen Chen,Renamed EmptyManifest.xml to AppManifest.xml,Fri Feb 23 11:38:20 2018 -0500
8ac1da2,Jingwen Chen,Jingwen Chen,removed NDK repository rule,Thu Feb 22 16:28:55 2018 -0500
63b8706,Jingwen Chen,Jingwen Chen,Use EmptyManifests for android_binary targets,Thu Feb 22 15:32:41 2018 -0500
ee70845,Jingwen Chen,Jingwen Chen,Add experimental support with Bazel,Thu Feb 22 14:13:13 2018 -0500
e35ba66,GitHub,Tiem Song,Merge pull request #160 from tiembo/packaging,Fri Feb 9 06:49:47 2018 -0800
6680e4d,Tiem Song,Tiem Song,Add packaging info.,Mon Jan 22 21:38:28 2018 -0800
aa8c7b3,GitHub,Jose Alcérreca,Merge pull request #157 from tiembo/basic_unit_tests-kotlinApp,Sat Jan 6 11:34:41 2018 +0100
002c2ac,Tiem Song,Tiem Song,Add Kotlin version of Basic Unit Tests sample.,Fri Jan 5 20:40:51 2018 -0800
345572a,GitHub,Stephan Linzner,Merge pull request #155 from wookupmaker/master,Thu Dec 7 14:04:37 2017 -0800
b28aa61,Varun Dixit,Varun Dixit,Fix a typo,Thu Dec 7 10:32:42 2017 +0530
df20c77,GitHub,Nick K,Merge pull request #154 from maplealmond/master,Tue Dec 5 14:27:09 2017 -0800
8a3c8d8,Michael Amygdalidis,Michael Amygdalidis,Add multiprocess espresso to projects.conf,Tue Dec 5 14:05:03 2017 -0800
10f6d58,GitHub,Nick K,Merge pull request #153 from maplealmond/master,Mon Dec 4 14:39:13 2017 -0800
4962ebf,Michael Amygdalidis,Michael Amygdalidis,Updates to ready for version 1.0.2,Mon Dec 4 13:27:44 2017 -0800
9534309,GitHub,Nick K,Fix uiautomatorVersion,Tue Aug 22 13:38:05 2017 -0700
d8c0139,GitHub,Stephan Linzner,Merge pull request #139 from googlesamples/update-versions-for-atsl,Tue Jul 25 10:43:50 2017 -0700
30fbfa3,Stephan Linzner,Stephan Linzner,Update target sdk version for ATSL 1.0.0 release,Tue Jul 25 10:31:48 2017 -0700
f1315b3,Stephan Linzner,Stephan Linzner,Update versions for ATSL 1.0.0 release,Tue Jul 25 10:19:03 2017 -0700
f2453e5,GitHub,Nick K,Merge pull request #138 from googlesamples/mpe-sample,Tue Jul 25 09:27:07 2017 -0700
1ed84e8,Nick Korostelev,Nick Korostelev,Added verbose documentation to test manifest,Mon Jul 24 18:14:25 2017 -0700
ec68073,Nick Korostelev,Nick Korostelev,Added readme references to the new MPE Sample,Mon Jul 24 17:46:23 2017 -0700
364e38c,Nick Korostelev,Nick Korostelev,Initial commit for Multi-process Espresso Sample,Fri Jul 21 15:15:47 2017 -0700
72bb036,GitHub,Jose Alcérreca,Merge pull request #135 from googlesamples/update-all-the-versions,Wed Jul 12 11:09:07 2017 +0200
040319c,Stephan Linzner,Stephan Linzner,Update Gradle/BuildTools/Plugin version,Tue Jul 11 18:08:12 2017 -0700
a615f1d,GitHub,Jose Alcérreca,Merge pull request #131 from fireashes/master,Wed Jun 7 10:49:11 2017 +0200
0049c33,GitHub,Fire Ashes,updated the list,Tue Jun 6 16:36:33 2017 -0500
adb986a,GitHub,Stephan Linzner,Merge pull request #125 from DougSig/new_annotations,Mon Jan 9 09:56:39 2017 -0800
8f94016,Douglas Sigelbaum,Douglas Sigelbaum,Updating <size>Test annotations to be from android.support.test.filters.* across all projects. Removed the annotation from unit tests.,Wed Dec 21 12:30:01 2016 -0800
e992f10,GitHub,Jose Alcérreca,fixing extra space,Fri Aug 26 15:51:18 2016 +0100
e34c147,Jose Alcerreca,Jose Alcerreca,Adds 2 new samples (Idling Resources and RecyclerViews for Espresso) + version bump,Fri Aug 26 12:51:18 2016 +0100
22100ea,GitHub,Jose Alcérreca,Merge pull request #104 from vinaywadhwa/cleanup,Tue Aug 16 16:37:28 2016 +0100
fc95d63,Vinay,Vinay,removed unused imports,Fri Aug 12 19:06:44 2016 +0530
9c375f0,Vinay,Vinay,removed unused javadoc @param tag,Fri Aug 12 19:06:32 2016 +0530
5dfd5a8,GitHub,Jose Alcérreca,Merge pull request #102 from vinaywadhwa/master,Fri Aug 12 12:26:06 2016 +0100
55ebb61,GitHub,Vinay Wadhwa,Fixed {@code} javadoc tag,Fri Aug 12 12:29:40 2016 +0530
ed62c45,Jose Alcerreca,Jose Alcerreca,Fixes permissions issue in IntentsBasicSample,Wed Aug 3 14:52:37 2016 +0100
5eb4693,Jose Alerreca,Jose Alerreca,Update versions and temporarily disable IntentsBasicSample test,Mon Aug 1 18:41:15 2016 +0200
e7b403c,Jose Alcerreca,Jose Alcerreca,Bumps gradle plugin version to 2.1.0,Wed May 18 10:19:44 2016 +0100
a90b018,jalc,jalc,Updates Gradle plugin to 2.1.0-alpha3,Mon Mar 21 19:12:37 2016 +0000
e1e02ed,Jose Alcerreca,Jose Alcerreca,Removes Espresso cheat sheet from downloads (see the ATSL docs page),Fri Feb 19 10:55:38 2016 +0000
61fa82e,JoseAlcerreca,JoseAlcerreca,Merge pull request #81 from zxx714/master,Thu Feb 18 17:28:44 2016 +0000
59268b8,zxx714,zxx714,Upgrade all gradle version from alpha6 to beta2,Thu Feb 11 12:03:05 2016 +1300
59fa3ad,JoseAlcerreca,JoseAlcerreca,Merge pull request #78 from saulmm/master,Thu Feb 4 17:09:27 2016 +0000
0e985b9,Jose Alcerreca,Jose Alcerreca,Bumps gradle and plugin versions (2.10, 2.0.0-alpha6),Fri Jan 22 14:47:40 2016 +0000
cd2a0d4,Saul M,Saul M,Added support to the Marshmallow new permission model,Sat Jan 2 14:35:08 2016 +0100
ab04020,JoseAlcerreca,JoseAlcerreca,Update CONTRIBUTING.md,Fri Dec 18 14:48:06 2015 +0000
7945ce6,Jose Alcerreca,Jose Alcerreca,    -Fixed url overloading for espresso web sample     -Bumps versions: build.tools, gradle, fixes espresso-web sample     -Removed exclude license.txt     -Fixes ServiceTestRuleSample annotations,Fri Dec 18 12:37:28 2015 +0000
815eded,JoseAlcerreca,JoseAlcerreca,Fix some weird typos in README,Tue Dec 15 14:42:55 2015 +0000
1e15ffc,Stephan Linzner,Stephan Linzner,Merge pull request #72 from googlesamples/JoseAlcerreca-atsl-readme-1,Tue Dec 15 14:36:45 2015 +0000
2766cb2,Stephan Linzner,Stephan Linzner,Merge pull request #74 from googlesamples/README-list-samples,Tue Dec 15 14:34:38 2015 +0000
dbd4875,JoseAlcerreca,JoseAlcerreca,Adds list of samples to android-testing README,Tue Dec 15 13:33:05 2015 +0000
ff9e144,JoseAlcerreca,JoseAlcerreca,Adds link to ATSL's site to README.md,Thu Dec 10 10:27:29 2015 +0000
ba14ef9,JoseAlcerreca,JoseAlcerreca,Merge pull request #60 from cdsap/master,Wed Oct 7 11:34:59 2015 +0100
8316a9d,Inaki,Inaki,update settings animation description,Mon Oct 5 14:22:21 2015 +0100
402ba56,Stephan Linzner,Stephan Linzner,Bumped version for runner/rules 0.4.1 hotfix release.,Sun Oct 4 20:15:05 2015 -0700
1b6fc60,Inaki,Inaki,Update README.md,Sat Oct 3 10:30:37 2015 +0100
dc5289c,Stephan Linzner,Stephan Linzner,Espresso 2.2.1 Runner/Rules 0.4 release,Tue Sep 15 11:30:26 2015 -0700
f16ac90,Jose Alcerreca,Jose Alcerreca,Added new script to run all tests, removed top-level build.gradle because of issues with AS,Mon Sep 14 11:06:32 2015 +0100
9d9557d,Jose Alcerreca,Jose Alcerreca,Bumps build tools, sdk and support lib versions and fixes lint errors,Tue Sep 1 15:39:21 2015 +0100
d61bda6,JoseAlcerreca,JoseAlcerreca,Update README.md,Tue Aug 4 12:35:21 2015 +0100
a2bfbda,JoseAlcerreca,JoseAlcerreca,Typo in IntentsAdvancedSample/README.md,Tue Aug 4 12:31:46 2015 +0100
482374e,JoseAlcerreca,JoseAlcerreca,Merge pull request #44 from sschuberth/master,Tue Jul 28 14:04:47 2015 +0100
426f065,Sebastian Schuberth,Sebastian Schuberth,Fix IntentsAdvancedSample project path in settings.gradle,Tue Jul 28 14:56:10 2015 +0200
017ae41,Stephan Linzner,Stephan Linzner,-Espresso Web Basic Sample -Restructured samples to a more sane structure based on test types -Bug fixes,Sat Jul 25 21:07:00 2015 +0100
04ef00d,Stephan Linzner,Stephan Linzner,Merge pull request #34 from wlowe/patch-1,Fri Jun 26 14:19:55 2015 +0100
cec87b3,JoseAlcerreca,JoseAlcerreca,Add IntentsAdvancedSample to main settings.gradle,Wed Jun 24 16:05:04 2015 +0100
497670e,Jose Alcerreca,Jose Alcerreca,Adds the advanced sample for espresso-intents,Wed Jun 24 14:32:23 2015 +0100
82f8674,Walter Lowe,Walter Lowe,Fixed a typo.,Tue Jun 23 18:36:44 2015 -0700
56156c9,JoseAlcerreca,JoseAlcerreca,Merge pull request #33 from ytRino/add-missing-project,Mon Jun 22 12:10:18 2015 +0100
4d0a84f,ytRino,Yutaro Iino,Add missing project on settings.gradle,Mon Jun 22 19:57:29 2015 +0900
2e5e50a,Stephan Linzner,Stephan Linzner,Added Runner/Rules 0.3, Espresso 2.2 JARs,Thu Jun 11 11:57:28 2015 +0100
e756dfc,Stephan Linzner,Stephan Linzner,Added ServiceTestRule sample,Mon Jun 8 14:29:29 2015 +0100
d816aac,Stephan Linzner,Stephan Linzner,Merge pull request #30 from vogellacompany/removeobsoletefile,Fri Jun 5 17:01:52 2015 +0100
0ea5559,Stephan Linzner,Stephan Linzner,Update README.md,Thu Jun 4 20:53:46 2015 +0100
d8561a4,Stephan Linzner,Stephan Linzner,Merge pull request #27 from vogellacompany/gitignore,Thu Jun 4 18:21:27 2015 +0100
a9c42ba,Stephan Linzner,Stephan Linzner,Updated sample to runner 0.2 and espresso 2.2, Hamcrest 1.3,Thu Jun 4 17:52:42 2015 +0100
2def7bc,Nick K,Nick K,Merge pull request #28 from vogellacompany/moveregextoapp,Tue Jun 2 09:10:32 2015 -0700
ae407c7,Lars Vogel,Lars Vogel,Removes CONTRIB.md which has been replaced by CONTRIBUTION.md,Tue Jun 2 13:39:49 2015 +0200
bec0039,Lars Vogel,Lars Vogel,Adds Eclipse configuration files to gitignore,Tue Jun 2 12:33:18 2015 +0200
c580c1e,Lars Vogel,Lars Vogel,Moves the email regex to the app,Tue Jun 2 12:02:35 2015 +0200
488ca52,Stephan Linzner,Stephan Linzner,Update CONTRIBUTING.md,Sat May 9 19:39:07 2015 +0100
62ae3d1,Stephan Linzner,Stephan Linzner,Update README.md,Sat May 9 19:15:17 2015 +0100
ba68532,Stephan Linzner,Stephan Linzner,Update README.md,Sat May 9 19:12:08 2015 +0100
eba75b0,Stephan Linzner,Stephan Linzner,Updated bundled espresso samples to 0.2/2.1,Thu May 7 11:31:42 2015 +0100
fd9892d,Stephan Linzner,Stephan Linzner,Merge pull request #23 from StefMa/master,Tue May 5 17:36:51 2015 +0100
01dcbb1,StefMa,StefMa,Update README.md,Mon May 4 15:38:55 2015 +0200
e27798d,Stephan Linzner,Stephan Linzner,Merge pull request #19 from marcosdiez/update_uiautomator_version,Fri May 1 12:57:13 2015 +0100
e36c1d7,Marcos Diez,Marcos Diez,We now use uiautomator-v18:2.1.0, which the source code is public,Sat Apr 25 14:43:11 2015 +0000
dbc65a2,Stephan Linzner,Stephan Linzner,Renamed cheat sheet from master to 2.1.0,Thu Apr 23 12:31:52 2015 +0100
23b34f6,Stephan Linzner,Stephan Linzner,Added temporary workaround for annotation 22.1.0 issue  - Upgrade support annotations to 22.1.0  - Force resolution to 22.1.0,Thu Apr 23 11:20:58 2015 +0100
b86940f,Stephan Linzner,Stephan Linzner,Android Testing Support Libray Release 0.2,Tue Apr 21 21:34:07 2015 +0100
193da0e,Stephan Linzner,Stephan Linzner,Update README.md,Thu Apr 16 16:58:14 2015 +0100
84e0982,Stephan Linzner,Stephan Linzner,Update README.md,Thu Apr 16 16:57:12 2015 +0100
659a558,Jose Alcerreca,Jose Alcerreca,Updates the build tools version to 22.0.1,Tue Mar 31 15:26:58 2015 +0100
b6f295c,Jose Alcerreca,Jose Alcerreca,Adds the basic Unit Android Test sample showing how to run tests on device/emulator,Mon Mar 30 12:27:01 2015 +0100
a6e474c,Stephan Linzner,Stephan Linzner,Updated README,Thu Mar 19 14:36:34 2015 +0000
0964b45,Jose Alcerreca,Jose Alcerreca,Adds basic samples for UI Automator and unit testing support and updates versions,Thu Mar 19 13:41:31 2015 +0000
f89a17f,JoseAlcerreca,JoseAlcerreca,Merge pull request #11 from googlesamples/revert-8-master,Thu Mar 19 10:57:06 2015 +0000
a1a50ae,JoseAlcerreca,JoseAlcerreca,Revert "Gradle updates",Thu Mar 19 10:54:37 2015 +0000
f358679,JoseAlcerreca,JoseAlcerreca,Merge pull request #8 from IgorGanapolsky/master,Thu Mar 19 10:48:05 2015 +0000
1f13b12,IgorGanapolsky,IgorGanapolsky,Gradle updates,Mon Mar 16 10:14:51 2015 -0400
a2ed1c5,IgorGanapolsky,IgorGanapolsky,Gradle updates,Mon Mar 16 10:10:24 2015 -0400
dabbd72,Stephan Linzner,Stephan Linzner,Merge pull request #4 from ardock/pr-fix-basicsample-activity-context,Tue Jan 6 13:41:19 2015 +0000
a464fc6,Ardock,Ardock,Fix activity names associated to BasicSample* layouts,Sat Dec 27 04:42:22 2014 +0100
54ba2a7,Valera Zakharov,Valera Zakharov,Merge pull request #3 from bootstraponline/patch-1,Mon Dec 22 22:14:49 2014 -0800
16a0640,bootstraponline,bootstraponline,Fix disable animations link,Sun Dec 21 17:23:08 2014 -0500
921b22c,Stephan Linzner,Stephan Linzner,Added missing closeSoftwareKeyboard() actions when performing typetext,Sat Dec 20 10:48:41 2014 +0100
9cf382c,Stephan Linzner,Stephan Linzner,Fixed Build tools version,Sat Dec 20 07:25:19 2014 +0100
6390f6c,nkorsote,nkorsote,Fixed folder structure to match namespace,Fri Dec 19 16:27:53 2014 -0800
a46abbd,Stephan Linzner,Stephan Linzner,Bumped Build Tools version to 24.0.2,Fri Dec 19 20:37:43 2014 +0000
e62897d,Stephan Linzner,Stephan Linzner,Added latest JARs from Build Server to BasicEspressoBundled,Fri Dec 19 15:50:20 2014 +0000
999e0e2,Stephan Linzner,Stephan Linzner,Merge pull request #1 from googlesamples/fixReadmesAndLicenses,Thu Dec 18 15:59:11 2014 +0000
e493e00,Stephan Linzner,Stephan Linzner,Updated to latest espresso and runner JARs from build server,Thu Dec 18 15:55:50 2014 +0000
b6c3eb9,Jose Alcerreca,Jose Alcerreca,Addressing README comments,Thu Dec 18 15:54:51 2014 +0000
0e0a4d5,Jose Alcerreca,Jose Alcerreca,Adds top-level README and license-related files and fixes a link in the projects' README files.,Thu Dec 18 15:52:27 2014 +0000
e22f679,Stephan Linzner,Stephan Linzner,Fixed missing guava dependecies which where previously build into espresso-core.aar,Thu Dec 18 15:25:42 2014 +0000
983de86,Stephan Linzner,Stephan Linzner,Initial sample push for Espresso 2.0 and AndroidJUnitRunner samples,Thu Dec 18 10:53:27 2014 +0000