522f450,GitHub,Ray,Merge pull request #920 from xuxiao415/bug-doc,Sun Sep 27 08:15:13 2020 +0800
27a8b32,wangzhengkai3,wangzhengkai3,修正单词错误,Fri Sep 25 18:57:43 2020 +0800
ba9d1a5,GitHub,Ray,Merge pull request #912 from weibocom/feature/exportRandomPort,Thu Sep 3 11:32:30 2020 +0800
94c6a23,GitHub,Ray,Merge pull request #914 from weibocom/feature/getExportIpFormEnv,Thu Sep 3 11:31:46 2020 +0800
453d5db,GitHub,Ray,Merge pull request #918 from weibocom/fix/nettyMessageCast,Thu Sep 3 11:31:16 2020 +0800
ea4e8a7,Ray,Ray,fix nettymessage cast,Wed Sep 2 18:18:29 2020 +0800
8f662f0,Ray,Ray,support setting export ip from env,Tue Aug 18 15:43:42 2020 +0800
5748401,Ray,Ray,fix unit test,Wed Aug 5 12:35:47 2020 +0800
2b2fc14,Ray,Ray,Merge branch 'master' into feature/exportRandomPort,Wed Aug 5 12:20:48 2020 +0800
df0fd05,GitHub,Ray,Merge pull request #862 from single-wolf/bug/fix-NettyDecoder-OOM-risk,Wed Aug 5 11:44:07 2020 +0800
c562aae,GitHub,Ray,Merge pull request #905 from X-L-Chen/master,Wed Aug 5 10:46:01 2020 +0800
39527c5,GitHub,Ray,Merge pull request #907 from weibocom/dependabot/maven/motan-manager/spring-security.version-5.3.3.RELEASE,Wed Aug 5 10:45:46 2020 +0800
f03f84c,GitHub,Ray,Merge pull request #898 from weibocom/dependabot/maven/motan-extension/protocol-extension/motan-protocol-restful/org.apache.tomcat.embed-tomcat-embed-core-7.0.104,Wed Aug 5 10:45:33 2020 +0800
e9bd012,GitHub,Ray,Merge pull request #887 from lion2luo/common-request,Wed Aug 5 10:43:34 2020 +0800
89975be,GitHub,Ray,Merge pull request #904 from X-L-Chen/patch3,Wed Aug 5 10:20:24 2020 +0800
31171b1,Ray,Ray,support export at random port,Tue Aug 4 20:46:26 2020 +0800
9738b75,GitHub,dependabot[bot],Bump spring-security.version in /motan-manager,Mon Jun 15 20:47:04 2020 +0000
4d8bfeb,X-L-Chen,X-L-Chen,Message processing and distribution strategy support configuration and expansion,Wed Jun 10 18:13:08 2020 +0800
cf20cbe,GitHub,Jake Zhang,Merge pull request #902 from X-L-Chen/patch1,Thu Jun 4 20:03:41 2020 +0800
12fcd05,GitHub,Jake Zhang,Merge pull request #903 from X-L-Chen/patch2,Thu Jun 4 20:03:22 2020 +0800
5a20da6,GitHub,Jake Zhang,Merge pull request #900 from X-L-Chen/master,Thu Jun 4 20:00:47 2020 +0800
af97323,xianglin1,xianglin1,add serverIp in exception information when decode error,Thu Jun 4 19:37:01 2020 +0800
cbf3c35,xianglin1,xianglin1,handling proxy objects When the method name is hashCode,Thu Jun 4 19:31:26 2020 +0800
b72ef9b,xianglin1,xianglin1,optimize RoundRobinLoadBalance, prevent tilting of requests due to node failure,Thu Jun 4 19:27:33 2020 +0800
1795aa1,xianglin1,xianglin1,change timeout exception to stackless,Wed Jun 3 12:14:05 2020 +0800
c9ced6d,GitHub,dependabot[bot],Bump tomcat-embed-core,Thu May 21 18:59:38 2020 +0000
9900883,GitHub,Ray,Merge pull request #893 from sunnights/master,Thu Mar 26 16:14:27 2020 +0800
b7910a2,张羽,张羽,new version 1.1.9-SNAPSHOT,Thu Mar 26 15:59:38 2020 +0800
b8714dd,张羽,张羽,release 1.1.8,Thu Mar 26 14:20:51 2020 +0800
1b818ae,GitHub,Jake Zhang,Merge pull request #889 from Wshoway/master,Thu Mar 26 14:02:20 2020 +0800
a27512f,xuewei,xuewei,maxConnectPreGroup config,Fri Mar 20 13:42:35 2020 +0800
1d0bda6,xuewei,xuewei,select urls by group,Thu Mar 12 14:44:06 2020 +0800
f36fce9,GitHub,Ray,Merge pull request #890 from oldratlee/master,Fri Mar 6 12:58:15 2020 +0800
50e1fab,Jerry Lee,Jerry Lee,improve README: fix typo and improve format,Fri Mar 6 11:54:13 2020 +0800
bb9c715,张羽,张羽,refactor,Wed Mar 4 19:11:19 2020 +0800
5f305a9,luominggang,luominggang,command handler support build request with interface name,Tue Feb 11 15:14:42 2020 +0800
b44f83c,张羽,张羽,fix,Tue Jan 21 16:00:28 2020 +0800
e56b33a,GitHub,Jake Zhang,Merge pull request #885 from weibocom/fix/multiConsulRegistry,Mon Jan 20 10:54:06 2020 +0800
571f44d,Ray,Ray,fix multi consul registry: change ConsulClient to non-static,Mon Jan 20 10:46:55 2020 +0800
ee8fb9b,张羽,张羽,refactor,Thu Jan 9 17:46:46 2020 +0800
08cfcf5,张羽,张羽,feat: limit client total connections,Wed Jan 8 16:11:28 2020 +0800
6f3c304,GitHub,Ray,Merge pull request #881 from weibocom/dependabot/maven/motan-extension/protocol-extension/motan-protocol-restful/org.apache.tomcat.embed-tomcat-embed-core-7.0.99,Fri Dec 27 09:24:56 2019 +0800
deb3e5c,GitHub,dependabot[bot],Bump tomcat-embed-core,Thu Dec 26 18:28:42 2019 +0000
0b9395b,张羽,张羽,feat: add reject method detail,Fri Dec 20 15:43:53 2019 +0800
e905fa1,GitHub,Ray,Merge pull request #880 from sunnights/master,Fri Dec 13 15:37:55 2019 +0800
fc46b22,张羽,张羽,new version 1.1.8-SNAPSHOT,Thu Dec 5 11:13:33 2019 +0800
6b58cde,张羽,张羽,RELEASE 1.1.7,Thu Dec 5 10:49:18 2019 +0800
b98a478,GitHub,Jake Zhang,Merge pull request #875 from Wshoway/ServiceConfigBean_remove_implementing_BeanPostProcessor,Thu Dec 5 10:38:58 2019 +0800
ffca400,白雪玮,白雪玮,ServiceConfigBean移除实现BeanPostProcessor接口,Wed Nov 27 14:25:02 2019 +0800
4367776,GitHub,Ray,Merge pull request #872 from weibocom/update/yarVersion,Wed Nov 27 10:16:14 2019 +0800
d32bb6c,Ray,Ray,update yar-java; security fix,Mon Nov 4 11:39:53 2019 +0800
0f9225e,GitHub,Ray,Merge pull request #863 from husterxsp/remove_useless_code,Mon Nov 4 11:37:14 2019 +0800
39e4959,single-wolf,single-wolf,Fix NettyDecoder do not release bytebuf before throw Exception (issue #861),Wed Sep 25 01:23:51 2019 +0800
f71760d,husterxsp,husterxsp,remove useless code,Tue Sep 24 20:33:23 2019 +0800
d1e25d2,single-wolf,single-wolf,Fix issue#861 Motivation: 1. Not check the length to be read from the peer that will consume a lot of memory by a poisonous message 2. Not release byteBuf before close channel when meeting length check exception,Sun Sep 22 19:10:20 2019 +0800
5558526,GitHub,Jake Zhang,Merge pull request #822 from weibocom/feature/breeze,Thu Sep 5 13:08:14 2019 +0800
6ea6f27,Ray,Ray,update dependency,Thu Sep 5 12:43:51 2019 +0800
5de54d0,Ray,Ray,add application to attachment in motan2,Tue Sep 3 15:56:49 2019 +0800
461604c,Ray,Ray,add dependency jaxb for jdk9,Fri Aug 16 09:56:25 2019 +0800
de787a9,Ray,Ray,update to breeze 0.1.3,Thu Aug 15 09:42:19 2019 +0800
343799e,Ray,Ray,add breeze demo,Wed Aug 14 11:39:23 2019 +0800
809e7b0,Ray,Ray,change Serialization scope to SINGLETON;remove redundant code of GrpcPbSerialization,Wed Aug 14 11:38:42 2019 +0800
25a0a7b,Ray,Ray,new version 1.1.7-SNAPSHOT,Tue Aug 13 10:13:15 2019 +0800
63a4141,Ray,Ray,update breeze to version 0.1.2,Tue Aug 13 10:12:25 2019 +0800
062446c,Ray,Ray,merge master,Mon Aug 12 18:50:53 2019 +0800
97b00af,GitHub,Jake Zhang,Merge pull request #847 from RojerAlone/master,Wed Jul 24 16:39:11 2019 +0800
aa90047,zhangrenjie,zhangrenjie,remove useless import,Wed Jul 24 16:21:44 2019 +0800
a56ac46,GitHub,Ray,Merge pull request #836 from sunnights/dev,Thu Jul 4 16:02:05 2019 +0800
95ed157,张羽,张羽,release 1.1.6,Thu Jul 4 15:44:17 2019 +0800
6594770,张羽,张羽,update CHANGELOG,Thu Jul 4 15:43:07 2019 +0800
b4438d8,张羽,张羽,chore: remove request exception stacktrace,Thu Jul 4 15:34:20 2019 +0800
6b181aa,张羽,张羽,refactor,Mon Jul 1 20:49:32 2019 +0800
8325ace,张羽,张羽,refactor,Thu Jun 27 17:38:42 2019 +0800
4d98edc,张羽,张羽,feat: support custom slow threshold,Mon Jun 24 14:19:02 2019 +0800
3174b53,张羽,张羽,feat: add trace time tag in request&response,Mon Jun 17 17:30:00 2019 +0800
74757ec,Ray,Ray,fix heartbeat decode version,Tue Jun 11 16:27:16 2019 +0800
f97a315,Ray,Ray,update breeze to 0.0.4,Mon Jun 10 15:57:26 2019 +0800
03739cf,Ray,Ray,Merge branch 'master' into feature/breeze,Wed May 22 16:38:52 2019 +0800
38dd567,GitHub,Ray,Merge pull request #832 from sunnights/master,Wed May 22 16:17:35 2019 +0800
f704f1c,Ray,Ray,fix heartbeat compatible;refine exception response build function,Wed May 22 16:14:36 2019 +0800
bde69a9,张羽,张羽,new version 1.1.6-SNAPSHOT,Thu May 16 15:33:42 2019 +0800
ab8d0aa,张羽,张羽,release 1.1.5,Thu May 16 14:19:16 2019 +0800
b3f2b26,张羽,张羽,update CHANGELOG,Thu May 16 14:18:29 2019 +0800
539627e,Ray,Ray,Merge branch 'master' into feature/breeze,Wed May 15 19:29:47 2019 +0800
034d3d3,Ray,Ray,update breeze version,Wed May 15 19:29:36 2019 +0800
ff6d3e9,GitHub,Ray,Merge pull request #827 from sunnights/dev,Wed May 15 19:26:42 2019 +0800
665aead,张羽,张羽,refactor: NettyServer statistic callback,Wed May 15 19:22:30 2019 +0800
8cba065,张羽,张羽,feat: sharedPoolClient optimize rebuildObject when get channel,Thu May 9 20:44:16 2019 +0800
280be47,张羽,张羽,fix: netty3 check channel available,Thu May 9 11:37:34 2019 +0800
8c8562c,张羽,张羽,fix: cleanup netty when close,Tue Apr 30 17:02:53 2019 +0800
1201384,张羽,张羽,feat: new attachments for response,Tue Apr 30 10:36:09 2019 +0800
ed0095d,GitHub,Ray,Merge pull request #821 from sunnights/release,Thu Apr 18 14:08:10 2019 +0800
d190d37,张羽,张羽,new version 1.1.5-SNAPSHOT,Thu Apr 18 13:41:42 2019 +0800
17391dc,张羽,张羽,release 1.1.4,Tue Apr 16 14:12:50 2019 +0800
8d09069,张羽,张羽,update CHANGELOG,Tue Apr 16 13:21:42 2019 +0800
adf91b3,Ray,Ray,Merge branch 'feature/motan_protocol_compatible' into feature/breeze,Mon Apr 15 20:30:57 2019 +0800
0d733da,Ray,Ray,protocol compat for exception,Mon Apr 15 20:22:40 2019 +0800
7dd0b5b,Ray,Ray,Merge branch 'feature/motan_protocol_compatible' into feature/breeze,Mon Apr 15 11:35:37 2019 +0800
b950359,Ray,Ray,merge master,Fri Apr 12 13:40:05 2019 +0800
7250ad7,GitHub,Ray,Merge pull request #815 from HelloCoCooo/master,Fri Apr 12 13:29:49 2019 +0800
1e8d524,GitHub,Ray,Merge pull request #816 from sunnights/dev,Fri Apr 12 12:55:39 2019 +0800
ac1d302,张羽,张羽,fix: #812 catch Exception to Throwable,Fri Apr 12 12:31:00 2019 +0800
11359bb,张羽,张羽,feat: support Content-Length,Fri Apr 12 12:30:38 2019 +0800
5376994,张羽,张羽,fix ut,Fri Apr 12 12:12:56 2019 +0800
42eb11a,GitHub,HelloCoCooo,Fix the dependency conflict issue,Thu Apr 11 18:35:29 2019 +0800
8979ec3,Ray,Ray,add breeze serialization,Thu Apr 4 10:15:37 2019 +0800
a537a3c,Ray,Ray,motan2 compatible motan in server end;motan2 serialization adaptive,Wed Apr 3 17:24:17 2019 +0800
d2d3fd9,GitHub,Ray,Merge pull request #802 from HelloCoCooo/master,Thu Jan 31 12:37:25 2019 +0800
333a4ff,GitHub,HelloCoCooo,fix dependency conflict issue,Thu Jan 31 11:20:02 2019 +0800
bdf0774,GitHub,Ray,Merge pull request #782 from weibocom/weibo_master,Mon Dec 24 14:44:22 2018 +0800
56543ba,张羽,张羽,new version 1.1.4-SNAPSHOT,Mon Dec 24 13:43:54 2018 +0800
8bd10ba,张羽,张羽,release 1.1.3,Mon Dec 24 13:21:56 2018 +0800
d69437b,GitHub,Ray,Merge pull request #781 from sunnights/dev_zy,Mon Dec 24 13:06:33 2018 +0800
746204e,张羽,张羽,fix: compatible with zookeeper string serializer,Mon Dec 24 12:54:22 2018 +0800
9e20005,张羽,张羽,new version 1.1.3-SNAPSHOT,Wed Dec 19 15:16:21 2018 +0800
10b3fd2,张羽,张羽,release 1.1.2,Tue Dec 18 16:15:06 2018 +0800
836a7fc,GitHub,Ray,Merge pull request #740 from sunnights/dev,Tue Dec 18 16:02:12 2018 +0800
5bf2baa,张羽,张羽,refactor,Mon Dec 3 18:03:19 2018 +0800
ad59c51,张羽,张羽,add reject statistic log,Mon Dec 3 16:19:23 2018 +0800
a315054,GitHub,Ray,Merge pull request #776 from caorong/master,Mon Dec 3 11:14:12 2018 +0800
a28a038,caorong,caorong,fix get channel error every 2.1 billion request,Mon Dec 3 00:43:02 2018 +0800
84b86f5,张羽,张羽,add request method string,Thu Nov 29 20:18:20 2018 +0800
736763c,张羽,张羽,refactor,Thu Nov 29 11:38:29 2018 +0800
ccb2a66,GitHub,Ray,Merge pull request #652 from infracc/fix-bug-missing-javadoc-version,Wed Nov 28 12:51:20 2018 +0800
b04a08f,张羽,张羽,add trace log,Tue Nov 27 20:29:37 2018 +0800
155f2a3,GitHub,Ray,Merge pull request #775 from sunnights/origin-master,Tue Nov 27 14:27:26 2018 +0800
2161c91,张羽,张羽,fix #774,Tue Nov 27 13:07:16 2018 +0800
3802bdf,GitHub,Ray,Merge pull request #762 from weibocom/fix/security,Mon Nov 5 13:40:35 2018 +0800
94386ec,Ray,Ray,updata dependency for potential security vulnerability,Thu Nov 1 17:29:53 2018 +0800
5ad22e5,GitHub,Ray,Merge pull request #746 from sunnights/fix,Mon Sep 3 12:10:12 2018 +0800
e69286f,张羽,张羽,fix #511,Thu Aug 30 12:44:04 2018 +0800
2cf1067,张羽,张羽,feat: add TraceableRequest,Wed Aug 29 16:19:00 2018 +0800
adc6445,GitHub,Ray,Merge pull request #739 from Zha-Zha/feature/zkSerialize,Mon Aug 27 15:09:23 2018 +0800
f2ecfe7,zhachen,zhachen,fix nil pointer exception,Tue Aug 14 11:37:08 2018 +0800
82976fa,GitHub,Ray,Merge pull request #732 from Zha-Zha/feature/zkSerialize,Mon Aug 13 17:02:27 2018 +0800
c3cb63a,GitHub,Ray,Merge pull request #736 from sunnights/dev,Wed Aug 1 16:53:31 2018 +0800
f421533,张羽,张羽,fix #735,Wed Aug 1 16:50:07 2018 +0800
d21c36a,zhachen,zhachen,test,Tue Jul 31 14:39:32 2018 +0800
e398b76,zhachen,zhachen,optimize zookeeper serialization method,Tue Jul 31 13:38:18 2018 +0800
f8e0d49,GitHub,Ray,Merge pull request #730 from sunnights/dev,Wed Jul 11 13:20:56 2018 +0800
609ebf4,张羽,张羽,fix #723: not print stack in error log when exception declared in method,Wed Jul 11 12:52:27 2018 +0800
c118231,张羽,张羽,fix #723: not print detail error in rpc server when exception declared in method,Tue Jul 10 17:03:49 2018 +0800
092aabc,GitHub,Ray,Merge pull request #718 from qdaxb/remove_log4j_denpendency,Tue Jun 12 15:11:05 2018 +0800
4f2e4fb,axb,axb,remove log4j runtime dependency,Tue Jun 12 14:32:37 2018 +0800
141582f,Ray,Ray,change map to concurrentmap for jdk1.7,Tue Jun 5 13:58:18 2018 +0800
68c75e7,GitHub,Ray,Merge pull request #713 from pifuant/LocalSwitcherService_optimization,Fri May 25 17:50:38 2018 +0800
6f41507,GitHub,Ray,Merge pull request #714 from pifuant/fixed_typo,Fri May 25 17:36:11 2018 +0800
fedd560,Fucong Wang,Fucong Wang,Fix #679,Fri May 25 16:59:42 2018 +0800
f36bdf2,Fucong Wang,Fucong Wang,LocalSwitcherService registerListener and unRegisterListener optimization,Thu May 24 15:11:21 2018 +0800
17edc23,GitHub,Ray,Merge pull request #709 from pifuant/NettyClient_scheduledExecutor_optimization,Thu May 24 11:35:19 2018 +0800
d99a52e,GitHub,Ray,Merge pull request #710 from pifuant/remove_unexpected_comment,Thu May 24 11:01:57 2018 +0800
19fa84e,GitHub,Ray,Merge pull request #711 from pifuant/getChannelKey_when_necessary,Thu May 24 11:01:40 2018 +0800
da787ea,Fucong Wang,Fucong Wang,getChannelKey when necessary,Thu May 24 00:23:42 2018 +0800
f39e8ee,Fucong Wang,Fucong Wang,remove unexpected comment,Wed May 23 22:27:52 2018 +0800
6ca8c48,Fucong Wang,Fucong Wang,reduce scheduledExecutor corePoolSize to 1,Wed May 23 22:14:42 2018 +0800
533845e,Ray,Ray,new version 1.1.2-SNAPSHOT,Thu May 17 21:51:42 2018 +0800
708077c,Ray,Ray,release 1.1.1,Thu May 17 18:54:04 2018 +0800
5eeade4,GitHub,Ray,Merge pull request #702 from sunnights/dev,Thu May 17 10:42:32 2018 +0800
3f4d126,张羽,张羽,Merge remote-tracking branch 'weibo/master' into dev,Wed May 16 17:48:43 2018 +0800
246fa77,张羽,张羽,set default value to proxy,Wed May 16 17:48:38 2018 +0800
7ef9d73,GitHub,Ray,Merge pull request #707 from sunnights/netty4,Wed May 16 09:52:54 2018 +0800
0a788c4,张羽,张羽,netty4 add channel manage,Tue May 15 13:39:13 2018 +0800
2b985ab,张羽,张羽,fix: common client only support for motan2,Mon May 7 14:03:52 2018 +0800
042f735,GitHub,Ray,Merge pull request #682 from sunnights/feature/common-handler,Wed May 2 14:59:11 2018 +0800
85aa36f,GitHub,Ray,Merge pull request #695 from lion2luo/fix-springboot-plugin-version,Wed May 2 14:41:47 2018 +0800
f26963f,GitHub,Ray,Merge pull request #683 from lion2luo/feature/simpleExt,Fri Apr 27 14:33:16 2018 +0800
7a0d837,luominggang,luominggang,指定GrowableByteBuffer position的时候自动扩容,Thu Apr 26 20:38:46 2018 +0800
b47893c,GitHub,Ray,Merge pull request #696 from sunnights/fix,Thu Apr 26 14:19:56 2018 +0800
fca8456,张羽,张羽,add static method for LocalSwitcherService,Thu Apr 26 14:15:32 2018 +0800
80849fe,luominggang,luominggang,指定spring boot maven插件版本,Thu Apr 26 14:06:08 2018 +0800
afe1b16,luominggang,luominggang,string类型的map和array null元素不序列化,Thu Apr 26 13:38:25 2018 +0800
6b518e8,GitHub,Ray,Merge pull request #693 from sunnights/fix,Thu Apr 26 13:30:19 2018 +0800
56f9cef,张羽,张羽,fix #692, #670,Thu Apr 26 13:01:10 2018 +0800
5b7db53,张羽,张羽,support attachments,Fri Apr 13 11:17:40 2018 +0800
0d7e0ff,张羽,张羽,support common handler,Tue Apr 10 21:25:54 2018 +0800
a7168e7,luominggang,luominggang,simple序列化支持更多的数据类型,Tue Apr 10 16:57:57 2018 +0800
9724ff3,GitHub,Ray,Merge pull request #670 from lion2luo/fix_connection_leak,Fri Mar 23 17:03:12 2018 +0800
df4f48f,GitHub,Ray,Merge pull request #672 from laddcn/master,Fri Mar 23 17:02:45 2018 +0800
ca4e85d,ladd,ladd,针对MathUtil进行了一些完善： 1.	增加了测试用例 2.	增加了部分注释 3. 	对getPositive方法进行了重命名（因为其实现的功能也会返回0，重命名为getNonNegative），并通过重构工具修改了引用该方法的相关代码,Thu Mar 22 11:21:59 2018 +0800
0e4e72d,ladd,ladd,修改了拼写错误,Wed Mar 21 19:03:01 2018 +0800
4f46142,GitHub,Ray,Merge pull request #669 from laddcn/master,Wed Mar 21 15:55:31 2018 +0800
f6b558e,ladd,ladd,修改了拼写错误,Wed Mar 21 15:33:56 2018 +0800
25be47c,luominggang,luominggang,修复NettyClient在创建连接异常时可能导致连接泄露的问题,Wed Mar 21 15:18:53 2018 +0800
a3fadf8,Zhao Junwang,Zhao Junwang,add maven-javadoc-plugin version,Wed Jan 31 16:52:07 2018 +0800
b938578,GitHub,Ray,Merge pull request #635 from weibocom/featurn/simpleMultiSerialize,Wed Jan 17 12:46:19 2018 +0800
c603561,GitHub,Ray,Merge pull request #637 from sunnights/bugfix,Wed Jan 17 11:34:43 2018 +0800
5036491,张羽,张羽,fix #470,Tue Jan 16 17:17:48 2018 +0800
88170d1,张羽,张羽,fix #564,Thu Jan 11 13:38:39 2018 +0800
7db1047,张羽,张羽,fix NPE in #470,Thu Jan 11 11:35:16 2018 +0800
bc33c27,Ray,Ray,support multi serialize in simpleSerialization,Wed Jan 10 18:52:30 2018 +0800
f5cfe4e,GitHub,Ray,Merge pull request #630 from 20100507/master,Mon Jan 8 11:28:18 2018 +0800
0b61102,1162223173@qq.com,1162223173@qq.com,update SpringBeanUtil.java etc,Sat Jan 6 23:15:52 2018 +0800
1aca375,GitHub,Ray,Merge pull request #613 from sunnights/netty4,Wed Dec 20 16:54:35 2017 +0800
f24063f,张羽,张羽,fix: add reject server address,Wed Dec 20 16:21:14 2017 +0800
57e4770,张羽,张羽,refactor,Tue Dec 19 21:10:28 2017 +0800
825e96d,张羽,张羽,fix: server worker thread reject message,Fri Dec 15 11:04:37 2017 +0800
b4a63cd,Ray,Ray,new version 1.1.1-SNAPSHOT,Tue Dec 5 20:09:34 2017 +0800
a5d5a33,Ray,Ray,release 1.1.0,Tue Dec 5 18:40:24 2017 +0800
76ea0a7,GitHub,Ray,Merge pull request #605 from weibocom/fix/asyncException,Tue Dec 5 17:46:35 2017 +0800
18ccbe6,Ray,Ray,add response return type,Tue Dec 5 17:26:04 2017 +0800
818b8f5,Ray,Ray,fix async exception;lb refers NPE,Tue Dec 5 17:21:42 2017 +0800
a51cb80,GitHub,Ray,Merge pull request #595 from sunnights/netty4,Tue Dec 5 14:14:08 2017 +0800
5371ceb,GitHub,Ray,Merge pull request #602 from anylain/master,Tue Dec 5 12:22:16 2017 +0800
6e7dbed,张羽,张羽,fix,Mon Dec 4 10:39:13 2017 +0800
37f8b71,panying,panying,fix compile warning "Supported source version 'RELEASE_6' from annotation processor ...",Sat Dec 2 16:09:28 2017 +0800
a97cbf2,张羽,张羽,Merge remote-tracking branch 'weibo/master' into netty4,Thu Nov 30 16:30:44 2017 +0800
14095d5,张羽,张羽,encode&decode optimize,Thu Nov 30 16:29:27 2017 +0800
3e91445,GitHub,Ray,Merge pull request #591 from sunnights/master,Fri Nov 24 09:35:52 2017 +0800
cf14fa6,张羽,张羽,fix motan2 decode bug,Thu Nov 23 16:21:40 2017 +0800
bdd5ca7,张羽,张羽,fix,Thu Nov 23 12:47:04 2017 +0800
6187689,GitHub,Ray,Merge pull request #587 from yangfuhai/master,Wed Nov 22 19:36:50 2017 +0800
8c49b4e,张羽,张羽,netty4 share channel,Wed Nov 22 10:59:38 2017 +0800
fb4e768,yangfuhai,yangfuhai,由于我已经向consul-api 提交代码，修复了consul 1.0 无法注册的问题，同时 consul-api merge后重新发布了新版本1.3.0。故没有必要自定义MotanAgentConsulClient 和 MotanEcwidConsulClient了.,Sun Nov 19 09:14:25 2017 +0800
20c47c2,yangfuhai,yangfuhai,Merge branch 'master' of github.com:yangfuhai/motan,Sun Nov 19 09:11:06 2017 +0800
75c517a,yangfuhai,yangfuhai,update consul-api version to 1.3.0,Sun Nov 19 09:10:50 2017 +0800
ac6ae2a,GitHub,Michael Yang,Merge pull request #1 from weibocom/master,Sat Nov 18 17:51:57 2017 +0800
108597e,张羽,张羽,feat: support netty4,Thu Nov 16 17:51:37 2017 +0800
82d563c,GitHub,Ray,Update README.md,Wed Nov 15 19:05:16 2017 +0800
36d215e,GitHub,Ray,Merge pull request #585 from yangfuhai/master,Wed Nov 15 19:01:45 2017 +0800
537e15a,yangfuhai,yangfuhai,fixed : has NullPointerException at com.weibo.api.motan.proxy.RefererInvocationHandler.clustersToString if not check and use local protocol.,Wed Nov 15 17:11:11 2017 +0800
fb11d7e,yangfuhai,yangfuhai,fixed : has NullPointerException at com.weibo.api.motan.proxy.RefererInvocationHandler.clustersToString if not check and use local protocol.,Wed Nov 15 17:10:20 2017 +0800
86c6e34,GitHub,Ray,Merge pull request #576 from yangfuhai/master,Mon Nov 13 15:33:09 2017 +0800
7bba32b,yangfuhai,yangfuhai,new MotanEcwidConsulClient(host + ":" + port); 改成使用这个构造方法MotanEcwidConsulClient(String agentHost, int agentPort),Mon Nov 13 14:21:25 2017 +0800
94c4d33,GitHub,Ray,Merge pull request #580 from wu-sheng/patch-2,Mon Nov 13 12:10:19 2017 +0800
67ca7cd,GitHub,吴晟 Wu Sheng,Update README.md,Mon Nov 13 12:07:24 2017 +0800
80482f4,GitHub,Ray,Merge pull request #543 from wu-sheng/patch-1,Mon Nov 13 12:00:44 2017 +0800
552370c,yangfuhai,yangfuhai,优化 motanEcwidConsulClient 代码。,Sat Nov 11 09:00:10 2017 +0800
ee6950f,yangfuhai,yangfuhai,修复：consul 注册中心升级到最新版本 1.0 后，限制了api请求的方式（具体在：https://www.consul.io/docs/upgrade-specific.html#consul-1-0），由于ecwid consul-api 的bug，影响到motan 无法注册服务和获取服务的问题。,Fri Nov 10 10:17:12 2017 +0800
effc09c,GitHub,Ray,Update README.md,Wed Nov 8 12:43:29 2017 +0800
101b961,GitHub,Ray,Update README.md,Wed Nov 8 12:39:22 2017 +0800
a02c548,GitHub,Ray,Update README.md,Wed Nov 8 12:19:08 2017 +0800
3a360c4,GitHub,Ray,Update README.md,Wed Nov 8 11:30:33 2017 +0800
c647e47,Ray,Ray,new version 1.0.1-SNAPSHOT,Tue Oct 31 13:04:17 2017 +0800
d745e3e,Ray,Ray,release 1.0.0,Tue Oct 31 12:01:45 2017 +0800
2169c65,Ray,Ray,change demo complie level,Tue Oct 31 12:00:05 2017 +0800
c1870c8,GitHub,Ray,Merge pull request #561 from weibocom/motan2,Tue Oct 31 11:23:09 2017 +0800
3096889,Ray,Ray,catch zk exception,Mon Oct 30 11:43:43 2017 +0800
141492a,Ray,Ray,zk registry compatible empty extinfo,Mon Oct 30 11:31:26 2017 +0800
e8b304f,Ray,Ray,simple support bytes,Fri Oct 27 17:22:13 2017 +0800
1648fe5,Ray,Ray,invoke method name compatible,Fri Oct 27 14:23:53 2017 +0800
4ec1cb1,Ray,Ray,fix motan2 async deserialize;add providerFactory,Thu Oct 19 13:12:50 2017 +0800
ccf49d7,Ray,Ray,Merge branch 'motan2' of https://github.com/weibocom/motan into motan2,Thu Sep 28 14:28:51 2017 +0800
c5a7582,Ray,Ray,add config of transExceptionStack,Thu Sep 28 14:24:35 2017 +0800
321b8f2,GitHub,吴晟 Wu Sheng,Update README.md,Sat Sep 23 09:51:49 2017 +0800
111d6e6,Ray,Ray,fix bug,Wed Sep 20 12:38:42 2017 +0800
de529eb,Ray,Ray,fix spell,Thu Sep 14 11:35:52 2017 +0800
2b81606,Ray,Ray,change version,Tue Sep 12 19:23:39 2017 +0800
a355616,Ray,Ray,add backup request xsd;polishing,Tue Sep 12 19:09:50 2017 +0800
c34803d,Ray,Ray,merge master,Mon Sep 11 20:13:07 2017 +0800
6e57ccd,Ray,Ray,simple serialization,Fri Sep 8 17:06:06 2017 +0800
2f5cc10,GitHub,Ray,Merge pull request #525 from weibocom/addRestfulDemo,Wed Sep 6 12:23:34 2017 +0800
86c7ff2,Ray,Ray,update wiki,Thu Aug 31 16:35:01 2017 +0800
20c2d65,Ray,Ray,change method name,Thu Aug 31 16:29:56 2017 +0800
a491dbf,Ray,Ray,add copyright,Wed Aug 30 13:47:18 2017 +0800
25ee668,Ray,Ray,add restful protocol demo,Wed Aug 30 13:27:18 2017 +0800
aeb780e,GitHub,Ray,Merge pull request #501 from yeluoguigen009/master,Tue Aug 8 12:58:33 2017 +0800
b91b22c,GitHub,yeluoguigen009,Update DefaultProvider.java,Tue Aug 8 12:26:20 2017 +0800
0d16b5c,GitHub,yeluoguigen009,Update DefaultProvider.java,Tue Aug 8 12:19:53 2017 +0800
0852023,GitHub,yeluoguigen009,Update DefaultProvider.java,Mon Aug 7 15:26:37 2017 +0800
3db2cfc,GitHub,Ray,Merge pull request #471 from smartwjw/motan-manager-springboot,Wed Aug 2 11:37:58 2017 +0800
b94b231,Ray,Ray,new version 0.3.2-SNAPSHOT,Wed Jul 12 17:53:56 2017 +0800
f84b0e1,Ray,Ray,release 0.3.1,Tue Jul 11 13:38:22 2017 +0800
2eb87e3,GitHub,Ray,Merge pull request #334 from sunnights/zookeeper-test,Tue Jul 11 13:13:10 2017 +0800
909a4a5,张羽,张羽,zk registry ut, sleep 300ms,Tue Jul 11 13:11:14 2017 +0800
1801fc6,GitHub,Ray,Merge pull request #458 from dongfangshangren/master,Mon Jul 10 13:21:01 2017 +0800
60e0e7a,zhou,zhou,convert tab to 4 spaces,Tue Jul 4 21:32:14 2017 +0800
4b21e28,zhou,zhou,throw MotanBizException when provider call error,Sat Jul 1 21:24:04 2017 +0800
5b61397,王军伟,王军伟,modify wiki and do not use db to store operation record by default,Thu Jun 29 20:33:43 2017 +0800
50392e3,王军伟,王军伟,delete useless file,Thu Jun 29 20:10:38 2017 +0800
dce43a8,王军伟,王军伟,fix sql schema problems,Thu Jun 29 20:03:06 2017 +0800
c6bf090,王军伟,王军伟,make motan-manager to a spring boot project,Thu Jun 29 20:02:17 2017 +0800
4178db2,王军伟,王军伟,add spring boot dependencies and change build config,Thu Jun 29 19:59:46 2017 +0800
62a658b,王军伟,王军伟,move static files to src/main/resources/static from src/main/webapp,Thu Jun 29 19:39:22 2017 +0800
da1703e,张羽,张羽,fix #460 #467,Mon Jun 26 18:44:34 2017 +0800
11bf937,zhou,zhou,update restful servletfilter,Mon Jun 12 22:21:21 2017 +0800
75ebc89,zhou,zhou,use motan LoggerUtil,Sun Jun 11 21:58:26 2017 +0800
3cfc62f,zhou,zhou,add restful protocol support by integrate jboss resteasy,Sun Jun 11 16:21:28 2017 +0800
8a6a5fe,GitHub,东方上人,Merge pull request #1 from weibocom/master,Fri Jun 9 15:08:56 2017 +0800
dbb01d7,Ray,Ray,grpc json serialization,Fri Jun 9 10:17:41 2017 +0800
afab646,Ray,Ray,add GrpcPbSerialization,Thu Jun 1 12:37:51 2017 +0800
314f1d2,GitHub,Ray,Merge pull request #446 from xxxxzr/modify/wiki,Thu May 25 19:20:38 2017 +0800
8095f94,湛然,湛然,modify wiki,Thu May 25 18:37:33 2017 +0800
9ab7502,湛然,湛然,modify quickstart,Thu May 25 17:53:15 2017 +0800
24d1f87,GitHub,Ray,Merge pull request #443 from xxxxzr/fix/shutdownhook,Thu May 25 13:40:31 2017 +0800
fef8375,湛然,湛然,delete unnecessary import,Thu May 25 13:11:10 2017 +0800
3cf9e5c,湛然,湛然,.,Thu May 25 11:13:10 2017 +0800
b016beb,湛然,湛然,change a few details,Thu May 25 11:07:53 2017 +0800
93ff212,湛然,湛然,add ShutDownHookListener,Wed May 24 14:54:16 2017 +0800
f993665,GitHub,axb,Merge pull request #436 from weibocom/doc/updateReadme,Mon May 15 14:35:55 2017 +0800
afd6fea,Ray,Ray,update readme,Mon May 15 14:26:17 2017 +0800
fc86a00,GitHub,Ray,Merge pull request #425 from dongfangshangren/master,Fri May 12 10:26:06 2017 +0800
ffc6954,zhou,zhou,modify MessageLite serialize/deserialize code,Thu May 11 20:58:43 2017 +0800
c3711eb,zhouhaocheng,zhouhaocheng,fix serilize short bug,format test code style,Fri Apr 28 10:27:54 2017 +0800
50ef46d,zhouhaocheng,zhouhaocheng,add protobuf codec/serialization support and testcase,Thu Apr 27 14:55:44 2017 +0800
7ea6829,GitHub,Ray,Merge pull request #423 from xxxxzr/fix/basicService,Wed Apr 26 15:31:58 2017 +0800
4a05c51,湛然,湛然,fix basicService configure bug,Wed Apr 26 14:21:17 2017 +0800
b68fb17,湛然,湛然,modify quickstart,Wed Apr 26 11:22:56 2017 +0800
8f71849,GitHub,Ray,Merge pull request #407 from xiaoqing-yuanfang/dev,Mon Apr 10 18:04:06 2017 +0800
42f7b14,xiaoqing.yuanfang,xiaoqing.yuanfang,reduce duplication of getting referer,Mon Apr 3 08:27:34 2017 +0800
dc3532a,GitHub,Ray,Merge pull request #395 from lowzj/consul-api,Wed Mar 22 14:45:10 2017 +0800
3e7e181,lowzj,lowzj,polish ConsulEcwidClient,Mon Mar 20 18:00:54 2017 +0800
9f5dcf0,GitHub,Ray,Merge pull request #394 from chenchaobing/update-readme,Mon Mar 20 17:14:41 2017 +0800
a30412f,chenchaobing,chenchaobing,Update README.md,Mon Mar 20 16:41:26 2017 +0800
681811d,GitHub,axb,Merge pull request #380 from weibocom/doc/updateReadme,Thu Mar 9 13:56:48 2017 +0800
9248c30,Ray,Ray,modify readme,Thu Mar 9 13:55:58 2017 +0800
d2c2874,Ray,Ray,modify readme,Thu Mar 9 13:52:32 2017 +0800
0f466b7,Ray,Ray,update readme,Thu Mar 9 13:22:48 2017 +0800
b94d2b4,Ray,Ray,new version 0.3.1-SNAPSHOT,Thu Mar 9 12:21:44 2017 +0800
f0e61c2,Ray,Ray,release 0.3.0,Thu Mar 9 10:31:00 2017 +0800
255431a,GitHub,Ray,Merge pull request #372 from weibocom/feature/asyncCall,Thu Mar 9 10:17:21 2017 +0800
4162b8a,Ray,Ray,remove public modifier of interface,Mon Mar 6 13:32:23 2017 +0800
1924d5a,Ray,Ray,add async demo;target path options support,Thu Mar 2 19:11:15 2017 +0800
6a007a4,Ray,Ray,add MotanAsync annotation for async call,Wed Mar 1 18:11:43 2017 +0800
b109dce,Ray,Ray,update grpc module version,Tue Feb 21 15:19:49 2017 +0800
e0aee3e,Ray,Ray,Merge branch 'master' into feature/grpc,Thu Feb 16 15:13:14 2017 +0800
3c7aac1,Ray,Ray,new version 0.2.4-SNAPSHOT,Thu Feb 16 12:25:12 2017 +0800
2c79eca,Ray,Ray,release 0.2.3,Wed Feb 15 17:22:07 2017 +0800
729a989,GitHub,Ray,Merge pull request #355 from zhangfei007/master,Mon Feb 13 14:18:35 2017 +0800
909f149,zhangfei007,zhangfei007,remove unuse import,Sat Feb 11 16:04:56 2017 +0800
dff71a4,zhangfei007,zhangfei007,udpate enum ZkNodeType update toNodeTypePath,Sat Feb 11 15:55:21 2017 +0800
9662a2b,GitHub,Ray,Merge pull request #341 from wu-sheng/master,Mon Feb 6 14:29:03 2017 +0800
a94f111,GitHub,吴晟 Wu Sheng,Update README.md,Mon Jan 23 10:51:21 2017 +0800
a882d43,张羽,张羽,fix: fix zookeeper ut bug,Thu Jan 12 20:10:51 2017 +0800
0697fed,GitHub,axb,Merge pull request #326 from weibocom/feature/changeXsdValidation,Fri Dec 23 15:06:46 2016 +0800
7ed9985,Ray,Ray,change xsd type to string,Fri Dec 23 14:38:58 2016 +0800
97c6c7e,GitHub,Ray,Merge pull request #325 from wu-sheng/master,Fri Dec 23 12:16:31 2016 +0800
da69dfd,GitHub,吴晟 Wu Sheng,Update README.md,Fri Dec 23 12:10:54 2016 +0800
86843d0,GitHub,Ray,Merge pull request #324 from wu-sheng/master,Thu Dec 22 11:21:41 2016 +0800
b9b578d,wusheng,wusheng,change the description,Thu Dec 22 10:49:55 2016 +0800
23e6e99,wusheng,wusheng,Add OT badge to Motan, and mysql as a contributor on join OT.,Thu Dec 22 10:45:52 2016 +0800
18171d1,GitHub,Ray,Merge pull request #311 from weibocom/feature/opentracing,Wed Dec 21 18:01:14 2016 +0800
4d84acf,Ray,Ray,update OT version; remove brave UnitTest since brave-opentracing compiled with jdk8,Wed Dec 21 17:04:29 2016 +0800
a179cc0,Ray,Ray,NoopTracer as default,Wed Dec 21 16:33:02 2016 +0800
630fab8,Ray,Ray,add default tracer load in DefaultTracerFactory,Wed Dec 21 15:18:03 2016 +0800
0264a94,GitHub,Ray,Merge pull request #322 from feilaoda/master,Tue Dec 20 18:00:08 2016 +0800
7b7a1ea,fld,fld,add Ordered interface to AnnotationBean,Tue Dec 20 11:13:53 2016 +0800
f48de8a,Ray,Ray,annotation demo add protocol,Tue Dec 13 16:04:46 2016 +0800
11ad029,Ray,Ray,support opentracing & demo,Fri Dec 9 16:34:16 2016 +0800
2590db3,GitHub,axb,Merge pull request #305 from weibocom/fix/registryHeatbeatFail,Thu Dec 1 15:55:30 2016 +0800
1c37e1e,Ray,Ray,available after register while heartbeat switcher is open,Thu Dec 1 13:26:36 2016 +0800
711ad06,Ray,Ray,update version,Mon Nov 28 14:42:23 2016 +0800
f85070c,Ray,Ray,Merge branch 'master' into feature/grpc,Mon Nov 28 14:19:06 2016 +0800
2926e2a,GitHub,Ray,Update README.md,Fri Nov 25 16:25:09 2016 +0800
1b15202,GitHub,Ray,Update zh_quickstart.md,Fri Nov 25 16:24:31 2016 +0800
e6993ba,Ray,Ray,new version 0.2.3-SNAPSHOT,Fri Nov 25 16:19:37 2016 +0800
f69203d,Ray,Ray,release 0.2.2,Fri Nov 25 15:27:30 2016 +0800
1ed0a4e,GitHub,Ray,Merge pull request #286 from weibocom/feature/localMethodInvoke,Fri Nov 25 15:05:04 2016 +0800
fcc4983,Ray,Ray,fixbug:ConsulRegistry NPE;NettyClient connectTimeout;optimize isLocalMethod,Fri Nov 25 14:29:34 2016 +0800
98f3145,Ray,Ray,change threadLocalRandom;fix index overflow;check serialize in url canServer method;avoiding dns lookup,Thu Nov 17 16:55:06 2016 +0800
0b87a46,Ray,Ray,add InitializableFilter;grpc exception convert;grpc attachment;,Thu Nov 17 11:33:56 2016 +0800
8939d4c,Ray,Ray,Merge branch 'master' of https://github.com/weibocom/motan into feature/localMethodInvoke,Thu Nov 10 17:54:45 2016 +0800
b03390b,Ray,Ray,add rpccontext attachments;netutils gethostname donot lookup remote;grpc send rpc attachments with header,Mon Nov 7 14:05:02 2016 +0800
e861d26,Ray,Ray,add http adapter,Tue Oct 25 12:15:11 2016 +0800
f39e247,GitHub,Ray,Merge pull request #210 from sunnights/master,Wed Oct 19 11:29:55 2016 +0800
f814cb3,GitHub,Ray,Merge pull request #240 from thermosym/master,Wed Oct 19 11:21:19 2016 +0800
71fc1e0,GitHub,YANG MING,fix wiki 优雅的停止服务 set switcher to false,Wed Oct 19 10:41:10 2016 +0800
4efcbad,axb,axb,add doc for direct registry,Wed Oct 12 18:38:48 2016 +0800
f4b846b,GitHub,Ray,Merge pull request #225 from weibocom/add_doc_for_direct_registry,Wed Oct 12 18:28:15 2016 +0800
c558b4e,axb,axb,add doc for direct registry,Wed Oct 12 18:17:04 2016 +0800
aa2bebb,张羽,张羽,Merge remote-tracking branch 'weibo/master',Mon Sep 26 20:17:40 2016 +0800
afbb595,Ray,Ray,fix out of bounds in ConsistentHashLoadBalance,Mon Sep 26 13:27:49 2016 +0800
51fdd31,Ray,Ray,grpc-protocol-init,Thu Sep 22 11:32:02 2016 +0800
6ca5de1,张羽,张羽,fix: statistic bug (maxTPS & minTPS error),Mon Sep 12 14:59:46 2016 +0800
936a63e,张羽,张羽,conf: benchmark启动脚本,Mon Sep 12 13:16:39 2016 +0800
0a1b5c9,张羽,张羽,Merge remote-tracking branch 'weibo/master',Mon Sep 12 12:02:32 2016 +0800
5271da9,Ray,Ray,fix roundrobin lb index overflow,Fri Sep 9 11:04:01 2016 +0800
148cef5,axb,axb,update wiki,Thu Sep 1 00:17:32 2016 +0800
19c89aa,GitHub,Ray,Merge pull request #183 from andot/master,Wed Aug 31 11:53:15 2016 +0800
f613230,Ray,Ray,fix default protocol parse,Mon Aug 29 14:22:02 2016 +0800
5a66298,Ma Bingyao,Ma Bingyao,Update hprose-java version,Wed Aug 24 20:14:39 2016 +0800
f333fa3,Ray,Ray,add yar protocol demo,Wed Aug 24 15:02:39 2016 +0800
84cfb64,Ray,Ray,update changelog && new version 0.2.2-SNAPSHOT,Thu Aug 18 12:00:37 2016 +0800
6d52c44,张羽,张羽,feat: motan-manager发布war包的同时发布一个jar包,Wed Aug 17 17:21:19 2016 +0800
46fcebf,Ray,Ray,release 0.2.1,Wed Aug 17 14:10:13 2016 +0800
084943c,GitHub,Ray,Merge pull request #171 from weibocom/feature/adaptWeibo,Wed Aug 17 14:02:46 2016 +0800
435e9bf,Ray,Ray,format,Wed Aug 17 13:55:25 2016 +0800
48fec1c,Ray,Ray,修改statutil成员，方便扩展,Wed Aug 17 10:38:35 2016 +0800
333802f,Ray,Ray,add abstract mockprotocol,Tue Aug 16 12:11:43 2016 +0800
8461653,Ray,Ray,add annotation Initializable,Mon Aug 15 18:19:41 2016 +0800
97f6e0c,Ray,Ray,merge master,Fri Aug 12 17:57:53 2016 +0800
766c309,GitHub,Ray,Update README.md,Fri Aug 12 13:10:13 2016 +0800
0994fb2,GitHub,Ray,Merge pull request #162 from andot/master,Fri Aug 12 13:05:28 2016 +0800
9f8953a,Ma Bingyao,Ma Bingyao,增加了安全内存回收检测,Fri Aug 12 12:11:03 2016 +0800
99bdf8e,Ma Bingyao,Ma Bingyao,使用 HproseWriter 和 HproseReader 代替 HproseFormatter,Thu Aug 11 13:56:11 2016 +0800
3865814,Ma Bingyao,Ma Bingyao,Update hprose to v2.0.15,Sun Aug 7 21:25:46 2016 +0800
4e2cc27,Ray,Ray,add spring-boot demo,Fri Aug 5 18:05:23 2016 +0800
afc51c4,Ray,Ray,new version 0.2.1-SNAPSHOT,Fri Aug 5 10:58:37 2016 +0800
71cba50,Ray,Ray,updata changelog,Fri Aug 5 10:54:38 2016 +0800
18e5120,Ray,Ray,release 0.2.0,Thu Aug 4 21:28:20 2016 +0800
3ec0585,GitHub,Ray,Merge pull request #160 from weibocom/feature/yar,Thu Aug 4 19:45:09 2016 +0800
b0796ba,Ma Bingyao,Ma Bingyao,Update hprose to v2.0.12,Thu Aug 4 18:20:41 2016 +0800
3bb0db3,Ray,Ray,update pom,Tue Aug 2 22:31:33 2016 +0800
2515808,Ray,Ray,modify package name,Tue Aug 2 22:26:58 2016 +0800
86d05c0,Ma Bingyao,Ma Bingyao,Added hprose serialization support.,Sat Jul 30 16:08:42 2016 +0800
469a2db,Ray,Ray,local method such as toString,equals.. will not request remote,Fri Jul 29 14:57:17 2016 +0800
c1b1e8c,Ray,Ray,add UT,Thu Jul 28 16:15:37 2016 +0800
f812e25,Ray,Ray,support attachment,Tue Jul 26 20:28:34 2016 +0800
d377ebf,Ray,Ray,Merge branch 'master' of https://github.com/weibocom/motan into feature/yar,Tue Jul 26 14:53:39 2016 +0800
4a77411,GitHub,Ray,update Contributors,Mon Jul 25 19:55:19 2016 +0800
fe71fd8,GitHub,Ray,Merge pull request #101 from feilaoda/master,Wed Jul 20 12:20:51 2016 +0800
0846403,Ray,Ray,export support placeholder,Mon Jul 18 17:00:31 2016 +0800
a8848e7,fld,fld,ci test it again please,Mon Jul 18 14:57:49 2016 +0800
edf1761,fld,fld,remove useless import, refactor the duplicate code,Mon Jul 18 14:31:11 2016 +0800
3e7e6fd,Ray,Ray,Merge branch 'feature/yar' into feature/adaptWeibo,Mon Jun 27 16:49:49 2016 +0800
e4cc3f5,Ray,Ray,modify version,Mon Jun 27 16:48:08 2016 +0800
0c986f2,Ray,Ray,Merge branch 'master' into feature/yar,Mon Jun 27 16:32:19 2016 +0800
5a6ad08,Ray,Ray,merge feature/yar,Mon Jun 27 16:30:32 2016 +0800
a3ed373,Ray,Ray,Merge branch 'master' into feature/adaptWeibo,Mon Jun 27 16:24:44 2016 +0800
fba57ad,GitHub,Ray,Update README.md,Mon Jun 27 15:51:33 2016 +0800
e8fe8cf,GitHub,Ray,Update README.md,Mon Jun 27 15:49:58 2016 +0800
761b6a0,GitHub,Ray,Update CHANGELOG.md,Mon Jun 27 15:47:38 2016 +0800
0274248,Ray,Ray,new version 0.1.3-snapshot,Mon Jun 27 14:24:39 2016 +0800
d60539a,Ray,Ray,release 0.1.2,Mon Jun 27 14:19:32 2016 +0800
361e554,GitHub,axb,Merge pull request #133 from weibocom/bugfix/zk_sessionchange,Mon Jun 27 13:16:36 2016 +0800
55d4a93,Ray,Ray,add concurrent lock,Fri Jun 24 19:14:11 2016 +0800
867f0c7,fld,fld,add service/referer/protocol/registry annotation,Fri Jun 24 14:38:07 2016 +0800
6539ecb,Ray,Ray,reconnect when session is change,Fri Jun 24 13:58:46 2016 +0800
21a8aec,Ray,Ray,兼容数字形参接受字符类型,Thu Jun 23 13:39:07 2016 +0800
9c3ac0a,GitHub,Ray,Merge pull request #96 from sunnights/consul-command-registry,Tue Jun 21 14:44:04 2016 +0800
af027d3,GitHub,Ray,Merge pull request #124 from tangdi/master,Tue Jun 21 13:48:45 2016 +0800
2d6364b,Di Tang,Di Tang,fix error in getReqeustId condition check,Tue Jun 21 13:10:29 2016 +0800
58a498e,Ray,Ray,end,Tue Jun 21 11:05:38 2016 +0800
be64b83,Di Tang,Di Tang,fix potential overflow of requestId,Mon Jun 20 23:54:11 2016 +0800
cf1e36b,Jake Zhang,Jake Zhang,test: extend unit test,Fri Jun 17 14:22:16 2016 +0800
e0002bd,Jake Zhang,Jake Zhang,docs: fix comment,Fri Jun 17 11:57:57 2016 +0800
d2273bb,Ray,Ray,兼容数字形参接受字符类型,Fri Jun 17 10:51:54 2016 +0800
6cf1f4b,Ray,Ray,adapt weibo,Thu Jun 16 17:57:07 2016 +0800
60b6a22,Jake Zhang,Jake Zhang,docs: add log and comment,Wed Jun 15 11:02:08 2016 +0800
78c359d,Jake Zhang,Jake Zhang,fix: service的tag标记兼容旧Consul版本,Wed Jun 15 10:08:11 2016 +0800
9cfb5b7,Ray,Ray,remove yar to extension,Mon Jun 13 14:14:07 2016 +0800
f4b1e25,Ray,Ray,Merge branch 'master' of https://github.com/weibocom/motan into feature/yar,Mon Jun 13 11:40:29 2016 +0800
c5339ac,Ray,Ray,send biz exception message,Mon Jun 13 11:40:08 2016 +0800
cc11734,GitHub,Ray,Merge pull request #110 from qdaxb/support_direct_registry,Mon Jun 13 11:06:37 2016 +0800
79157af,axb,axb,update demo for direct connect,Sun Jun 12 19:07:52 2016 +0800
5401b75,axb,axb,support direct registry,Sun Jun 12 17:16:50 2016 +0800
97ecdfd,Ray,Ray,add demo start shell,Wed Jun 8 15:44:18 2016 +0800
a5e7377,Ray,Ray,添加yarpath注解；添加服务503控制；兼容msgpack与php序列化,Tue Jun 7 19:50:22 2016 +0800
acd3c87,axb,axb,Merge pull request #49 from sunnights/command-zookeeper-registry,Fri Jun 3 18:57:02 2016 +0800
4ebb1bd,fld,fld,add java doc , fix annotation logger,Fri Jun 3 11:04:47 2016 +0800
14c56c5,fld,fld,Revert "add javadoc for annotation  bean",Fri Jun 3 10:58:06 2016 +0800
f6f961f,fld,fld,add javadoc for annotation  bean,Fri Jun 3 10:55:57 2016 +0800
f7b2a74,fld,fld,add annotation for spring,Wed Jun 1 15:53:57 2016 +0800
0099dcc,Ray,Ray,yar server 初步完成,Wed Jun 1 14:24:16 2016 +0800
f593c1a,Jake Zhang,Jake Zhang,refactor: 整合ConsulRegistry,Tue May 31 18:09:07 2016 +0800
3f00591,Jake Zhang,Jake Zhang,refactor: 整合ZookeeperRegistry,Tue May 31 17:45:34 2016 +0800
b9ccea0,Jake Zhang,Jake Zhang,test: 补充单测,Mon May 30 19:20:50 2016 +0800
6e57383,Jake Zhang,Jake Zhang,fix: 修改单测,Mon May 30 19:13:03 2016 +0800
d95af6d,Ray,Ray,yar protocol temp,Mon May 30 12:36:03 2016 +0800
b8e6dcd,Jake Zhang,Jake Zhang,test: 补充单测,Mon May 30 12:27:52 2016 +0800
009ba95,Jake Zhang,Jake Zhang,Merge remote-tracking branch 'origin/master' into command-zookeeper-registry,Fri May 27 16:20:21 2016 +0800
70a0a17,axb,axb,Merge pull request #78 from weibocom/fix/directUrlParse,Fri May 27 15:54:36 2016 +0800
7c43452,Jake Zhang,Jake Zhang,fix: 修改单测代码,Fri May 27 14:15:50 2016 +0800
53197c2,Jake Zhang,Jake Zhang,feat: consul中用tags存储url的parameter信息,Fri May 27 13:49:38 2016 +0800
ca5052e,Jake Zhang,Jake Zhang,feat: 支持command的consul注册中心,Thu May 26 18:58:11 2016 +0800
4c58bdc,Jake Zhang,Jake Zhang,refactor: 整理代码结构,Thu May 26 12:14:27 2016 +0800
f9f75ce,Ray,Ray,add extension module,Wed May 25 12:13:13 2016 +0800
34e2263,Jake Zhang,Jake Zhang,refactor: 整合CommandZookeeper,Mon May 23 16:14:46 2016 +0800
3c8c90a,axb,axb,update contributors,Fri May 20 23:56:34 2016 +0800
f0d6ad7,Ray,Ray,fix parsing multi directurl,Thu May 19 16:15:57 2016 +0800
122a019,Ray,Ray,Merge pull request #77 from sunnights/fix-docs,Wed May 18 17:11:01 2016 +0800
5a89ca7,Jake Zhang,Jake Zhang,feat: manager支持查看unavailableServer节点,Wed May 18 16:41:30 2016 +0800
76560a8,Jake Zhang,Jake Zhang,docs: quickstart添加注册中心心跳开关,Wed May 18 16:41:19 2016 +0800
a422592,Ray,Ray,Merge pull request #74 from guanly/master,Wed May 18 14:20:52 2016 +0800
f67232c,guanly,guanly,多余的判断,Tue May 17 21:52:47 2016 +0800
68e8937,axb,axb,update wiki,Mon May 16 19:00:01 2016 +0800
9532a25,axb,axb,Merge pull request #66 from sunnights/manager-userguide,Mon May 16 18:52:44 2016 +0800
91e09a2,Jake Zhang,Jake Zhang,docs: 管理后台使用说明,Mon May 16 18:30:55 2016 +0800
f7ce0ed,Jake Zhang,Jake Zhang,docs: 管理后台使用说明,Mon May 16 14:02:58 2016 +0800
10dbffb,axb,axb,update errorcode doc,Sat May 14 23:31:42 2016 +0800
0be87ef,axb,axb,Update CHANGELOG.md,Sat May 14 18:47:00 2016 +0800
0e3aeae,axb,axb,update docs,Sat May 14 18:19:19 2016 +0800
9765358,axb,axb,bump version 0.1.1 -> 0.1.2-SNAPSHOT,Sat May 14 18:15:11 2016 +0800
c2230ca,axb,axb,release 0.1.1,Sat May 14 18:14:31 2016 +0800
7295934,axb,axb,update changelog,Sat May 14 18:11:42 2016 +0800
8d9a7f1,r2dx,r2dx,Merge pull request #60 from qdaxb/fix_bug_of_zookeeper_timeout,Sat May 14 17:35:10 2016 +0800
97fa3c4,axb,axb,add connect timeout parameter,Fri May 13 18:48:34 2016 +0800
15a7e01,axb,axb,fix bug of zookeeper connect timeout,Fri May 13 17:15:57 2016 +0800
343e850,half-dead,half-dead,format code,Fri May 13 15:21:47 2016 +0800
66345e5,r2dx,r2dx,Merge pull request #58 from qdaxb/friend_error_message,Fri May 13 15:02:40 2016 +0800
0601fdc,axb,axb,report friendly error message when registry module not found,Fri May 13 14:20:37 2016 +0800
e1e2e3a,r2dx,r2dx,Merge pull request #46 from qdaxb/fix_localfirst_bug,Thu May 12 21:06:05 2016 +0800
bbe7b83,Jake Zhang,Jake Zhang,chore: 添加配置,Thu May 12 19:45:10 2016 +0800
004b97e,Jake Zhang,Jake Zhang,feat: support command for zk registry,Thu May 12 18:00:45 2016 +0800
706f1ca,axb,axb,Merge pull request #33 from sunnights/refactor-manager-registry,Thu May 12 00:18:23 2016 +0800
3dad207,axb,axb,remove unused doc,Thu May 12 00:11:43 2016 +0800
a80c0ba,axb,axb,fix bug of localfirst loadbalance, fix #42,Thu May 12 00:07:35 2016 +0800
b936038,axb,axb,fix demo error,Thu May 12 00:06:22 2016 +0800
9d5dcc1,axb,axb,Merge pull request #44 from radarhere/patch-1,Wed May 11 23:04:05 2016 +0800
550f528,Zhang Yu,Jake Zhang,feat: Consul服务查询支持多DC，DC作为group和service名字的前缀进行标识，如"dc1_motan-demo-rpc",Wed May 11 19:03:34 2016 +0800
1d75cb7,Andrew Murray,Andrew Murray,Fixed typos,Wed May 11 20:08:37 2016 +1000
5c09e2f,r2dx,r2dx,Fix documentational error,Wed May 11 17:01:40 2016 +0800
36fbb91,Zhang Yu,Jake Zhang,refactor: 改为注解配置,Wed May 11 13:46:06 2016 +0800
0b7aef5,Zhang Yu,Jake Zhang,feat: 支持Consul注册中心服务查询,Mon May 9 18:46:58 2016 +0800
ee91909,axb,axb,fix typo,Mon May 9 16:28:03 2016 +0800
603125f,fingki,fingki,Update zh_userguide.md,Mon May 9 15:56:14 2016 +0800
9381ee3,fingki,fingki,Update zh_userguide.md,Mon May 9 15:51:18 2016 +0800
d233aa1,fingki,fingki,Update zh_overview.md,Mon May 9 15:46:19 2016 +0800
04c8524,fingki,fingki,Update zh_userguide.md,Fri May 6 18:19:55 2016 +0800
7e01953,axb,axb,Merge pull request #30 from half-dead/pr-29,Fri May 6 18:09:37 2016 +0800
e3ff970,half-dead,half-dead,add loadProperties(),Thu May 5 16:01:12 2016 +0800
fe16326,axb,axb,bump version 0.1.0 -> 0.1.1-SNAPSHOT,Fri Apr 29 15:31:07 2016 +0800
1a28826,axb,axb,update document for 0.1.0 release,Fri Apr 29 15:29:36 2016 +0800
051b9b7,axb,axb,0.1.0 release,Fri Apr 29 15:23:43 2016 +0800
d49314d,axb,axb,update changelog,Fri Apr 29 13:53:36 2016 +0800
20f7e4c,axb,axb,bump version 0.0.1 -> 0.1.0,Fri Apr 29 13:25:54 2016 +0800
dc4a694,Zhang Yu,Jake Zhang,refactor: 重构,Thu Apr 28 22:18:10 2016 +0800
60dcc0b,r2dx,r2dx,Merge pull request #23 from qdaxb/zookeeper_connection_timeout,Thu Apr 28 16:47:21 2016 +0800
4b7ec9b,axb,axb,make zookeeper registry configurable,Thu Apr 28 14:01:03 2016 +0800
07b1048,axb,axb,Merge pull request #17 from sunnights/zookeeper-graceful-shutdown,Thu Apr 28 02:29:10 2016 +0800
5ce1eab,Zhang Yu,Jake Zhang,bug: 处理异常,Wed Apr 27 19:10:21 2016 +0800
9f1d1e4,Zhang Yu,Jake Zhang,修改单测,Wed Apr 27 18:50:25 2016 +0800
83183d6,Zhang Yu,Jake Zhang,refactor: 重构ZooKeeperRegistry，修改单测,Wed Apr 27 17:17:46 2016 +0800
887b6c5,Zhang Yu,Jake Zhang,refactor: 重构ZooKeeperRegistry，添加单测,Tue Apr 26 19:59:08 2016 +0800
959bdab,r2dx,r2dx,Merge pull request #18 from qdaxb/update_pom_dependency,Tue Apr 26 14:39:55 2016 +0800
54e378f,axb,axb,update pom dependency,Tue Apr 26 14:21:30 2016 +0800
e11b312,Zhang Yu,Jake Zhang,docs: 修改registry心跳开关相关文档 fix: 移除无用consul开关,Tue Apr 26 12:41:54 2016 +0800
b3b0681,Zhang Yu,Jake Zhang,feat: zookeeper支持优雅停机,Tue Apr 26 12:15:12 2016 +0800
ee89da0,Zhang Yu,Jake Zhang,chore: 更改configserver相关名称,Tue Apr 26 12:11:50 2016 +0800
bba2361,axb,axb,Update README.md,Mon Apr 25 23:43:21 2016 +0800
8c23c59,axb,axb,Update README.md,Mon Apr 25 23:40:54 2016 +0800
4cc538f,r2dx,r2dx,Merge pull request #11 from qdaxb/support_setting_service_avaiable,Mon Apr 25 21:36:41 2016 +0800
946ee4d,axb,axb,refactor registry for support setting service available,Mon Apr 25 21:15:14 2016 +0800
cfe21bb,axb,axb,Merge pull request #12 from fingki/master,Mon Apr 25 20:36:25 2016 +0800
c1f172b,fingki,fingki,Update quickstart,Mon Apr 25 20:33:27 2016 +0800
ec06ff0,axb,axb,update wiki of configuration list,Mon Apr 25 18:54:15 2016 +0800
3242ffc,r2dx,r2dx,Merge pull request #7 from qdaxb/fix_concurrency_bug,Mon Apr 25 16:33:29 2016 +0800
e494965,axb,axb,replace cache map with thread-safe implemention. Fixes #6,Mon Apr 25 16:08:23 2016 +0800
f1608ca,axb,axb,Update README.md,Sun Apr 24 23:05:57 2016 +0800
0d69826,axb,axb,Merge pull request #4 from sumory/master,Sun Apr 24 19:41:57 2016 +0800
18fa770,sumory,sumory,Update pom.xml,Sun Apr 24 19:11:31 2016 +0800
7fd1510,axb,axb,update jdk requirements,Sat Apr 23 22:32:26 2016 +0800
22a9c4d,axb,axb,update wiki,Sat Apr 23 22:03:18 2016 +0800
1125e26,axb,axb,update wiki,Sat Apr 23 19:12:37 2016 +0800
29ac3bc,axb,axb,Update README.md,Fri Apr 22 20:51:45 2016 +0800
0566878,axb,axb,update wiki docs,Fri Apr 22 20:46:56 2016 +0800
223c85e,axb,axb,Update README.md,Fri Apr 22 20:41:35 2016 +0800
ecdae96,axb,axb,update wiki links in readme,Fri Apr 22 20:35:47 2016 +0800
ff01f4e,axb,axb,update wiki docs,Fri Apr 22 20:34:36 2016 +0800
47c3b12,fingki,fingki,add en_faq,Fri Apr 22 20:11:07 2016 +0800
645112a,axb,axb,Update README.md,Fri Apr 22 19:15:06 2016 +0800
6a69db9,axb,axb,Merge pull request #2 from wenqisun/add_english_readme,Fri Apr 22 19:09:22 2016 +0800
e3ce50b,wenqisun,wenqisun,English Quickstart,Fri Apr 22 19:03:19 2016 +0800
33eaaa1,axb,axb,Update README.md,Fri Apr 22 16:36:49 2016 +0800
e6102ee,axb,axb,update readme,Fri Apr 22 15:01:59 2016 +0800
4e777df,axb,axb,Update README.md,Fri Apr 22 14:53:04 2016 +0800
d498c27,axb,axb,Update README.md,Fri Apr 22 14:51:00 2016 +0800
ada073f,axb,axb,Update zh_quickstart.md,Fri Apr 22 11:50:40 2016 +0800
4e26814,axb,axb,Update README.md,Fri Apr 22 11:50:03 2016 +0800
1d272b1,axb,axb,update wiki,Fri Apr 22 08:23:20 2016 +0800
972525e,axb,axb,add wiki docs for contribute,Fri Apr 22 02:10:09 2016 +0800
163ec12,axb,axb,Update README.md,Fri Apr 22 01:20:46 2016 +0800
3ac015c,axb,axb,fix bug of random breaking unit test,Thu Apr 21 16:56:16 2016 +0800
fc448e4,qindi,qindi,update readme,Thu Apr 21 00:09:00 2016 +0800
c1439c5,axb,axb,update to 0.0.2-SNAPSHOT,Wed Apr 20 22:01:06 2016 +0800
62648e1,axb,axb,release 0.0.1,Wed Apr 20 21:58:42 2016 +0800
6bf9c00,axb,axb,update pom for release checks,Wed Apr 20 21:47:54 2016 +0800
5382ddb,Ray,Ray,Initial commit,Wed Apr 20 19:56:54 2016 +0800