3905f50,GitHub,berendjan,Add notify model changed method (#1063),Wed Sep 30 12:39:50 2020 -0500
302ff90,GitHub,Seanghay,debuggable? (#1057),Sat Sep 19 12:03:59 2020 -0500
3cb3a05,GitHub,Eli Hart,Release 4.1.0 (#1056),Fri Sep 18 14:47:01 2020 -0500
6b243e0,GitHub,Peter Elliott,Add view visibility checks to EpoxyVisibilityItem and decouple RecyclerView (#1052),Thu Sep 17 11:37:56 2020 -0500
f5f3dce,GitHub,Eli Hart,Add model group dsl to changelog (#1049),Thu Sep 17 10:54:23 2020 -0500
72ce778,GitHub,Eli Hart,Synchronization fixes (#1055),Thu Sep 17 10:53:59 2020 -0500
b29bf7f,GitHub,Mahmoud Mabrok Fouad,Update README.md (#1048),Mon Sep 14 11:27:40 2020 -0500
8b7ad13,GitHub,Rajanikant Deshmukh,Update installation template with proper version (#1051),Fri Sep 11 16:54:18 2020 -0500
d58b33a,Eli Hart,Eli Hart,add paging3 to changelog,Tue Sep 8 11:59:59 2020 -0500
ac70fca,GitHub,Eli Hart,4.0.0 release (#1046),Tue Sep 8 11:40:16 2020 -0500
0285aaa,GitHub,Dustin Lam,Add an epoxy-paging3 module with source-compatibility fixes (#1039),Fri Aug 21 20:14:03 2020 -0500
d9e5e64,GitHub,Miłosz,Allow specifying layout in GroupModel constructor (#1026),Fri Aug 7 15:46:44 2020 -0500
3114762,GitHub,Eli Hart,Allow PackageModelViewConfig to be set on Types (#1020),Thu Aug 6 12:49:41 2020 -0500
1f14d64,GitHub,Emmanuel Boudrant,Model group building with Kotlin DSL (#1012),Thu Jul 23 12:06:22 2020 -0500
141894c,GitHub,Eli Hart,Beta 5 fixes and release (#1016),Fri Jul 10 12:00:20 2020 -0500
435c2fb,GitHub,Eli Hart,Fix duplicate layout method (#991),Mon Jul 6 12:51:45 2020 -0500
d7b19f8,GitHub,glureau-betclic,Sample / ViewBindingKotlinModel : Add proguard rules (#1006),Wed Jun 24 12:29:17 2020 -0500
d5a6bba,GitHub,Andrew Tomash,Added viewHolder count calculation to UnboundedViewPool and covered it with tests (#992),Thu Jun 4 11:06:53 2020 -0500
4a2c055,GitHub,Eli Hart,Optimize generated code (#985),Mon Jun 1 13:06:48 2020 -0500
6b2c340,GitHub,Denis Bezrukov,Synchronize ListUpdateCallback and PagedListModelCahe functions (#987),Mon Jun 1 12:42:17 2020 -0500
b9744d2,GitHub,Eli Hart,Incremental annotation processor and processor optimizations (#972),Sat May 23 12:34:29 2020 -0500
b8daf0c,GitHub,Eli Hart,Release 3.11.0 (#978),Thu May 21 10:04:23 2020 -0500
bfa2607,GitHub,Maik Buchmeyer,Introduce partial impression visibility states (#973),Tue May 19 13:47:02 2020 -0500
572e18a,GitHub,Akshay Chordiya,Fixes #974 (#976),Mon May 18 13:06:41 2020 -0500
ec056e9,GitHub,Eli Hart,Release 3.10.0 (#971),Fri May 15 19:37:57 2020 -0500
7c4ac9c,GitHub,Emmanuel Boudrant,Carousel building with Kotlin DSL - Step 1 (#967),Wed May 13 11:46:51 2020 -0500
cb9673f,GitHub,glureau-betclic,Android ViewBinding: adding an example in the sample project. (#939),Tue May 12 16:35:26 2020 -0500
e6c5e95,GitHub,Eli Hart,Fix setter with default value lookup in kotlin 1.4 (#966),Fri May 8 12:06:33 2020 -0500
d3174db,GitHub,Eli Hart,Change "result" property name in generated model (#965),Thu May 7 15:12:57 2020 -0500
d9ed042,GitHub,Akshay Chordiya,Add support for Sticky Headers (#842),Wed May 6 13:38:33 2020 -0500
b6ae954,GitHub,Eli Hart,Update LICENSE,Tue May 5 12:11:09 2020 -0500
aa3749a,GitHub,Eddie Kimmel,Use measured width/height if it exists. (#915),Mon May 4 22:32:32 2020 -0500
f4490c5,GitHub,littledot,Add a getter to EpoxyViewHolder.getHolder(). (#952) (#953),Mon May 4 22:12:38 2020 -0500
a171e84,GitHub,Emmanuel Boudrant,Fix visibility tracking during RecyclerView animations (#962),Mon May 4 17:16:58 2020 -0500
fb61430,GitHub,Ezzulddin Sahib,Update project gradle.build file (#961),Mon May 4 13:56:27 2020 -0500
bf228a7,GitHub,JP Ventura,Travis CI build status of master (#929),Fri Mar 20 16:29:24 2020 -0500
963ef0f,Eli Hart,rashadsookram,Fix leak in ActivityRecyclerPool when EpoxyRecyclerView is created with a ContextWrapper (#906),Fri Jan 10 14:30:17 2020 -0600
f8262dd,Eli Hart,최예찬,Rename ResultCallack to ResultCallback in AsyncEpoxyDiffer (#899),Tue Jan 7 16:51:43 2020 -0600
804bdb8,Eli Hart,Takao Chiba,Fix incorrect license attributes in POM file (#898),Fri Jan 3 18:56:34 2020 -0500
a2372f9,GitHub,Eli Hart,Release 3.9.0 (#894),Tue Dec 17 13:38:23 2019 -0800
9a51d5b,Eli Hart,Nathanael Silverman,Move epoxy-modelfactory tests to their own module (#834),Tue Dec 17 12:48:56 2019 -0800
d98658a,Eli Hart,Frieder Bluemle,Remove executable bit from non-executable files (#864),Mon Nov 11 09:36:06 2019 -0600
e7ff548,Eli Hart,Vairavan Srinivasan,Minor documentation and variable name updates. (#870),Mon Nov 11 09:21:14 2019 -0600
ccc38fd,Eli Hart,Subhrajyoti Sen,Update ktlint and format with new rules (#861),Mon Nov 4 11:35:15 2019 -0600
81c7b40,Eli Hart,Subhrajyoti Sen,Use same version for Mockito Core and Inline (#860),Mon Nov 4 11:25:05 2019 -0600
97be5a5,Eli Hart,Frieder Bluemle,Remove .idea/ folder (#856),Fri Nov 1 10:29:06 2019 -0500
7acaa5e,Eli Hart,Donghee Lee,Update README.md (#853),Thu Oct 24 16:25:00 2019 -0500
9911c3c,Eli Hart,Frieder Bluemle,Update Gradle plugin and wrapper (#848),Tue Oct 22 18:10:43 2019 -0500
13b360b,Eli Hart,blazeroni,Make EpoxyRecyclerView.setItemSpacingPx() open (#829),Mon Oct 21 11:09:17 2019 -0500
2df530d,Eli Hart,Teemu Rossi,Fix reading EpoxyDataBindingPattern enableDoNotHash (#837),Fri Oct 4 16:56:12 2019 -0500
bbdc2dc,GitHub,Eli Hart,3.8.0 release and tools update (#828),Mon Sep 16 15:35:13 2019 -0500
5d151cc,GitHub,Nathanael Silverman,Add support for Kotlin delegation via annotated interface properties (#812),Wed Aug 21 19:33:40 2019 -0700
c631edb,GitHub,Eli Hart,Fix checked change crash and improve debug errors (#806),Tue Aug 13 11:28:25 2019 -0500
a293fb7,Eli Hart,Shaishav Gandhi,Remove extra space in Kotlin extensions (#777),Fri Jul 19 09:28:48 2019 -0500
09e5fdb,GitHub,Eli Hart,Prepare for release 3.7.0 (#776),Mon Jul 1 11:43:19 2019 -0500
18db07b,Eli Hart,Emmanuel Boudrant, Add a method to request visibility check. An example is when you nest a horizontal Epoxy backed RecyclerView in a non Epoxy vertical RecyclerView. When the vertical RecyclerView scroll you want to notify the visibility tracker attached on the horizontal RecyclerView. (#775),Thu Jun 27 17:33:45 2019 -0500
c51ab81,GitHub,Eli Hart,Release 3.6.0 (#768),Tue Jun 18 10:48:17 2019 -0500
7ee9d56,GitHub,Eli Hart,Fix model click listener crashing on nested model (#767),Tue Jun 18 09:20:36 2019 -0500
a5620f9,GitHub,Eli Hart,Preloader system with glide extensions (#766),Mon Jun 17 20:49:10 2019 -0500
297c7b1,GitHub,Eli Hart,Release 3.5.1 (#753),Wed Jun 5 11:52:43 2019 -0700
3b4a9cb,Eli Hart,Miguel Kano,Update kotlin to 1.3.31 (#750),Tue May 21 07:42:12 2019 -0500
915d414,GitHub,Eli Hart,Prepare for release 3.5.0 (#744),Tue May 14 09:12:37 2019 -0500
3b959ac,GitHub,Eli Hart,Convert EpoxyRecyclerView to Kotlin (#743),Fri May 10 14:54:26 2019 -0500
0baf97a,Eli Hart,Emmanuel Boudrant,IllegalEpoxyUsage in EpoxyVisibilityTracker: Remove throws because nested visibility (#739),Tue May 7 21:10:20 2019 -0500
8a3643f,Eli Hart,Emmanuel Boudrant,Prevent IllegalArgumentException during EpoxyVisibilityTracker child processing (#742),Tue May 7 20:28:01 2019 -0500
8e20a18,GitHub,Eli Hart,Update README.md,Fri May 3 09:41:24 2019 -0500
f854709,GitHub,Eli Hart,Fix type differentiate in default param support (#732),Thu Apr 18 12:08:23 2019 -0700
a9b8e7e,Eli Hart,Rafael Toledo,Update reference of Butterknife plugin to latest version (#731),Wed Apr 17 14:21:11 2019 -0700
56a5495,GitHub,Eli Hart,Release 3.4.1 (#730),Tue Apr 16 15:50:16 2019 -0700
73f5c2b,GitHub,Eli Hart,Release 3.4.0 (#728),Fri Apr 12 08:56:37 2019 -0500
01363a1,GitHub,Eli Hart,Support kotlin default parameters (#722),Wed Apr 10 13:41:54 2019 -0500
b0aa309,Eli Hart,Luca Pellizzari,OnModelCheckedChangeListener (#725),Wed Apr 10 13:15:30 2019 -0500
688bddb,Eli Hart,Chris Banes,Extract ID generation methods to new public IdUtils class (#724),Tue Apr 9 20:59:57 2019 -0500
ee0755a,GitHub,Eli Hart,Reset controller state on failed model build (#720),Tue Apr 2 09:15:20 2019 -0500
990f199,Eli Hart,Matias Radzinski,Disabled the auto-detach behavior on Carousels by default. (#688),Mon Feb 25 09:14:24 2019 -0600
5520898,GitHub,Eli Hart,Prepare for release 3.3.0 (#679),Thu Feb 14 10:59:03 2019 -0600
50d3ded,Eli Hart,Brian Shuman,Changed the section name for the timer class to be in the start method (#671),Tue Feb 5 12:14:15 2019 -1000
6f8e85a,GitHub,Eli Hart,Fix model group issues (#676),Tue Feb 5 08:46:41 2019 -1000
da50a4c,Eli Hart,Andreas Rossbacher,Add comment to assignment (#670),Wed Jan 30 19:07:37 2019 -0600
2de36ba,GitHub,Eli Hart,Enable recycling of views within groups (#657),Mon Jan 21 22:30:28 2019 -0600
784ba33,GitHub,Eli Hart,Synchronize paged epoxy controller (#656),Mon Jan 21 22:05:01 2019 -0600
7523c9e,Eli Hart,Emmanuel Boudrant,Add Ktlint to enforce kotlin style (#661),Tue Jan 15 13:06:15 2019 -0600
9f9d51d,Eli Hart,Emmanuel Boudrant,Add missing `@Nullable` (#660),Mon Jan 14 13:40:51 2019 -0600
c6945f6,Eli Hart,Emmanuel Boudrant,Add support for nested RecyclerView to EpoxyVisibilityTracker - Part 2 (#633),Mon Jan 14 12:59:26 2019 -0600
b162c82,Eli Hart,borysstach,Get onSwipeProgressChanged callbacks on return to original item position animation (#654),Sat Jan 12 10:29:27 2019 -0600
993e40a,Eli Hart,Ricardo,Added method to clear model cache and force a model build (#583) (#586),Tue Jan 8 15:28:25 2019 -0600
4ca4cab,Eli Hart,Shaishav Gandhi,Upgrade KotlinPoet 1.0.0 (#624),Thu Jan 3 11:17:32 2019 -0600
255de8a,Eli Hart,Bernardo Ferrari,Replace 'compile' with 'implementation' on README. (#649),Mon Dec 31 13:31:48 2018 -0500
5f2c9e1,Eli Hart,j-roskopf,updated documentation (#647),Sat Dec 29 11:42:56 2018 -0500
72acfa3,Eli Hart,Adam McNeilly,Added a getter method to return the num views on screen in the carousel. Helpful for subclasses that need to do things based on this behavior. (#632),Mon Dec 10 11:38:54 2018 -0600
de7303f,Eli Hart,Emmanuel Boudrant,Add support for nested RecyclerView to EpoxyVisibilityTracker - Part 1 (#627),Sat Dec 8 08:57:00 2018 -0600
4b05551,Eli Hart,Shaishav Gandhi,Remove sudo:false from travis config (#617),Tue Nov 27 22:09:17 2018 -0600
9244857,Eli Hart,Emmanuel Boudrant,Wrong visibility when the view become not visible  (#619),Tue Nov 27 22:08:15 2018 -0600
534a9fc,GitHub,Eli Hart,Fix paging sample (#615),Wed Nov 21 09:31:44 2018 -0600
8f52c34,Eli Hart,Roman Kivalin,Always null out modelInterceptorCallbacks after model build (#613),Tue Nov 20 10:02:28 2018 -0600
8574759,GitHub,Eli Hart,Prepare for release 3.0.0 (#608),Tue Nov 13 15:25:08 2018 -0600
f6b56d2,GitHub,Eli Hart,Clean up and make sample work (#605),Tue Nov 13 11:35:55 2018 -0600
b38d33f,Eli Hart,Jeffrey de Looff,Androidx migration (#440),Mon Nov 12 08:04:21 2018 -0600
67cd113,Eli Hart,Shaishav Gandhi,Upgrade to KotlinPoet 1.0.0-RC2 (#604),Sat Nov 10 16:26:52 2018 -0600
6e717cf,Eli Hart,Emmanuel Boudrant,Use robolectric qualifiers in EpoxyVisibilityTrackerTest to give more control on view's height (#590),Mon Oct 22 13:07:09 2018 -0500
7f81c8b,Eli Hart,Martin Bonnin,make the padding parameter order the same as in the Android Framework (#536),Thu Oct 18 09:49:44 2018 -0500
ba610e5,GitHub,Eli Hart,Prepare for 2.19.0 release (#582),Thu Oct 18 09:49:25 2018 -0500
5c35b8f,GitHub,Eli Hart,Update paging kdoc on threading,Thu Oct 18 09:37:21 2018 -0500
52eaacb,Eli Hart,Emmanuel Boudrant,Follow-up for visibility tracking : adapter data changes (#575),Wed Oct 17 09:24:10 2018 -0500
bb634e8,Eli Hart,Emmanuel Boudrant,Implements visibility events for EpoxyRecyclerView/EpoxyViewHolder. (#560),Fri Oct 12 14:09:25 2018 -0700
9eb4fc6,GitHub,Eli Hart,Release 2.18.0 (#550),Wed Sep 26 13:53:23 2018 -0500
0551a5c,Eli Hart,Yigit Boyar,Paged list controller (#533),Fri Sep 21 16:18:07 2018 -0500
e50f1a5,Eli Hart,Yuji Koketsu,remove app_name and unimportant attr in AndroidManifest (#543),Thu Sep 20 09:28:03 2018 -0500
b1ebcda,Eli Hart,Laxman Bhattarai,compile -> implementation for recent Gradle support (#541),Tue Sep 18 15:44:32 2018 -0500
f84384f,GitHub,Eli Hart,Add databinding option to not auto apply DoNotHash (#539),Thu Sep 13 11:17:27 2018 -0500
8b47562,GitHub,Eli Hart,Fix AsyncEpoxyController constructor to correctly use boolean setting (#537),Tue Sep 11 18:59:21 2018 -0500
c268d60,GitHub,Eli Hart,Update README.md,Thu Sep 6 09:16:33 2018 -0500
a990e2d,GitHub,Eli Hart,Update README.md,Thu Sep 6 09:16:07 2018 -0500
056cf5d,GitHub,Eli Hart,prepare for release 2.17.0 (#529),Thu Sep 6 09:14:25 2018 -0500
82d4161,Eli Hart,Patrick Willmann,Add support for setting the Padding via resource or directly in dp (#528),Thu Sep 6 08:18:17 2018 -0500
c9e0268,Eli Hart,Martin Bonnin,Simplify the kotlin sample (#492),Thu Sep 6 07:49:46 2018 -0500
2712b45,Eli Hart,Shaishav Gandhi,Reflect the annotations declared in constructor params (#519),Wed Sep 5 16:56:01 2018 -0500
18a956b,GitHub,Eli Hart,Update javapoet to 1.11.1 (#527),Wed Sep 5 16:52:02 2018 -0500
e87ae0b,GitHub,Eli Hart,Strip kotlin metadata annotation from generated classes (#523),Wed Sep 5 13:57:05 2018 -0500
5145c36,GitHub,Eli Hart,Use correct async constructor reflection (#512),Wed Aug 29 09:20:48 2018 -0500
9435d73,GitHub,Eli Hart,Prepare for 2.16.3 release (#510),Mon Aug 27 10:36:33 2018 -0500
6f75110,GitHub,Eli Hart,Async improvements (#509),Fri Aug 24 20:40:49 2018 -0500
4feadd2,GitHub,Eli Hart,Prepare for 2.16.2 release (#507),Thu Aug 23 20:46:31 2018 -0500
81a6407,GitHub,Eli Hart,Ability to check for pending model build (#506),Thu Aug 23 19:59:08 2018 -0500
18d5cbd,Eli Hart,Shaishav Gandhi,Fallback to kotlin.Function + noinline (#501),Thu Aug 23 10:14:39 2018 -0500
05c23ec,GitHub,Eli Hart,Prepare for 2.16.1 release (#505),Wed Aug 22 18:46:11 2018 -0500
c493b7a,GitHub,Eli Hart,Fix thread check in model building async tests (#504),Wed Aug 22 18:44:12 2018 -0500
c096888,GitHub,Eli Hart,Update readme for automatic latest version (#496),Wed Aug 8 13:40:57 2018 -0500
460fc5d,GitHub,Eli Hart,Prepare for 2.16.0 release (#493),Wed Aug 8 12:36:20 2018 -0500
5c51480,GitHub,Eli Hart,Async diffing (#425),Tue Aug 7 11:17:12 2018 -0500
2c5e188,GitHub,Eli Hart,Prepare for 2.15.0 release (#484),Mon Aug 6 15:58:34 2018 -0500
a739b62,GitHub,Nathanael Silverman,[modelfactory] Make ModelProperties nullable (#489),Thu Aug 2 12:15:29 2018 -0700
7a14d0b,GitHub,Nathanael Silverman,[modelfactory] Enable grouped fields with different names, add support for long and @RawRes (#487),Wed Aug 1 17:23:38 2018 -0700
23e822d,Eli Hart,Nelson Osacky,Add non-nullable annotation to EpoxyHolder. (#488),Wed Aug 1 09:03:17 2018 -0500
4b7663d,GitHub,Eli Hart,Properly suppress generated code deprecation (#485),Mon Jul 30 18:22:58 2018 -0500
f172634,GitHub,Eli Hart,Call onpre and post bind methods in super classes (#483),Sun Jul 29 21:25:20 2018 -0500
0f521f0,GitHub,Eli Hart,Remove lambdas from tostring (#482),Sun Jul 29 16:36:19 2018 -0500
8d87a2b,GitHub,Eli Hart,Fix generated kotlin (#478),Sat Jul 28 18:54:08 2018 -0500
c02578e,GitHub,Eli Hart,remove allows backups from manifests (#481),Sat Jul 28 18:50:51 2018 -0500
86b1643,GitHub,Eli Hart,more kotlin samples (#480),Sat Jul 28 18:30:20 2018 -0500
d46fcb1,GitHub,Eli Hart,Rename ExampleKotlinHolder.kt to ExampleKotlinModels.kt,Sat Jul 28 17:39:45 2018 -0500
e2ebb62,GitHub,Eli Hart,New kotlin samples (#479),Sat Jul 28 17:38:50 2018 -0500
b55e2e0,Eli Hart,Liu Ye Dong,Fix OnModelClickListener Setter's annotations (#458),Thu Jul 26 23:05:02 2018 -0500
5999527,Eli Hart,Wilder Pereira,Add reference to Litho (#476),Thu Jul 26 16:24:05 2018 -0500
64cf8ff,GitHub,Nathanael Silverman,Prepare for 2.14.0 release (#460),Wed Jun 27 18:01:25 2018 -0700
ed916a0,GitHub,Nathanael Silverman,Generate model factory methods (#450),Wed Jun 27 15:42:04 2018 -0700
8cdd359,GitHub,Eli Hart,Prepare for 2.13.0 release (#453),Tue Jun 19 16:06:09 2018 -0500
4cbc32a,Eli Hart,Liu Ye Dong,Reduce memory (#433),Tue Jun 19 14:51:31 2018 -0500
bcfecc8,GitHub,Eli Hart,Fix support for wildcards in private epoxyattributes (#451),Mon Jun 18 11:10:01 2018 -0500
c338f41,GitHub,Eli Hart,Fix Generated Kotlin Extensions Don't Adhere to Constructor Nullability (#449),Fri Jun 15 12:54:21 2018 -0500
a5d219e,GitHub,Eli Hart,Fix infinite loop in annotation processor (#447),Thu Jun 14 14:30:49 2018 -0500
f8ad23e,Eli Hart,Edwin Nyawoli,Update README.md (#444),Tue Jun 5 11:05:55 2018 -0400
cfa2bfa,GitHub,Eli Hart,Prepare for 2.12.0 release (#424),Wed Apr 18 13:07:37 2018 -0700
af18fb0,GitHub,Eli Hart, Improve public paris support (#422),Tue Apr 17 17:37:30 2018 -0700
91ecb8b,GitHub,Eli Hart,Update paged list (#421),Tue Apr 17 12:21:16 2018 -0700
c096392,GitHub,Eli Hart,Prepare for release 2.11.0 (#419),Sat Apr 7 21:12:21 2018 -0700
16e5513,Eli Hart,Nathanael Silverman,Blacklist setLifecycleOwner method in databinding field parsing, fixes #412 (#418),Sat Apr 7 20:59:28 2018 -0700
d1da6fb,Eli Hart,Anas Alaa,make isBuildingModels public (#406),Tue Mar 13 11:40:19 2018 -0700
478bb15,GitHub,Eli Hart,Prepare for 2.10.0 release (#404),Wed Mar 7 15:41:36 2018 -0800
0a886c3,GitHub,Eli Hart,Use equals to compare styles (#403),Sun Feb 25 12:18:27 2018 -0800
5dcdb93,Eli Hart,Ilya Zorin,#398 Custom generated view model suffix (#402),Thu Feb 15 10:33:41 2018 -0800
ab8ba02,GitHub,Eli Hart,Update paris style package (#399),Tue Feb 13 21:54:34 2018 -0800
42b2c4c,GitHub,Eli Hart,Prepare for 2.9.0 release (#395),Mon Jan 29 21:44:47 2018 -0800
3b56bf8,GitHub,Eli Hart,Allow EpoxyController settings to have global defaults (#394),Mon Jan 29 16:40:45 2018 -0800
c8e4ad1,GitHub,Eli Hart,Improve model click listener handling (#393),Mon Jan 29 12:00:20 2018 -0800
edff940,GitHub,Eli Hart,Add nonnull annotations to EpoxyModel (#391),Mon Jan 29 11:59:35 2018 -0800
9d37d30,GitHub,Eli Hart,disable placeholders in paging example (#392),Mon Jan 29 11:12:59 2018 -0800
ecc8a83,Eli Hart,William Kranich,Update Paging Library to alpha5 (#360),Thu Jan 25 12:18:24 2018 -0800
59fa4db,GitHub,Eli Hart,Improve error message for inaccessible private fields (#388),Thu Jan 18 22:53:14 2018 -0800
316c7a6,GitHub,Eli Hart,Prepare release 2.8.0 (#371),Fri Dec 22 15:09:09 2017 -0800
9c53380,GitHub,Eli Hart,Specify custom model group root with view id (#370),Fri Dec 22 13:17:23 2017 -0800
82bb6f5,GitHub,Eli Hart,Feature to customize carousel padding values individually and dynamically (#369),Fri Dec 22 12:05:30 2017 -0800
dbe54eb,GitHub,Eli Hart,Clear adapter and view pool automatically from EpoxyRecyclerView (#368),Thu Dec 21 14:20:18 2017 -0800
8da59c4,GitHub,Eli Hart,Improve how view state is saved (#367),Wed Dec 20 15:17:18 2017 -0800
5370f99,GitHub,Eli Hart,Several clean ups (#366),Wed Dec 20 11:48:46 2017 -0800
17a9be1,Eli Hart,Julia Fu,Enable props and options on fields (#343),Wed Dec 20 10:20:51 2017 -0800
c4a2ef9,Eli Hart,Chris Banes, Add attribute for item spacing (#364),Fri Dec 15 22:39:20 2017 -0800
62391e4,GitHub,Eli Hart,Fix carousel visibility settings (#356),Mon Dec 11 20:20:34 2017 -0800
fecc417,GitHub,Eli Hart,Release 2.7.3 (#348),Tue Nov 21 11:27:21 2017 -0800
ba6fd27,GitHub,Eli Hart,Fix binding diff with prop group (#347),Tue Nov 21 10:44:59 2017 -0800
44360e2,GitHub,Eli Hart,Fix litho model compilation (#342),Fri Nov 3 10:07:44 2017 -0700
1d22352,GitHub,Eli Hart, Add NonNull annotation to modelview generated setters (#340),Wed Nov 1 10:05:23 2017 -0700
61ef6b1,GitHub,Eli Hart,Release 2.7.2 (#336),Sat Oct 28 19:45:46 2017 -0700
a9aee29,GitHub,Eli Hart,set up empty kotlin sample project (#335),Sat Oct 28 13:58:21 2017 -0700
25e74de,GitHub,Eli Hart,Release 2.7.1 (#334),Tue Oct 24 22:47:09 2017 -0700
2f7bda5,GitHub,Eli Hart,Change requestDelayedModelBuild to extend delay on multiple calls (#332),Tue Oct 24 10:59:21 2017 -0700
715cadd,GitHub,Eli Hart,Improve transformation of java types to kotlin for extensions (#331),Sun Oct 22 18:05:47 2017 -0700
98c2987,GitHub,Eli Hart,Make model group extendable (#330),Sun Oct 22 13:41:20 2017 -0700
3cef2c5,GitHub,Eli Hart,Dont assume PagedList is a previous snapshot (#329),Sat Oct 21 15:32:19 2017 -0700
287b62b,GitHub,Eli Hart,Prepare for 2.7.0 release (#324),Tue Oct 17 21:26:07 2017 -0700
e926ae3,GitHub,Eli Hart,Only use styleable view if layout not set (#323),Mon Oct 16 20:45:32 2017 -0700
02d9f9e,GitHub,Eli Hart, Improve handling of interfaces without props (#322),Mon Oct 16 20:02:40 2017 -0700
117baed,GitHub,Eli Hart,Generate model interfaces for interfaces on view (#321),Mon Oct 16 17:29:58 2017 -0700
5a06288,Eli Hart,Ilya Zorin,Upgrade dependencies (#320),Mon Oct 16 15:26:09 2017 -0700
da02c19,Eli Hart,Joker,add support for get currently being displayed data (#317),Mon Oct 16 12:11:30 2017 -0700
12e27f9,GitHub,Eli Hart,Databinding naming pattern support (#319),Mon Oct 16 12:06:55 2017 -0700
80f3bd4,GitHub,Eli Hart,Check for styleable views in normal models (#318),Sat Oct 14 13:26:36 2017 -0700
dd9b693,GitHub,Eli Hart,Optimize model group partial binding (#316),Fri Oct 13 19:38:17 2017 -0700
a5ac91d,GitHub,Eli Hart,Make generated models from views inherit constructors from base model (#315),Fri Oct 13 18:26:31 2017 -0700
ea9a206,GitHub,Eli Hart,Update basic usage in readme,Fri Oct 13 15:57:37 2017 -0700
a46ed6c,GitHub,Eli Hart,Prepare for 2.6.0 release (#312),Wed Oct 11 12:58:48 2017 -0700
b69fdff,GitHub,Eli Hart,Paris improvements (#310),Tue Oct 10 13:44:49 2017 -0700
e882af7,GitHub,Eli Hart,Paging EpoxyController (#306),Mon Oct 9 22:52:33 2017 -0700
44395f0,GitHub,Eli Hart,Improve kotlin extensions (#309),Mon Oct 9 22:36:01 2017 -0700
ec02698,GitHub,Eli Hart,Do paris validations in background (#307),Thu Oct 5 11:26:25 2017 -0700
35576a1,GitHub,Eli Hart,Add EpoxyRecyclerView and Carousel (#299),Tue Oct 3 15:35:47 2017 -0700
df0ae6d,Eli Hart,Nicholas Corder,Block item click callback during item layout. (#301),Mon Oct 2 20:15:12 2017 -0700
134f674,GitHub,Eli Hart,Prepare for 2.5.1 release (#304),Mon Oct 2 15:45:54 2017 -0700
fbf98d5,Eli Hart,Nicholas Corder,Replace UnmodifiableList with java collection's. (#302),Mon Oct 2 14:47:24 2017 -0700
3a77af2,Eli Hart,Ilya Zorin,Check if attribute is exact View.OnClickListener class not a subtype (#296),Thu Sep 28 17:21:16 2017 -0700
7f02d50,GitHub,Eli Hart,Delay check for multiple recyclerview attachments (#298),Mon Sep 25 16:47:16 2017 -0700
c992a81,GitHub,Eli Hart,Update readme basic usage with new best practices (#295),Sat Sep 23 19:11:46 2017 -0700
dcf37e5,GitHub,Eli Hart,Fix databinding wrong import (#294),Sat Sep 23 14:40:04 2017 -0700
20431f9,GitHub,Eli Hart,Prepare for 2.5.0 release (#284),Thu Sep 14 12:57:11 2017 -0700
3ac610e,GitHub,Eli Hart,Add paris style validation (#283),Wed Sep 13 18:06:45 2017 -0700
f4cb94c,GitHub,Eli Hart,Allow ModelView usage without an xml layout (#282),Wed Sep 13 16:09:55 2017 -0700
e057b17,GitHub,Eli Hart,Paris integration (#281),Tue Sep 12 17:11:42 2017 -0700
f5218b5,GitHub,Eli Hart,Include canvas in ItemTouchHelper swipe callback (#280),Tue Sep 12 15:49:35 2017 -0700
8467479,GitHub,Eli Hart,Generate kotlin extension functions for building models (#278),Wed Sep 6 21:58:48 2017 -0700
8477bec,GitHub,Eli Hart,Generate model builder interface (#277),Mon Sep 4 13:38:06 2017 -0700
57e2b8e,GitHub,Eli Hart,Prepare for 2.4.0 release (#276),Mon Sep 4 10:48:53 2017 -0700
138549f,GitHub,Eli Hart,Fix model click listener setter name (#275),Sun Sep 3 13:27:11 2017 -0700
53373d0,GitHub,Eli Hart,Fix ambiguity when setting null (#274),Sun Sep 3 12:53:57 2017 -0700
3c75559,Eli Hart,Eli Hart,fix merge,Sun Sep 3 11:48:51 2017 -0700
57b394f,Eli Hart,Eli Hart,Fix ambiguity when setting null,Sun Sep 3 11:45:06 2017 -0700
6533ee9,GitHub,Eli Hart,Add value param option to ModelProp for convenience (#268),Sun Sep 3 11:13:03 2017 -0700
4bcb1fe,GitHub,Eli Hart,Update sample link,Thu Aug 31 18:06:50 2017 -0700
e611877,GitHub,Eli Hart,String resource default option for TextProp (#269),Tue Aug 29 10:34:45 2017 -0700
dfe0480,GitHub,Eli Hart,Fix model group supporting  pre/post bind callbacks (#267),Wed Aug 23 16:18:41 2017 -0700
c9a9aca,GitHub,Eli Hart,Prepare for 2.3.0 release (#261),Tue Aug 15 17:31:27 2017 -0700
a48e3b9,GitHub,Eli Hart,EpoxyTouchHelper improvements (#262),Tue Aug 15 13:19:17 2017 -0700
1d21ae1,GitHub,Eli Hart,Allow access to model group holder on bind (#258),Mon Aug 14 18:10:17 2017 -0700
de84905,GitHub,Eli Hart,View annotation shortcuts (#260),Mon Aug 14 17:24:46 2017 -0700
ed6fdd1,GitHub,Eli Hart,Add helper to set up dragging and swiping, with example (#256),Wed Aug 9 16:44:57 2017 -0700
dcd49bc,Eli Hart,Ilya Zorin,#254 Inherit annotations in epoxy model generated classes (#255),Mon Aug 7 10:39:40 2017 -0700
17bed01,GitHub,Eli Hart,Add method to move controller model (#250),Mon Jul 31 16:51:26 2017 -0700
12de1d7,GitHub,Eli Hart,Expose root view on EpoxyModelGroup view holder (#251),Mon Jul 31 14:16:12 2017 -0700
fb2ff57,GitHub,Eli Hart,Add touch helper callback wrapper (#246),Fri Jul 28 19:09:57 2017 -0700
3d4ac46,Eli Hart,Fahim,typo (#247),Thu Jul 27 22:37:51 2017 -0700
60dbfd4,GitHub,Eli Hart,Add kapt note,Fri Jul 21 22:58:08 2017 -0700
db8b76c,GitHub,Eli Hart,New view annotation for hook after view bound (#242),Fri Jul 14 11:27:36 2017 -0700
526322f,Eli Hart,Ilya Zorin,Initial conversion of annotation proccessor to Kotlin (#240),Thu Jul 13 10:19:27 2017 -0700
f35412e,GitHub,Eli Hart,Change readme for library projects,Fri Jul 7 08:34:54 2017 -0700
28a0ff6,GitHub,Eli Hart,Update README.md,Fri Jun 30 10:27:56 2017 -0700
c0ebbef,GitHub,Eli Hart,Update README.md,Wed Jun 28 17:19:49 2017 -0700
fb82e79,GitHub,Eli Hart,Update README.md,Wed Jun 28 17:19:27 2017 -0700
32d5def,GitHub,Eli Hart,Update README.md,Wed Jun 28 17:18:56 2017 -0700
da411c5,GitHub,Eli Hart,Add kotlin instructions for setup,Wed Jun 28 17:17:18 2017 -0700
0e86f0b,GitHub,Eli Hart,Update README.md,Tue Jun 20 11:56:03 2017 -0700
d2e2989,GitHub,Eli Hart,Prepare 2.2.0 release (#232),Mon Jun 19 13:42:28 2017 -0700
6d4cd3b,GitHub,Eli Hart,Test the view annotations (#231),Fri Jun 16 16:01:40 2017 -0700
79efd28,GitHub,Eli Hart,Use proper bind super call for diff binding (#229),Sat Jun 10 20:14:57 2017 -0700
056018f,GitHub,Eli Hart,Generate long click overload setter on models (#228),Sat Jun 10 20:14:50 2017 -0700
acb7e82,GitHub,Eli Hart,Add multi string id (#227),Sat Jun 10 13:39:31 2017 -0700
1eb1c8b,GitHub,Eli Hart,Use view annotations to completely generate models (#222),Sat Jun 10 09:43:08 2017 -0700
e7b3eb1,Eli Hart,Ilya Zorin,#219 Fix recursive getter calls (#220),Mon May 22 16:19:45 2017 -0700
3aa2693,Eli Hart,Ilya Zorin,#215 Add DoNotUseInToString option to attributes (#221),Mon May 22 12:52:04 2017 -0700
0ded7ae,Eli Hart,Ilya Zorin,#198 Support inheriting @AutoModel models from super classes (#216),Wed May 17 09:29:06 2017 -0700
c058af2,GitHub,Eli Hart,Prepare for 2.1.0 release (#213),Wed May 10 11:49:35 2017 -0700
67aaee1,GitHub,Eli Hart,[Databinding] Exclude variables without hash/equals from state (#211),Tue May 9 10:58:52 2017 -0700
f69def9,Eli Hart,Ilya Zorin,Completely generate DataBinding models (#207),Wed May 3 11:12:46 2017 -0700
9413aca,GitHub,Eli Hart,Fix annotation processor (#206),Sun Apr 30 17:44:53 2017 -0400
33f0eca,Eli Hart,Tomoaki Imai,Fix @AutoModel Model NPE crash with Proguard (#205),Sun Apr 30 14:09:45 2017 -0700
037e9c4,GitHub,Eli Hart,More databinding foundation (#204),Thu Apr 27 12:09:50 2017 -0700
bda8a3a,GitHub,Eli Hart,Initial support for Litho (#202),Thu Apr 27 11:25:20 2017 -0700
22dd32a,GitHub,Eli Hart,Fix model type lookup breaking with custom types (#200),Wed Apr 26 10:54:46 2017 -0700
7b59f08,GitHub,Eli Hart,Update SampleController.java,Tue Apr 25 16:55:05 2017 -0700
4e4faa8,GitHub,Eli Hart,Option to implicitly add AutoModels (#194),Mon Apr 24 16:30:23 2017 -0700
cd9b2bd,GitHub,Eli Hart,Modify layout resource processing to support databinding layouts (#190),Sun Apr 16 15:18:34 2017 -0700
e5111b3,GitHub,Eli Hart,Databinding model (#188),Sun Apr 16 12:10:19 2017 -0700
bc9499c,GitHub,Eli Hart,Merge pull request #139 from airbnb/2.0,Mon Apr 10 09:30:41 2017 -0700
27c8ec1,Eli Hart,Eli Hart,update sample app gif,Mon Apr 10 09:10:51 2017 -0700
9dcddc8,Eli Hart,Eli Hart,2.0.0 final,Sun Apr 9 22:31:39 2017 -0700
c1dd811,Eli Hart,Eli Hart,Polish sample and documentation,Sun Apr 9 18:39:49 2017 -0700
25bddc7,Eli Hart,Eli Hart,fix readme typo,Fri Apr 7 22:40:39 2017 -0700
8cbd5c3,Eli Hart,Eli Hart,Bump gradle and docs,Fri Apr 7 22:21:49 2017 -0700
f4c7cbc,GitHub,Eli Hart,Improve model groups (#184),Fri Apr 7 17:48:38 2017 -0700
7723569,GitHub,Eli Hart,Update README.md,Thu Apr 6 16:49:31 2017 -0700
b9dd0e2,GitHub,Eli Hart,Fix model group saved state and update sample (#181),Wed Apr 5 11:59:52 2017 -0700
a5d31bb,Eli Hart,Ilya Zorin,State saving (#182),Wed Apr 5 09:08:15 2017 -0700
6b64e55,GitHub,Eli Hart,Update readme (#180),Tue Apr 4 16:11:21 2017 -0700
c705577,GitHub,Eli Hart,Option to delay model build by arbitrary amount (#179),Tue Apr 4 16:05:41 2017 -0700
88291da,GitHub,Eli Hart,Change epoxy controller diffing to use equals instead of hashCode (#178),Tue Apr 4 16:05:30 2017 -0700
9030746,Eli Hart,Ilya Zorin,Add onModelClick listener to sample (#177),Tue Apr 4 09:06:27 2017 -0700
c4ad19f,GitHub,Eli Hart,Fix EpoxyModelGroup to allow nested view stubs and improve sample (#176),Mon Apr 3 16:36:56 2017 -0700
09db51d,GitHub,Eli Hart,Update documentation (#174),Sat Apr 1 15:32:09 2017 -0700
91d2a3c,GitHub,Eli Hart,Include previous model as payload in diffing (#173),Sat Apr 1 14:57:42 2017 -0700
c407ba9,GitHub,Eli Hart,Allow canceling pending build model calls to EpoxyController (#172),Fri Mar 31 15:33:06 2017 -0700
dff7d3c,GitHub,Eli Hart,No post on first model build (#170),Tue Mar 28 15:12:47 2017 -1000
cbaa702,GitHub,Eli Hart,Remove unneeded check (#169),Sun Mar 26 11:09:12 2017 -1000
6c09399,GitHub,Eli Hart,Fix hiding models in EpoxyAdapter (#167),Thu Mar 23 12:01:13 2017 -0700
d0bc8ec,GitHub,Eli Hart,Change how model validation param is set (#166),Wed Mar 22 20:27:01 2017 -0700
b3a88ae,GitHub,Eli Hart,2.0 release candidate 1 (#162),Tue Mar 21 18:15:53 2017 -0700
8a1e947,GitHub,Eli Hart,Add model usage validation in generated code (#161),Mon Mar 20 21:06:00 2017 -0700
64b86ed,Eli Hart,Ilya Zorin,Fix Kotlin corner case with propery named is%s (#160),Fri Mar 17 08:51:13 2017 -0700
e6a9cbf,GitHub,Eli Hart,Add interceptor to EpoxyController to allow for adjusting models (#159),Thu Mar 16 18:16:46 2017 -0700
077d88b,GitHub,Eli Hart,Better approach to model grouping (#158),Thu Mar 16 18:16:01 2017 -0700
b46d2b8,Eli Hart,Ilya Zorin,Update gradle wrapper task (#156),Wed Mar 15 11:56:12 2017 -0700
89481d1,GitHub,Eli Hart,Refactor resource processing (#155),Tue Mar 14 13:25:46 2017 -0700
2da6f35,GitHub,Eli Hart,Automatically assign view types for models with view (#153),Sun Mar 12 12:46:44 2017 -0700
6497da3,GitHub,Eli Hart,Add programmatic view support (#151),Fri Mar 10 17:25:37 2017 -0800
4feffe3,Eli Hart,Eli Hart,fix javadoc,Tue Mar 7 16:15:45 2017 -0800
e57818e,GitHub,Eli Hart,Add logging in debug (#150),Tue Mar 7 13:58:24 2017 -0800
abe17d0,GitHub,Eli Hart,Change to EpoxyController and other improvements (#148),Tue Mar 7 12:34:28 2017 -0800
ba42f68,Eli Hart,Ilya Zorin,Update dependencies (#149),Tue Mar 7 11:10:17 2017 -0800
46cf2e8,GitHub,Eli Hart,Reduce duplication of private getter/setter code (#147),Tue Mar 7 11:09:59 2017 -0800
d11379b,Eli Hart,Ilya Zorin,Allow to annotate private fields based on their getters and setters (#144),Mon Mar 6 11:04:49 2017 -0800
d69e302,GitHub,Eli Hart,Add ruby script to auto update processor test resources (#146),Sun Mar 5 18:45:05 2017 -0800
a2cbfc4,GitHub,Eli Hart,Add clickedView as a param in the OnModelClickListener (#145),Sun Mar 5 13:59:01 2017 -0800
b576858,GitHub,Eli Hart,Wrap models copy in unmodifiable list and add javadoc (#143),Sat Mar 4 19:25:52 2017 -0800
8794b3b,GitHub,Eli Hart,validation generated (#142),Sat Mar 4 18:20:10 2017 -0800
98c2d4b,GitHub,Eli Hart,Support  onBind/onUnbind listeners on generated models (#140),Fri Mar 3 14:44:47 2017 -0800
96d4cb2,GitHub,Eli Hart,Add options array to EpoxyAttribute annotation (#136),Thu Mar 2 17:07:54 2017 -0800
5fd9e76,Eli Hart,Eli Hart,Add auto adapter to 2.0 branch (#132),Wed Mar 1 20:14:35 2017 -0800
6d468f0,GitHub,Eli Hart,Add model that groups other models (#134),Wed Mar 1 19:28:50 2017 -0800
61d049e,GitHub,Eli Hart,Prepare for release 1.7.5 (#125),Tue Feb 21 11:26:37 2017 -0800
4400e16,GitHub,Eli Hart,Don't generate classes for models in other libraries (#131),Thu Feb 16 21:26:26 2017 -0800
76a33ee,GitHub,Eli Hart,Fix errors and add back autovalue check (#130),Thu Feb 16 12:30:12 2017 -0800
7d70008,GitHub,Eli Hart,Write errors after generating classes (#129),Thu Feb 16 11:37:28 2017 -0800
ae898f3,GitHub,Eli Hart,Change config to be package based (#128),Wed Feb 15 12:01:11 2017 -0800
2042bdd,GitHub,Eli Hart,Allow more types in hashcode requirement (#127),Tue Feb 14 22:41:20 2017 -0800
baaadd9,GitHub,Eli Hart,Check for null in processor getMethodOnClass method (#126),Tue Feb 14 17:29:20 2017 -0800
3a3bc6a,GitHub,Eli Hart,Add library config options (#124),Tue Feb 14 11:58:11 2017 -0800
fc816b2,Eli Hart,Ilya Zorin,Look for default layout in parents if not specified (#119),Fri Feb 10 18:52:07 2017 -0800
74ea223,GitHub,Eli Hart,Add helpful information around java.lang.annotation.AnnotationTypeMismatchException errors (#120),Thu Feb 9 09:53:58 2017 -0800
4af435e,GitHub,Eli Hart,Prepare for 1.6.2 release (#117),Wed Feb 8 21:24:55 2017 -0800
923b9b0,GitHub,Eli Hart,Support layout resource annotations in library projects (#116),Wed Feb 8 18:11:52 2017 -0800
9db754f,GitHub,Eli Hart,Prepare for 1.6.1 release (#112),Tue Feb 7 17:26:34 2017 -0800
e7f0e51,GitHub,Eli Hart,Fix model callbacks to use holder for EpoxyModelWithHolder (#113),Mon Feb 6 21:11:12 2017 -0800
e1782ee,GitHub,Eli Hart,Update readme to reflect annotation changes (#111),Mon Feb 6 11:42:15 2017 -0800
30111df,GitHub,Eli Hart,Allow default layout res to be specified in class annotation (#109),Mon Feb 6 10:40:56 2017 -0800
8d1bbf1,GitHub,Eli Hart,Override EpoxyModelWithHolder callbacks to change param name (#110),Sun Feb 5 21:43:43 2017 -0800
86dcd45,GitHub,Eli Hart,Generate model for abstract class if class annotation is present (#105),Sat Feb 4 22:03:57 2017 -0800
cbfd18b,GitHub,Eli Hart,Allow string ids (#107),Fri Feb 3 15:15:22 2017 -0800
c224a3b,GitHub,Eli Hart,Add instructions to README for avoiding memory leaks (#106),Fri Feb 3 15:05:33 2017 -0800
bc15602,GitHub,Eli Hart,Add model callbacks for view attach/detach and fail to recycle (#104),Thu Feb 2 14:00:38 2017 -0800
6919fcc,GitHub,Eli Hart,Clarify unbind behavior in documentation (#103),Thu Feb 2 13:14:51 2017 -0800
6ddf5c2,Eli Hart,Ilya Zorin,Gradle cleanup (#101),Sat Jan 28 11:02:29 2017 -0800
6936b36,Eli Hart,Ilya Zorin,#99 Correct varargs parameters (#100),Fri Jan 27 10:41:37 2017 -0800
c2bdcd2,Eli Hart,Eoin Fogarty,remove apt dependency (#95),Mon Jan 9 17:16:26 2017 +0700
5d020cf,Eli Hart,Lawrence Bautista,Add removeAllModels() to EpoxyAdapter (#94),Sat Jan 7 11:18:00 2017 +0700
00b2925,Eli Hart,Ilya Zorin,Getting rid of layout method corner case (#91),Thu Dec 29 18:26:45 2016 +0700
c55742d,Eli Hart,Ilya Zorin,Cleanup after using actual names instead of paramN (#88),Tue Dec 20 20:39:25 2016 +0700
3f6653d,Eli Hart,Ilya Zorin,Use actual param names instead of generic paramN (#85),Mon Dec 19 08:21:36 2016 +0700
6f7f533,Eli Hart,Ippei Nawate,Fix README (#81),Fri Dec 2 21:15:00 2016 -0800
ed13ee2,GitHub,Eli Hart,Add blog post to readme,Thu Dec 1 11:12:53 2016 -0800
770a82e,GitHub,Eli Hart,Prepare for 1.5.0 release (#79),Wed Nov 23 15:47:00 2016 -0800
e0d0efa,GitHub,Gabriel Peal,Add payload support to notifyModelChanged and onModelBound (#78),Mon Nov 21 14:49:05 2016 -0800
9c00121,Eli Hart,Ilya Zorin,Update dependencies (#77),Thu Nov 17 12:10:05 2016 -1000
cf084e0,Eli Hart,Ilya Zorin,#70 Check for presence with hash=false (#75),Thu Nov 3 22:52:41 2016 -0700
91573d2,Eli Hart,Ilya Zorin,#69 Generate reset method (#72),Mon Oct 24 13:51:43 2016 -0700
46eae09,GitHub,Eli Hart,Fix processor to include attributes from super class models in other modules (#71),Sun Oct 23 20:09:28 2016 -0700
aa94c3d,Eli Hart,Ilya Zorin,#64 Add super call to toString (#68),Wed Oct 19 10:35:12 2016 -0700
e6dfbaa,Eli Hart,Ilya Zorin,#64 Generate toString method (#65),Mon Oct 17 21:48:00 2016 -0700
286f1bb,Eli Hart,Ilya Zorin,Update gradle to 2.2.1 (#66),Sun Oct 16 11:55:26 2016 -0700
be31939,GitHub,Eli Hart,Prepare for 1.4.0 release (#63),Sun Oct 16 11:55:07 2016 -0700
31b1920,GitHub,Eli Hart,Add holder model constructors and improve error message (#62),Wed Oct 12 23:04:22 2016 -0700
19370de,Eli Hart,Ilya Zorin,#37 Look up for super methods (#59),Wed Oct 12 15:46:34 2016 -0700
2cf77b6,Eli Hart,Ilya Zorin,#37 Same as method parameter name if only one parameter (#57),Fri Oct 7 17:40:41 2016 -0700
14d7592,Eli Hart,Ilya Zorin,#37 Duplicate methods returning class type (#56),Wed Oct 5 10:58:49 2016 -0700
bc867ac,GitHub,Eli Hart,Custom arraylist that reports model changes (#52),Sat Oct 1 13:15:07 2016 -0700
fdb566b,Eli Hart,Ilya Zorin,#48 Add setter boolean param to @EpoxyAttribute (#55),Sat Oct 1 12:23:23 2016 -0700
af972bd,Eli Hart,Ilya Zorin,Simplify build.workaround-missing-resource.gradle (#54),Sat Oct 1 12:19:56 2016 -0700
49cd795,Eli Hart,Nicholas Corder,Gradle refactor issue#49 (#51),Wed Sep 28 19:22:52 2016 -0700
e593ef5,GitHub,Eli Hart,Remove processor dependency on support library and EpoxyModel (#53),Tue Sep 27 10:47:26 2016 -0700
6252120,GitHub,Eli Hart,Add test for classes in different package (#50),Sat Sep 24 17:19:40 2016 -0700
9458469,Eli Hart,Ilya Zorin, Ignore parents package private fields if parent is in a different package (#44),Sat Sep 24 11:23:21 2016 -0700
86f29b4,Eli Hart,Ilya Zorin,Add class based annotation (#47),Sat Sep 24 10:46:06 2016 -0700
6dd7cd4,GitHub,Eli Hart,Clean up DiffHelper class by creating a new helper class. (#42),Wed Sep 21 14:31:12 2016 -0700
7d2b1de,Eli Hart,Ilya Zorin,#36 Don't generate setter for final @EpoxyAttribute fields (#41),Sat Sep 17 10:33:56 2016 -0700
cb66904,GitHub,Eli Hart,Prepare for release 1.3.0 (#39),Fri Sep 16 18:10:01 2016 -0700
98e6156,GitHub,Eli Hart,Update README.md for view holders (#38),Thu Sep 15 19:17:58 2016 -0700
67132a8,GitHub,Eli Hart,[EpoxyModel] Use getLayout() method instead of layout field in toString() (#35),Thu Sep 15 10:46:26 2016 -0700
e0be1c3,GitHub,Eli Hart,Fix NPE in processor for annotations without targets (#33),Wed Sep 14 09:15:36 2016 -0700
5ba08ad,GitHub,Eli Hart,Don't allow notifyDataSetChanged when diffing is enabled (#32),Mon Sep 12 22:05:34 2016 -0700
aeb679e,GitHub,Eli Hart,Ensure list capacity before adding models (#30),Mon Sep 12 14:04:04 2016 -0700
c6713d3,GitHub,Eli Hart,Remove object pools in differ (#31),Mon Sep 12 13:25:43 2016 -0700
540d125,GitHub,Eli Hart,Support binding to a view holder (#28),Mon Sep 12 13:25:11 2016 -0700
c3c7ab9,GitHub,Eli Hart,Clean up differ test (#29),Fri Sep 9 21:26:06 2016 -0700
dd5b907,GitHub,Eli Hart,Update readme with new release version,Thu Sep 8 17:31:31 2016 -0700
001ac01,GitHub,Eli Hart,Prepare for release 1.2.0 (#24),Thu Sep 8 17:25:22 2016 -0700
a0a3920,GitHub,Eli Hart,Fix differ test (#23),Wed Sep 7 13:45:59 2016 -0700
e6c6b98,GitHub,Eli Hart,Merge pull request #22 from airbnb/eli/layout_hash,Wed Sep 7 13:23:03 2016 -0700
de77952,Eli Hart,Eli Hart,Use correct layout in EpoxyModel hashcode,Wed Sep 7 12:54:45 2016 -0700
b11eafd,GitHub,Eli Hart,Merge pull request #21 from airbnb/elihart-patch-1,Fri Sep 2 11:19:55 2016 -0700
e68d575,GitHub,Eli Hart,Add processor test instructions as javadoc,Fri Sep 2 10:22:02 2016 -0700
4694243,GitHub,Eli Hart,Merge pull request #19 from airbnb/eli/set_id,Fri Sep 2 10:19:15 2016 -0700
e3ae27a,Eli Hart,Eli Hart,update readem,Thu Sep 1 21:17:36 2016 -0700
fc46dee,Eli Hart,Eli Hart,Don't allow a model id to change after it has been added to an adapter,Thu Sep 1 21:12:20 2016 -0700
241f0ed,GitHub,Eli Hart,Merge pull request #18 from geralt-encore/onmodelbound-position,Thu Sep 1 10:46:56 2016 -0700
83ab2cd,izorin,izorin,Add position param to onModelBound method in EpoxyAdapter,Thu Sep 1 11:57:58 2016 +0300
3e4846c,GitHub,Gabriel Peal,Merge pull request #13 from airbnb/hash-readme,Wed Aug 31 11:54:08 2016 -0700
f97b1b0,GitHub,Gabriel Peal,Update readme with hash=false annotation parameter,Wed Aug 31 11:18:18 2016 -0700
521582d,GitHub,Gabriel Peal,Merge pull request #12 from airbnb/hash,Wed Aug 31 11:11:49 2016 -0700
40c13ef,Gabriel Peal,Gabriel Peal,Ignore long temp variable in hash code when attribute not used in hash,Wed Aug 31 11:09:53 2016 -0700
3bf6655,Gabriel Peal,Gabriel Peal,Added an optional hash param to @EpoxyAttribute,Wed Aug 31 10:35:15 2016 -0700
6202eb4,GitHub,Gabriel Peal,Merge pull request #11 from airbnb/gradle,Mon Aug 29 09:41:43 2016 -0700
98b801f,Gabriel Peal,Gabriel Peal,Bump gradle to 2.2.0-beta3,Mon Aug 29 09:37:47 2016 -0700
8ea84da,GitHub,Eli Hart,Readme code formatting,Thu Aug 25 08:02:15 2016 -1000
df88311,GitHub,Eli Hart,Merge pull request #10 from felipecsl/felipecsl-patch-readme,Wed Aug 24 13:29:11 2016 -1000
ab1ce07,Felipe Lima,Felipe Lima,Readme formatting and nits,Wed Aug 24 16:23:37 2016 -0700
cc1f34b,GitHub,Eli Hart,Merge pull request #9 from airbnb/eli/clean_up,Wed Aug 24 12:27:13 2016 -1000
60f0977,Eli Hart,Eli Hart,Fix example code,Wed Aug 24 12:24:19 2016 -1000
62e6aea,Eli Hart,Eli Hart,Spelling,Wed Aug 24 12:04:36 2016 -1000
18fbfc7,Eli Hart,Eli Hart,Add javadoc and improve readme,Wed Aug 24 12:01:30 2016 -1000
f24b9c6,Eli Hart,Eli Hart,Initial commit,Wed Aug 24 10:38:56 2016 -1000