9c2cd7a,GitHub,Zac Sweers,Use pull_request_target (#1255),Sat Oct 10 07:52:57 2020 -0400
a6caf3c,GitHub,Zac Sweers,Run spotless on changelog (#1251),Sun Oct 4 23:33:25 2020 -0400
e135f5f,Jesse Wilson,Jesse Wilson,Prepare next development version.,Sun Oct 4 20:52:28 2020 -0400
4d3ca9a,Jesse Wilson,Jesse Wilson,Prepare for release 1.11.0.,Sun Oct 4 20:52:00 2020 -0400
230c3d8,GitHub,Zac Sweers,Promote Kotlin type-inferring APIs to the main Moshi package (round 2!) (#1202),Sun Oct 4 18:18:52 2020 -0400
f17e7c2,GitHub,Zac Sweers,Fix infinite loop with type var variance stripping + remove from API (#1246),Sun Oct 4 18:10:49 2020 -0400
5ce0928,GitHub,Zac Sweers,Fix some misc deprecated KotlinPoet APIs (#1249),Sun Oct 4 18:03:45 2020 -0400
850dc20,GitHub,Zac Sweers,Fix snapshots by upping metaspace size (#1247),Sat Oct 3 06:56:09 2020 -0400
8fe26e9,GitHub,sinha-shaurya,Updated Moshi Download version to 1.10.0,Fri Oct 2 09:52:40 2020 -0400
f192473,GitHub,Zac Sweers,Standardize (almost) all tests on Truth (#1242),Sat Sep 26 20:38:39 2020 -0400
acb2836,GitHub,Jesse Wilson,Merge pull request #1241 from ZacSweers/z/betterJcenterHandling,Sat Sep 26 16:01:05 2020 -0400
45ef3da,Zac Sweers,Zac Sweers,Use exclusiveContent API for jcenter,Sat Sep 26 04:34:57 2020 -0400
bc85227,GitHub,Zac Sweers,Add JsonString recipe to examples (#1230),Fri Sep 25 22:51:05 2020 -0400
44fa05b,GitHub,Zac Sweers,Prepare dokka (#1238),Fri Sep 25 22:37:13 2020 -0400
a1852a7,GitHub,Zac Sweers,Finish spotless license header configuration (#1231),Fri Sep 25 22:18:51 2020 -0400
bf72ce8,GitHub,Lachlan McKee,Introduced tags to reader/writers (#1227),Tue Sep 22 08:56:51 2020 -0400
53c1bf0,GitHub,Jesse Wilson,Fix problems discovered using nextSource() to implement skipValue (#1236),Mon Sep 21 23:50:38 2020 -0400
0a78ed4,GitHub,Jesse Wilson,Moshi.Builder.addLast() (#1233),Mon Sep 21 09:36:55 2020 -0400
517ea36,GitHub,Zac Sweers,Fix shadow packaging in code gen artifact (#1214),Fri Sep 18 21:43:11 2020 -0400
9ee711a,GitHub,Jesse Wilson,Merge pull request #1225 from square/jwilson.0914.nextSourceHacks,Mon Sep 14 23:53:45 2020 -0400
a09f0a5,Jesse Wilson,Jesse Wilson,Small improvements to JsonReader.nextSource,Mon Sep 14 22:05:27 2020 -0400
99245ef,GitHub,Jesse Wilson,Merge pull request #1224 from square/jwilson.0913.json_value_source,Mon Sep 14 19:53:49 2020 -0400
6c01c34,Jesse Wilson,Jesse Wilson,New public API, JsonReader.nextSource(),Sun Sep 13 12:04:47 2020 -0400
19a0fcd,GitHub,Jesse Wilson,Merge pull request #1222 from square/jwilson.0912.json_value_source,Sun Sep 13 00:33:45 2020 -0400
47d1037,Jesse Wilson,Jesse Wilson,JsonValueSource: a brace-matching implementation of okio.Source,Sat Sep 12 22:37:03 2020 -0400
106d471,GitHub,Jesse Wilson,Merge pull request #1220 from ZacSweers/z/kotlin1410,Fri Sep 11 07:50:42 2020 -0400
861071c,Zac Sweers,Zac Sweers,Update to Kotlin 1.4.10,Fri Sep 11 00:24:22 2020 -0400
56af4c3,GitHub,Zac Sweers,Fix KotlinJsonAdapterFactory ref in error message (#1217),Thu Sep 10 15:53:42 2020 -0400
5284851,GitHub,Zac Sweers,Clean up old checkstyle references (#1205),Mon Sep 7 22:18:02 2020 -0400
032db2a,GitHub,Jake Wharton,Publish from 1.8 build,Tue Sep 1 15:55:27 2020 -0400
95421e7,GitHub,Jake Wharton,Delete deploy_snapshot.sh,Tue Sep 1 15:53:27 2020 -0400
5c07341,GitHub,Zac Sweers,Switch to Github Actions for CI,Tue Sep 1 15:48:33 2020 -0400
aa1f514,GitHub,Jake Wharton,Merge pull request #1211 from ZacSweers/z/appendLnFixes,Tue Sep 1 09:17:38 2020 -0400
ecca512,Zac Sweers,Zac Sweers,Switch to new appendLine APIs,Tue Sep 1 01:13:55 2020 -0400
42f1d18,GitHub,Zac Sweers,Update Okio and kotlin-compile-testing dependencies (#1198),Fri Aug 28 07:28:58 2020 -0400
538890e,GitHub,Zac Sweers,Switch to spotless and format code (#1196),Thu Aug 27 23:40:15 2020 -0400
701d6ba,GitHub,Zac Sweers,Minor gradle cleanups (#1197),Thu Aug 27 23:01:51 2020 -0400
4dd4a9d,GitHub,Zac Sweers,Migrate to Gradle (#1159),Thu Aug 27 16:50:28 2020 -0400
24c0c49,GitHub,Jesse Wilson,Merge pull request #1195 from ZacSweers/patch-4,Thu Aug 27 05:40:06 2020 -0400
99c8745,GitHub,Zac Sweers,Add missing 1.10 bits to changelog,Thu Aug 27 03:22:21 2020 -0400
28831b0,Jesse Wilson,Jesse Wilson,[maven-release-plugin] prepare for next development iteration,Wed Aug 26 21:38:44 2020 -0400
cff2019,Jesse Wilson,Jesse Wilson,[maven-release-plugin] prepare release moshi-parent-1.10.0,Wed Aug 26 21:38:36 2020 -0400
c370385,Jesse Wilson,Jesse Wilson,Update changelog for 1.10.0,Wed Aug 26 21:36:09 2020 -0400
a5dbc1d,GitHub,Zac Sweers,Update to Kotlin 1.4.0 (#1191),Tue Aug 25 22:51:44 2020 -0400
1283cee,GitHub,Jesse Wilson,Merge pull request #1185 from square/jwilson.0801.public_promoteNameToValue,Wed Aug 5 11:10:24 2020 -0400
1dd9cd0,Jesse Wilson,Jesse Wilson,Make JsonReader.promoteNameToValue() a public API,Wed Aug 5 10:23:24 2020 -0400
50d09d4,GitHub,Jesse Wilson,Merge pull request #1182 from square/jwilson.0730.simplify,Thu Jul 30 23:12:37 2020 -0400
aa18c68,GitHub,Zac Sweers,Expose getStrings() option on JsonReader.Options (#1180),Thu Jul 30 23:10:41 2020 -0400
2b5b3b5,Jesse Wilson,Jesse Wilson,Simplify the internals of PolymorphicJsonAdapterFactory,Thu Jul 30 22:34:09 2020 -0400
cd31e5c,GitHub,Samuele Maci,Extend PolymorphicJsonAdapterFactory to allow custom handling of unknown labels (#1094),Thu Jul 30 22:01:42 2020 -0400
61e5ff3,GitHub,Jesse Wilson,Merge pull request #1152 from Tolriq/R8_fix,Thu Jul 30 21:41:54 2020 -0400
d6d9b5d,GitHub,Jesse Wilson,Merge pull request #1181 from ZacSweers/patch-4,Thu Jul 30 21:39:41 2020 -0400
3eb95f2,GitHub,Zac Sweers,Update README notes about R8/proguard,Wed Jul 29 00:07:41 2020 -0400
7f2630d,GitHub,Jesse Wilson,Merge pull request #1168 from vladimirov001/kotlin_verify_error_on_android_kitkat_devices,Fri Jun 26 07:27:15 2020 -0400
6eb6590,Oleg Vladimirov,Oleg Vladimirov,bugfix,Fri Jun 26 13:28:00 2020 +0300
7462d32,GitHub,Jake Wharton,Merge pull request #1161 from ZacSweers/patch-3,Mon Jun 15 09:41:26 2020 -0400
d55248b,GitHub,Zac Sweers,Fix typo in 1.9.3 changelog notes,Mon Jun 15 02:35:13 2020 -0400
7829f9a,Jake Wharton,Jake Wharton,Prepare version 1.9.3,Fri Jun 12 11:42:08 2020 -0400
d07040c,GitHub,Jake Wharton,Merge pull request #1155 from square/jw/wrapper/2020-06-08,Wed Jun 10 08:32:38 2020 -0400
c63f7cc,Jake Wharton,Jake Wharton,Add Maven wrapper,Mon Jun 8 20:09:58 2020 -0400
8c8c597,Tolriq,Tolriq,R8 now have automatic detection of Class.forName and auto generate keep rules.,Thu Jun 4 18:09:10 2020 +0200
dd8611a,GitHub,Ryan Harter,Merge pull request #1080 from square/z/resolveRealTypes,Tue May 26 17:53:45 2020 -0500
0c85eae,GitHub,Jake Wharton,Merge pull request #1142 from sarthakz9/patch-1,Mon May 18 09:46:41 2020 -0400
976a891,GitHub,sarthak sehgal,small correction in given example,Mon May 18 12:11:24 2020 +0530
db803ff,GitHub,Jake Wharton,Merge pull request #1121 from angusholder/improve-collections-errors,Thu Apr 9 21:23:41 2020 -0400
d06758d,GitHub,Graham Lea,Document thread safety,Thu Apr 9 21:22:49 2020 -0400
2a91771,Jake Wharton,Angus Holder,Improved error when using collection classes by mistake,Thu Apr 9 21:19:13 2020 -0400
b413423,GitHub,Jake Wharton,Merge pull request #1098 from square/jakew/json-value-writer/2020-02-14,Sat Feb 15 18:42:59 2020 -0500
0790296,Jake Wharton,Jake Wharton,Add JsonWriter.jsonValue API,Sat Feb 15 18:38:39 2020 -0500
d64033e,GitHub,Zac Sweers,Fix reflection names in generated proguard files (#1088),Thu Jan 30 22:58:10 2020 -0500
1edcb77,Zac Sweers,Zac Sweers,Specify exactly which typevars are allowed to top level,Sat Jan 18 23:11:17 2020 -0500
76b4ec9,Zac Sweers,Zac Sweers,Add another twist,Sat Jan 18 23:10:40 2020 -0500
3f0d763,Zac Sweers,Zac Sweers,Opportunistic - suppress RedundantExplicitType,Sat Jan 18 23:08:44 2020 -0500
4e84451,Zac Sweers,Zac Sweers,Resolve type arguments correctly for supertype settable properties,Sat Jan 18 22:52:18 2020 -0500
a73b932,Zac Sweers,Zac Sweers,Always emit full types,Sat Jan 18 22:47:56 2020 -0500
04f414f,Zac Sweers,Zac Sweers,Add ComplexGenericsInheritanceTest,Sat Jan 18 22:46:54 2020 -0500
52cf86d,GitHub,Zac Sweers,Tweak README nullSafe() example (#1073),Wed Jan 15 13:29:24 2020 -0500
4fbf89c,GitHub,Zac Sweers,Fix mask count in proguard rule gen (#1075),Wed Jan 15 02:42:52 2020 -0500
9a10976,GitHub,Zac Sweers,Minor processor cleanups (#1070),Tue Jan 14 16:28:35 2020 -0500
89b166f,GitHub,Zac Sweers,Use actual canonical name rather than implicit toString() (#1069),Tue Jan 14 15:50:14 2020 -0500
e45d9e0,GitHub,Zac Sweers,Add missing semicolons (#1068),Tue Jan 14 15:26:40 2020 -0500
debb7d3,GitHub,Zac Sweers,Generate proguard rules for code gen on demand (#1067),Tue Jan 14 14:59:10 2020 -0500
f891c81,GitHub,Zac Sweers,Check types parameter size in init (#1063),Tue Jan 14 01:50:53 2020 -0500
cc4b5b3,Zac Sweers,Nicklas Ansman Giertz,Improve the way Json.name is fetched for codegen (#1059),Fri Jan 10 21:32:23 2020 -0500
365e955,GitHub,Zac Sweers,Update to KotlinPoet 1.5.0 (#1062),Fri Jan 10 21:05:21 2020 -0500
40a829e,GitHub,Zac Sweers,Don't linebreak keys with spaces (#1053),Thu Dec 12 02:53:25 2019 -0500
c3a1ba7,GitHub,Zac Sweers,Omit unnecessary generic type from standard constructor call (#1041),Thu Dec 5 22:37:38 2019 +0100
14cb9e4,GitHub,Zac Sweers,Add LocalVariableName to common suppressions (#1040),Thu Dec 5 22:37:26 2019 +0100
791ff32,GitHub,Zac Sweers,Update to Kotlin compile testing 1.2.4 (#1014),Thu Dec 5 22:37:02 2019 +0100
32c5d48,GitHub,Zac Sweers,Strip type annotations from TypeRenderer and asTypeBlock() (#1039),Thu Dec 5 22:35:57 2019 +0100
0dfea71,GitHub,Zac Sweers,Always check for DefaultConstructorMarker class (#1038),Sun Nov 24 22:52:59 2019 -0500
b287596,Jesse Wilson,Jesse Wilson,[maven-release-plugin] prepare for next development iteration,Sun Nov 17 09:53:53 2019 -0500
89a254d,Jesse Wilson,Jesse Wilson,[maven-release-plugin] prepare release moshi-parent-1.9.2,Sun Nov 17 09:53:46 2019 -0500
5e52af3,Jesse Wilson,Jesse Wilson,Changelog for 1.9.2.,Sun Nov 17 09:51:12 2019 -0500
f49f677,Jesse Wilson,Zac Sweers,Suppress common warnings in generated classes (#1028),Sun Nov 17 09:40:49 2019 -0500
f7dbde2,Zac Sweers,Jesse Wilson,Upgrade to KotlinPoet 1.4.4 (#1027),Sat Nov 16 22:54:29 2019 -0500
4241918,Jesse Wilson,Zac Sweers,Handle enclosing visibility + cache metadata parsing (#1026),Sat Nov 16 22:27:25 2019 -0500
ca207b2,Zac Sweers,Jesse Wilson,Revert "Don't allow toJson() serialization on polymorphic defau… (#1025),Sat Nov 16 22:04:57 2019 -0500
fde0ce0,Zac Sweers,Andrew Orobator,Fixed typo in readme (#1018),Tue Nov 12 17:12:58 2019 -0500
d25abb1,GitHub,Zac Sweers,Fix incorrect type variance being applied on generated adapters  (#1010),Fri Nov 8 14:35:13 2019 -0800
3c0e3ed,GitHub,Zac Sweers,Merge pull request #994 from square/z/defaultToJson,Sun Nov 3 15:32:50 2019 -0500
7cf365c,GitHub,Zac Sweers,Fix nullable properties (#992),Sat Nov 2 21:55:20 2019 -0400
fe34a57,GitHub,Zac Sweers,Check against non-nullable known primitives when rendering class… (#993),Sat Nov 2 15:15:29 2019 -0400
c8c7121,GitHub,Zac Sweers,Unwrap nested typealiases in code gen (#996),Sat Nov 2 09:43:08 2019 -0400
6323a0b,Zac Sweers,Zac Sweers,Don't allow toJson() serialization on polymorphic default values,Thu Oct 31 15:13:22 2019 -0400
541b539,GitHub,Zac Sweers,Add abstract function note to 1.9.1 changelog,Wed Oct 30 23:34:36 2019 -0400
878e9a8,Jesse Wilson,Jesse Wilson,[maven-release-plugin] prepare for next development iteration,Wed Oct 30 23:26:50 2019 -0400
0af27a3,Jesse Wilson,Jesse Wilson,[maven-release-plugin] prepare release moshi-parent-1.9.1,Wed Oct 30 23:26:43 2019 -0400
6ec87f0,Jesse Wilson,Jesse Wilson,Update changelog for 1.9.1.,Wed Oct 30 23:23:29 2019 -0400
092175a,GitHub,Zac Sweers,Fix handling of typealiases in non-classname envs + wildcard fix… (#987),Wed Oct 30 21:15:28 2019 -0400
ac78907,GitHub,Jesse Wilson,Merge pull request #988 from square/z/regressionForAbstract,Wed Oct 30 21:11:05 2019 -0400
9a0294c,Jesse Wilson,Zac Sweers,Handle non-property parameters in kotlin code gen (#982),Wed Oct 30 21:06:04 2019 -0400
510d189,Zac Sweers,Zac Sweers,Add an abstract non-unit function regression for #974,Wed Oct 30 20:24:22 2019 -0400
a384bd0,GitHub,Zac Sweers,KotlinPoet 1.4.3 (#986),Wed Oct 30 19:36:57 2019 -0400
13c5ac5,Egor Andreevici,Egor Andreevici,KotlinPoet 1.4.3,Wed Oct 30 18:59:09 2019 -0400
0aacfc7,GitHub,Zac Sweers,Support 32+ parameter constructors in code gen (#978),Wed Oct 30 16:48:00 2019 -0400
4f1c8a5,GitHub,Zac Sweers,Fix support for classes w/ multiple constructors in code gen (#976),Wed Oct 30 00:39:08 2019 -0400
6acebfa,Jesse Wilson,Jesse Wilson,More documentation on configuring Kotlin,Tue Oct 29 08:18:09 2019 -0400
5544131,Jesse Wilson,Jesse Wilson,Update changelog for 1.9.0.,Tue Oct 29 08:12:37 2019 -0400
4637950,Jesse Wilson,Jesse Wilson,[maven-release-plugin] prepare for next development iteration,Tue Oct 29 07:57:56 2019 -0400
0c8005b,Jesse Wilson,Jesse Wilson,[maven-release-plugin] prepare release moshi-parent-1.9.0,Tue Oct 29 07:57:49 2019 -0400
d5a43e3,Jesse Wilson,Zac Sweers,Update to KotlinPoet 1.4.2 (#972),Tue Oct 29 07:51:17 2019 -0400
73bc127,GitHub,Jesse Wilson,Merge pull request #970 from square/jwilson.1027.remove_new_k_apis,Mon Oct 28 20:19:11 2019 -0400
c72b856,Jesse Wilson,Jesse Wilson,Don't add new public APIs for Kotlin type inference,Sun Oct 27 21:14:00 2019 -0400
ed20823,GitHub,Jesse Wilson,Merge pull request #791 from square/eric.2019-01-15.multiple-transient-constructor-parameters,Sun Oct 27 16:17:03 2019 -0400
efb0fc0,Jesse Wilson,Eric Cochran,Support multiple transient properties in KotlinJsonAdapter.,Sun Oct 27 14:11:33 2019 -0400
5912dfa,GitHub,Jesse Wilson,Merge pull request #966 from square/jwilson.1026.onlyonce,Sun Oct 27 00:04:49 2019 -0400
53b045e,Jesse Wilson,Jesse Wilson,Look up kotlin.Metadata::class only once,Sat Oct 26 23:59:27 2019 -0400
c3cb079,GitHub,Jesse Wilson,Merge pull request #965 from square/jwilson.1026.specify_ordering,Sat Oct 26 23:11:38 2019 -0400
02cf66f,Jesse Wilson,Jesse Wilson,Specify precedence when a subtype has multiple labels,Sat Oct 26 22:57:00 2019 -0400
537b22f,GitHub,Jesse Wilson,Merge pull request #964 from square/jwilson.1026.warn_dont_fail,Sat Oct 26 22:08:49 2019 -0400
eea2981,Jesse Wilson,Jesse Wilson,Go back to using Unsafe APIs to create instances without constructors.,Sat Oct 26 22:02:49 2019 -0400
2a79428,GitHub,Zac Sweers,Merge pull request #963 from jzbrooks/kotlin-enum-values,Sat Oct 26 15:05:17 2019 -0400
01b7ea4,Jesse Wilson,Zac Sweers,Update to KotlinPoet 1.4.1/Kotlin 1.3.50 (#956),Sat Oct 26 15:04:51 2019 -0400
8460155,Justin Brooks,Justin Brooks,Keep synthesized values() for EnumJsonAdapter,Sat Oct 26 12:20:11 2019 -0500
870fee4,GitHub,Zac Sweers,Generate optimized toString() (#957),Sat Oct 19 16:11:51 2019 -0400
2cf3f02,GitHub,Jesse Wilson,Merge pull request #943 from square/jakew/value-sink/2019-09-27,Thu Oct 17 23:45:38 2019 -0400
b4e6715,Zac Sweers,Burkhard Mittelbach,Added codegen support for inline classes (#923),Wed Oct 16 18:17:23 2019 -0400
ae8b62b,GitHub,Zac Sweers,Fix TypeVariable/WildcardType recursion causing stackoverflows (#948),Tue Oct 15 18:01:48 2019 -0400
3816dbd,Jake Wharton,Jake Wharton,Add JsonWriter.valueSink for streaming data,Thu Oct 10 10:18:06 2019 -0400
dbed99d,GitHub,Zac Sweers,Fix `@field:Json` parameters annotations always taking precedence (#946),Sat Oct 5 21:26:43 2019 -0400
9dc331f,Zac Sweers,Zac Sweers,Update kotlin-compile-testing to 1.2.3,Sat Oct 5 20:29:03 2019 -0400
666d87b,Zac Sweers,Burkhard Mittelbach,added test for internal property without backing field (#921) (#947),Sat Oct 5 16:51:48 2019 -0400
f51de08,Zac Sweers,Burkhard Mittelbach,added test for transient delegate in kotlin code gen (#922) (#942),Sat Oct 5 16:50:34 2019 -0400
7804d74,GitHub,Zac Sweers,Report json name if different from property name in kotlin (#917),Mon Sep 30 23:04:21 2019 -0400
336ca95,GitHub,Zac Sweers,Use char literals for array and object start/end (#944),Mon Sep 30 15:27:38 2019 -0400
ecb7083,Jake Wharton,Jake Wharton,Use char literals for array and object start/end,Mon Sep 30 14:40:12 2019 -0400
52aaf9c,GitHub,Jesse Wilson,Merge pull request #933 from square/z/throwOnMissingTypeVars,Thu Sep 26 21:57:23 2019 -0400
20aa604,GitHub,Jesse Wilson,Merge pull request #940 from square/jakew/skip-name-message/2019-09-26,Thu Sep 26 21:56:49 2019 -0400
12d37ff,Jake Wharton,Jake Wharton,Point at the offending name when failing on unknown,Thu Sep 26 20:37:34 2019 -0400
8673646,GitHub,Zac Sweers,Fix misspelled codgen package in tests (#937),Wed Sep 25 23:48:31 2019 -0400
902a935,GitHub,Zac Sweers,Shade kotlinpoet-metadata and kotlinx-metadata (#936),Wed Sep 25 23:15:06 2019 -0400
54d07b6,GitHub,Zac Sweers,Migrate to KotlinPoet-metadata (#903),Wed Sep 25 22:22:44 2019 -0400
5f98e93,GitHub,Zac Sweers,Switch to kotlin-compile-testing for JsonClassCodegenProcessorTe… (#928),Wed Sep 25 16:41:31 2019 -0400
96fe3e1,Zac Sweers,Zac Sweers,Throw on missing type variables in Types.newParameterizedType* methods,Tue Sep 24 18:27:36 2019 -0400
c063931,GitHub,Zac Sweers,Don't try to access unsafe APIs on android 29+ (#913),Tue Sep 24 16:05:12 2019 -0400
1e541fc,GitHub,Zac Sweers,Use raw type for kclass references in dynamic invocation code gen (#911),Thu Sep 12 21:55:47 2019 -0400
dd0e380,GitHub,Zac Sweers,Fail on sealed classes in KotlinJsonAdapterFactory and code gen (#914),Thu Sep 12 20:38:46 2019 -0400
a67b4d6,GitHub,Zac Sweers,Inline mask generation and constructor invocation (#908),Thu Sep 12 16:42:31 2019 -0400
7a4f351,GitHub,Zac Sweers,Don't generate generic type information in adapter lookup (#919),Thu Sep 12 16:29:53 2019 -0400
489b178,GitHub,Zac Sweers,Only add constructor property if it will be used (#918),Thu Sep 12 16:07:41 2019 -0400
71cf745,GitHub,Zac Sweers,Don't re-wrap nullsafe/nonnull adapters if they are already one (#909),Thu Sep 12 14:14:49 2019 -0400
98092d0,GitHub,Zac Sweers,Update KotlinPoet to 1.3.0 (#915),Thu Sep 12 14:13:23 2019 -0400
1978581,Jesse Wilson,Zac Sweers,Make Rfc3339DateJsonAdapter null-safe (#910),Wed Sep 11 07:22:02 2019 -0400
c820314,GitHub,Zac Sweers,Followups from #896 (#907),Wed Sep 11 04:55:24 2019 -0400
ea30099,GitHub,Zac Sweers,Decouple code gen API from apt and kotlin-metadata (#816),Sun Sep 8 21:24:10 2019 -0400
5a4530b,GitHub,Zac Sweers,Fast followups from #899 (#901),Sun Sep 8 19:15:02 2019 -0400
619be26,GitHub,Zac Sweers,Refactor missing/null properties to helper utils instead (#900),Sun Sep 8 17:36:58 2019 -0400
329d0e1,GitHub,Zac Sweers,Invoke defaults constructor in kotlin code gen (#896),Sun Sep 8 17:24:25 2019 -0400
711de52,GitHub,Zac Sweers,Clean up warnings in KotlinJsonAdapter (#899),Wed Sep 4 21:39:35 2019 -0400
7f720c0,GitHub,Jake Wharton,Merge pull request #898 from ZacSweers/z/excludeMore,Wed Sep 4 21:12:58 2019 -0400
319d7c8,Zac Sweers,Zac Sweers,Don't reflect on kotlinx and update doc,Wed Sep 4 20:58:56 2019 -0400
9db91f2,GitHub,Zac Sweers,Kotlin-reflect QoL APIs (#875),Wed Sep 4 20:24:59 2019 -0400
73cc965,GitHub,Jake Wharton,Merge pull request #876 from ZacSweers/z/rawTypeMessage,Wed Sep 4 14:16:56 2019 -0400
6ffb946,GitHub,Zac Sweers,Switch to openjdk8 for travis builds (#885),Wed Aug 7 22:56:03 2019 -0400
25fcbb2,Zac Sweers,Zac Sweers,Improve message and match in tests,Mon Jul 8 12:40:55 2019 -0400
aea8675,Zac Sweers,Zac Sweers,Pass raw type rather than possibly-generic type in platform type error,Tue Jul 2 18:22:39 2019 -0400
687acba,Zac Sweers,Nuno Gomes,removed limitation where subtypes should be unique (#856),Thu Jun 20 10:39:19 2019 -0500
54c44c5,GitHub,Jesse Wilson,Merge pull request #871 from ZacSweers/z/kotlin1340,Wed Jun 19 21:47:41 2019 -0400
6a1a15b,Zac Sweers,Zac Sweers,Update to Kotlin 1.3.40,Wed Jun 19 20:06:50 2019 -0500
10ac30b,GitHub,Jesse Wilson,Merge pull request #868 from sullis/maven-compiler-plugin-3.8.1,Wed Jun 19 06:38:45 2019 -0400
0142e2a,Sean Sullivan,Sean Sullivan,maven-compiler-plugin 3.8.1,Tue Jun 18 17:00:31 2019 -0400
f1965f0,GitHub,Jesse Wilson,Merge pull request #821 from Syeberman/sye/covariant-map-values,Thu Jun 6 10:49:51 2019 -0400
7e41784,Sye van der Veen,Sye van der Veen,Support covariant Map values, which are used by Kotlin,Tue May 28 10:51:55 2019 -0400
0943ef5,Jesse Wilson,Zac Sweers,Allow custom generators (#847),Wed May 15 20:42:08 2019 -0400
a5020dd,GitHub,Zac Sweers,Support gradle incremental processing in code gen (#824),Wed Apr 17 18:12:11 2019 -0700
11a5470,GitHub,Jesse Wilson,Merge pull request #834 from square/jakew/dont-wrap/2019-04-10,Wed Apr 10 08:38:38 2019 -0700
bcb6fd4,Jake Wharton,Jake Wharton,Don't wrap between throw and exception type,Wed Apr 10 10:28:30 2019 -0400
3994723,Jake Wharton,Oliver Bestmann,Use StringBuilder to deduplicate String constants,Tue Apr 2 11:49:40 2019 -0400
30c973e,GitHub,Zac Sweers,Merge pull request #825 from square/z/kotlin13,Mon Mar 25 20:00:40 2019 -0700
1c3dc89,Zac Sweers,Zac Sweers,Update to Kotlin 1.3.21,Mon Mar 25 19:44:03 2019 -0700
3e848c0,Zac Sweers,Eric Cochran,Use KotlinPoet's MemberName for emptySet import. (#818),Thu Mar 14 02:57:08 2019 -0700
be6f3eb,GitHub,Eric Cochran,Unconditionally close the peeked JsonReader. (#810),Sun Feb 17 17:00:29 2019 -0800
a83a9b7,GitHub,Eric Cochran,Use peekJson in the DefaultOnDataMismatchAdapter example. (#809),Fri Feb 15 17:09:50 2019 -0800
d843950,GitHub,Eric Cochran,Make checkstyle happy on JsonReader column width. (#811),Fri Feb 15 17:08:46 2019 -0800
13a40ed,GitHub,Eric Cochran,Correct error for duplicate JSON key for Kotlin. (#789),Fri Feb 15 11:18:50 2019 -0800
126c8ea,GitHub,Eric Cochran,Support fail on unknown in PolymorphicJsonAdapterFactory. (#792),Fri Feb 15 11:16:12 2019 -0800
f680358,Eric Cochran,Thomas Vos,Fix typo in documentation for JsonReader.peekJson() (#797),Fri Feb 15 11:15:38 2019 -0800
e04c80c,GitHub,Eric Cochran,Remove old TODO after KotlinPoet fix. (#790),Fri Feb 15 11:15:02 2019 -0800
b8610c7,GitHub,Jake Wharton,Merge pull request #805 from Egorand/egorand/190209/broken-travis-config,Sat Feb 9 20:18:26 2019 -0500
136df54,Egor Andreevici,Egor Andreevici,Remove broken Travis config block,Sat Feb 9 20:05:32 2019 -0500
ded3bcc,Jesse Wilson,Zac Sweers,Some miscellaneous kotlinpoet updates (#786),Sun Jan 13 10:18:00 2019 -0500
3588c98,GitHub,Jesse Wilson,Merge pull request #778 from square/z/defaultValue,Mon Dec 31 22:04:07 2018 -0500
fead71b,Zac Sweers,Zac Sweers,Add support for default values in PolymorphicJsonAdapterFactory,Mon Dec 31 16:21:57 2018 -0800
5153295,GitHub,Zac Sweers,Merge pull request #771 from square/z/removeRelocation,Tue Dec 11 19:35:47 2018 -0800
e6de367,Zac Sweers,Zac Sweers,Remove shading of KotlinPoet,Tue Dec 11 16:19:29 2018 -0800
9f6197b,GitHub,Jesse Wilson,Merge pull request #769 from Egorand/egorand/181210/kotlinpoet-1.0.0,Tue Dec 11 11:05:12 2018 -0500
6393692,Egor Andreevici,Egor Andreevici,KotlinPoet 1.0.0,Mon Dec 10 19:59:37 2018 -0500
85e86f1,Jesse Wilson,Erik Huizinga,Add section about null safety (#757),Mon Dec 3 22:50:52 2018 -0500
2e241bf,GitHub,Jesse Wilson,Merge pull request #764 from square/jwilson.1128.kp10rc3,Thu Nov 29 07:03:27 2018 -0500
ca4d8f5,Jesse Wilson,Jesse Wilson,Upgrade to KotlinPoet 1.0-RC3,Wed Nov 28 22:20:07 2018 -0500
a2b39e2,GitHub,Jesse Wilson,Merge pull request #760 from square/eric.toJsonCoercesRuntimeTypeForMaps,Tue Nov 27 21:48:38 2018 -0500
737f58c,GitHub,Eric Cochran,Unignore ObjectAdapterTest's toJsonCoercesRuntimeTypeForMaps,Mon Nov 26 17:04:40 2018 -0800
9aaef1f,Jesse Wilson,Artem Daugel-Dauge,Treat warnings as errors in moshi-kotlin tests (#730),Fri Nov 23 22:24:19 2018 -0500
2265f5e,GitHub,Jesse Wilson,Merge pull request #755 from square/z/removesudo,Fri Nov 23 22:22:24 2018 -0500
22259af,GitHub,Zac Sweers,Remove sudo: false from travis config,Fri Nov 23 19:12:30 2018 -0800
1f2a937,GitHub,Zac Sweers,Merge pull request #754 from square/z/kotlinTypesFollowup,Tue Nov 20 17:51:59 2018 -0800
dbe7bfa,Zac Sweers,Zac Sweers,Use faster isAnnotationPresent check,Tue Nov 20 17:20:09 2018 -0800
afb82cb,GitHub,Jesse Wilson,Merge pull request #751 from square/eric.platform-type,Tue Nov 20 20:05:13 2018 -0500
c64138b,GitHub,Zac Sweers,Refuse kotlin classes in ClassJsonAdapter (#749),Mon Nov 19 23:36:52 2018 -0800
4550da0,GitHub,Zac Sweers,Merge pull request #750 from square/eric.tests,Mon Nov 19 23:27:31 2018 -0800
f4f7c65,GitHub,Jake Wharton,Merge pull request #752 from square/eric.p,Mon Nov 19 13:46:49 2018 -0500
7d1657d,GitHub,Eric Cochran,Fix peekJson Javadoc paragraph formatting.,Mon Nov 19 10:42:41 2018 -0800
a920b9b,Eric Cochran,Eric Cochran,Improve error message for platform types.,Mon Nov 19 02:31:07 2018 -0800
1f46203,GitHub,Eric Cochran,Fix KotlinJsonAdapter tests that were missing the factory.,Mon Nov 19 01:58:25 2018 -0800
8b17ece,GitHub,Jesse Wilson,Merge pull request #745 from square/eric.incorrect-skipValue,Sun Nov 18 10:18:02 2018 -0500
5f0b2ee,Jesse Wilson,Eric Cochran,Allow Object base type for PolymorphicJsonAdapterFactory. (#744),Sun Nov 18 10:15:41 2018 -0500
6e6abf5,GitHub,Zac Sweers,Merge pull request #747 from square/eric.null-safe-adapters,Sat Nov 17 03:00:32 2018 -0800
38b08f8,GitHub,Eric Cochran,Fix test for null-safe KotlinJsonAdapterFactory adapters.,Sat Nov 17 02:23:28 2018 -0800
5bf1409,Eric Cochran,Eric Cochran,Fix infinite loop when calling skipValue at the end an object or array.,Fri Nov 16 10:20:38 2018 -0800
5f5631e,GitHub,Jesse Wilson,Replace Okio 2.x with 2.1,Sat Nov 10 14:42:18 2018 -0500
98459dd,GitHub,Jesse Wilson,Reference 1.8 in the README,Fri Nov 9 09:41:10 2018 +1000
6b6c1af,Jesse Wilson,Jesse Wilson,[maven-release-plugin] prepare for next development iteration,Fri Nov 9 10:04:52 2018 +1100
eb7110b,Jesse Wilson,Jesse Wilson,[maven-release-plugin] prepare release moshi-parent-1.8.0,Fri Nov 9 10:04:36 2018 +1100
69d4f40,Jesse Wilson,Jesse Wilson,Update changelog for 1.8.0,Fri Nov 9 10:01:07 2018 +1100
878b3ff,Jesse Wilson,Eric Cochran,Add CheckReturnValue annotation to peekJson. (#736),Fri Nov 9 07:41:45 2018 +1100
103ae3c,GitHub,Jake Wharton,Merge pull request #737 from square/eric.CheckReturnValue-writer,Tue Nov 6 11:06:02 2018 -0800
81db258,GitHub,Eric Cochran,Add CheckReturnValue annotation to beginFlatten.,Tue Nov 6 10:15:01 2018 -0800
cf22bf9,Zac Sweers,Stefan M,Add Gradle Kotlin DSL for dependencies (#719),Tue Nov 6 00:05:15 2018 -0800
5c41565,Jesse Wilson,Eric Cochran,Fall back to reflection when generated adapter is not found. (#728),Tue Nov 6 18:28:36 2018 +1100
a8102bc,GitHub,Jesse Wilson,Merge pull request #733 from daugeldauge/fix-variance-issues,Mon Nov 5 07:22:40 2018 +1100
8a22f6b,Zac Sweers,Artem Daugel-Dauge,Do not check required property for null second time (#732),Sun Nov 4 09:44:10 2018 -0800
0e3a52b,Zac Sweers,Artem Daugel-Dauge,Use javaObjectType instead of Java primitives while creating parametrized type (#731),Sun Nov 4 09:42:51 2018 -0800
e0be5f5,Artem Daugel-Dauge,Artem Daugel-Dauge,Fix variance issues,Sun Nov 4 17:11:22 2018 +0300
1acc70d,GitHub,Jesse Wilson,Merge pull request #710 from technoir42/keep-nested-class-adapters,Sun Nov 4 08:23:23 2018 +1000
9e3d234,technoir,technoir,Retain generated JsonAdapters for nested classes,Sun Nov 4 00:52:05 2018 +0300
fc4b927,GitHub,Jesse Wilson,Merge pull request #729 from square/jwilson.1103.fix_lookup_chain_prose,Sun Nov 4 04:11:05 2018 +1000
978d4dd,Jesse Wilson,Jesse Wilson,Fix prose in deferred adapters,Sat Nov 3 22:36:17 2018 +1100
0cb2aef,GitHub,Jesse Wilson,Merge pull request #726 from square/eric.kp$,Sat Nov 3 12:13:26 2018 +1000
1e4be0e,GitHub,Jesse Wilson,Merge pull request #727 from square/eric.getBuffer,Sat Nov 3 12:12:05 2018 +1000
fe7ba86,GitHub,Eric Cochran,Use BufferedSource.getBuffer().,Fri Nov 2 17:03:45 2018 -0700
0795e9c,Eric Cochran,Eric Cochran,Update to KotlinPoet 1.0.0-RC2.,Fri Nov 2 16:59:27 2018 -0700
9eb142d,GitHub,Jesse Wilson,Merge pull request #714 from square/jwilson.1021.fix_deferred_races,Mon Oct 22 21:31:52 2018 -0400
ce65ff5,Jesse Wilson,Jesse Wilson,Fix a race condition on deferred adapters,Mon Oct 22 21:06:31 2018 -0400
daa0441,GitHub,Jesse Wilson,Merge pull request #713 from square/jwilson.1019.runtime_polymorphic,Sat Oct 20 00:54:14 2018 -0400
89103b6,Jesse Wilson,Jesse Wilson,Rename RuntimeJsonAdapterFactory to PolymorphicJsonAdapterFactory,Sat Oct 20 00:47:48 2018 -0400
1896e0f,GitHub,Jesse Wilson,Merge pull request #697 from jocmp/master,Fri Oct 19 23:33:06 2018 -0400
ed5577b,GitHub,Jesse Wilson,Merge pull request #712 from square/jwilson.1019.use_flatten,Fri Oct 19 12:18:20 2018 -0400
6125d8c,Jesse Wilson,Jesse Wilson,Don't decode into memory in RuntimeJsonAdapterFactory,Fri Oct 19 12:07:58 2018 -0400
01a406e,GitHub,Jesse Wilson,Merge pull request #708 from square/jwilson.1013.flattening,Fri Oct 19 11:23:03 2018 -0400
f28bca6,Jesse Wilson,Jesse Wilson,JSON flattening.,Fri Oct 19 10:59:19 2018 -0400
08bfeda,GitHub,Jesse Wilson,Merge pull request #707 from square/jwilson.1009.streaming_RuntimeJsonAdapterFactory,Sat Oct 13 20:43:53 2018 -0400
24ac43a,Jesse Wilson,Jesse Wilson,Change RuntimeJsonAdapterFactory to peek for type names.,Tue Oct 9 23:10:31 2018 -0400
cfaf62c,GitHub,Jesse Wilson,Merge pull request #706 from square/eric.javadoc,Mon Oct 8 15:54:57 2018 -0400
931673c,GitHub,Eric Cochran,Fix Javadoc code formatting for JsonReader.peek().,Mon Oct 8 12:48:44 2018 -0700
2a4d37e,GitHub,Jesse Wilson,Merge pull request #704 from square/jwilson.1007.peekutf8,Mon Oct 8 12:27:02 2018 -0400
01c45ca,GitHub,Jesse Wilson,Merge pull request #705 from square/jwilson.1008.register_as_factory,Mon Oct 8 12:24:17 2018 -0400
7055391,Jesse Wilson,Jesse Wilson,Implement peekJson() for JsonUtf8Reader,Mon Oct 8 11:44:03 2018 -0400
fe22970,Jesse Wilson,Jesse Wilson,Document how to register JsonAdapters,Mon Oct 8 11:14:57 2018 -0400
eb64d18,GitHub,Jesse Wilson,Merge pull request #680 from square/jwilson.0923.peekvalue,Sun Oct 7 16:59:20 2018 -0400
10e2b77,GitHub,Jesse Wilson,Merge pull request #703 from square/z/allow-other-processors,Sat Oct 6 12:40:15 2018 -0400
a34ca36,GitHub,Zac Sweers,Allow other processors to process JsonClass,Sat Oct 6 17:05:06 2018 +0200
bd2f2c4,Jesse Wilson,Zac Sweers,Mention proguard 6 requirement (#686),Sat Sep 29 22:59:52 2018 -0400
e0861cc,GitHub,Zac Sweers,Improve enum exception message (#694),Fri Sep 28 00:24:58 2018 -0400
21a9c56,GitHub,Zac Sweers,Merge pull request #693 from technoir42/keep-enum-fields,Thu Sep 27 23:42:22 2018 -0400
2990583,GitHub,Zac Sweers,Merge pull request #695 from square/jwilson.0927.dollar,Thu Sep 27 23:41:43 2018 -0400
80f651a,Josiah Campbell,Josiah Campbell,Make RuntimeJsonAdapterFactory public,Thu Sep 27 10:44:55 2018 -0500
a5d3573,Jesse Wilson,Jesse Wilson,Don't use @Language when the literal includes a dollar sign,Thu Sep 27 09:45:44 2018 -0400
b5db9fa,sergey,sergey,Always keep fields of annotated enums,Thu Sep 27 00:54:39 2018 +0300
b705594,Eric Cochran,Gabriel Ittner,Proguard config: keep field names of annotated enums (#691),Tue Sep 25 11:52:05 2018 -0700
705ddc2,GitHub,Jesse Wilson,Merge pull request #687 from hzsweers/z/removeExtensions,Tue Sep 25 07:08:54 2018 -0400
11cbd5e,GitHub,Jesse Wilson,Merge pull request #688 from square/eric.version,Tue Sep 25 07:06:16 2018 -0400
526717e,GitHub,Eric Cochran,Remove duplicate kotlin-metadata version declaration.,Tue Sep 25 00:17:32 2018 -0700
86c8671,Zac Sweers,Zac Sweers,Completely remove companion object jsonAdapter extension function gen,Tue Sep 25 00:58:52 2018 -0400
00dcac6,Jesse Wilson,Jesse Wilson,Implement peekJson() for JsonValueReader,Mon Sep 24 23:21:07 2018 -0400
2cb8185,Jesse Wilson,Jesse Wilson,[maven-release-plugin] prepare for next development iteration,Mon Sep 24 22:55:49 2018 -0400
9a652f8,Jesse Wilson,Jesse Wilson,[maven-release-plugin] prepare release moshi-parent-1.7.0,Mon Sep 24 22:55:35 2018 -0400
662386c,GitHub,Jesse Wilson,Merge pull request #685 from square/jwilson.0924.internal_dopcs,Mon Sep 24 22:50:43 2018 -0400
026d16b,Jesse Wilson,Jesse Wilson,Don't include the 'internal' package in Javadocs,Mon Sep 24 22:35:29 2018 -0400
efd324b,Jesse Wilson,Jesse Wilson,Update changelog for 1.7.0.,Mon Sep 24 22:26:55 2018 -0400
73ca776,GitHub,Jesse Wilson,Merge pull request #684 from square/jwilson.0924.upgrayedd,Mon Sep 24 22:13:43 2018 -0400
6e6e533,GitHub,Jesse Wilson,Merge pull request #683 from square/jwilson.0924.change_visibility,Mon Sep 24 21:49:25 2018 -0400
735f0c3,Jesse Wilson,Jesse Wilson,Upgrade Kotlin, AssertJ, compile-testing, and kotlin-metadata dependencies,Mon Sep 24 21:48:25 2018 -0400
11241a2,Jesse Wilson,Jesse Wilson,Hide RuntimeJsonAdapterFactory for the forthcoming release.,Mon Sep 24 21:03:20 2018 -0400
f873bd9,GitHub,Jesse Wilson,Merge pull request #682 from sullis/maven-compiler-plugin-3.8.0,Mon Sep 24 10:31:31 2018 -0400
4392642,Sean Sullivan,Sean Sullivan,maven-compiler-plugin 3.8.0,Sun Sep 23 21:12:54 2018 -0700
f466909,GitHub,Jesse Wilson,Merge pull request #674 from square/eric.2018-09-18.codegen-adapter-lookup-error-hint,Sun Sep 23 21:16:52 2018 -0400
5a46cd6,GitHub,Eric Cochran,Use BufferedSource.indexOf instead of loops. (#677),Thu Sep 20 21:20:11 2018 -0700
242b7b1,Eric Cochran,Eric Cochran,Use the adapter lookup hint API in Kotlin codegen adapters.,Thu Sep 20 21:00:18 2018 -0700
1ba25ef,GitHub,Jesse Wilson,Merge pull request #660 from square/eric.fix-preemptive-null-check,Thu Sep 20 23:36:40 2018 -0400
a813cd1,GitHub,Jesse Wilson,Merge pull request #665 from square/eric.runtime-adapter-object-base,Thu Sep 20 23:34:30 2018 -0400
226c0c1,GitHub,Jesse Wilson,Merge pull request #673 from square/eric.property-name-hint,Thu Sep 20 23:32:21 2018 -0400
05cfb77,GitHub,Eric Cochran,Use the adapter lookup hint API in the Kotlin reflection adapter.,Tue Sep 18 18:00:22 2018 -0700
810199a,Eric Cochran,Eric Cochran,Disallow Object for RuntimeJsonAdapterFactory's base type.,Tue Sep 18 17:57:11 2018 -0700
e0cdcd4,GitHub,Benoît Quenaudon,Merge pull request #668 from square/bquenaudon/2018-09-13/fix-jsonadapter-test,Fri Sep 14 09:00:13 2018 -0400
df730ca,Benoit Quenaudon,Benoit Quenaudon,Fix JsonQualifiers test,Thu Sep 13 15:02:06 2018 -0400
895c3dd,Jesse Wilson,Eric Cochran,Track field names in the adapter lookup stack. (#616),Wed Sep 12 22:27:58 2018 -0400
83b6b26,GitHub,Jesse Wilson,Merge pull request #659 from square/eric.exception-cause,Wed Sep 12 22:24:22 2018 -0400
62c14b8,GitHub,Jesse Wilson,Merge pull request #658 from square/eric.okio15,Wed Sep 12 22:23:56 2018 -0400
d6ad1b8,GitHub,Zac Sweers,Merge pull request #667 from oldergod/bquenaudon/2018-09-12/androidx,Wed Sep 12 15:08:01 2018 -0700
c606f43,Benoit Quenaudon,Benoit Quenaudon,Don't reflect on androidX,Wed Sep 12 15:11:42 2018 -0400
8e151b1,Eric Cochran,Eric Cochran,Allow user adapters to convert null to non-null in codegen.,Tue Sep 11 22:25:42 2018 -0700
46a42bc,Eric Cochran,Eric Cochran,Add exception cause for method adapter creation.,Tue Sep 11 22:25:09 2018 -0700
3fa09dd,Eric Cochran,Eric Cochran,Update to Okio 1.15.0.,Tue Sep 11 22:24:38 2018 -0700
9050e42,GitHub,Jesse Wilson,Merge pull request #656 from square/jwilson.0910.nicer_exceptions,Tue Sep 11 22:08:18 2018 -0400
76cd590,Jesse Wilson,Jesse Wilson,Generate nicer stacktraces when creating a generated adapter fails.,Tue Sep 11 22:02:54 2018 -0400
5bd9632,GitHub,Jesse Wilson,Merge pull request #663 from square/jwilson.0911.fix_nonkotlin_test_,Tue Sep 11 22:02:27 2018 -0400
c04f1ba,Jesse Wilson,Jesse Wilson,Don't do Kotlin reflection on a non-Kotlin class.,Tue Sep 11 21:50:02 2018 -0400
9f2ed48,GitHub,Jesse Wilson,Merge pull request #653 from square/eric.copyrightheader,Mon Sep 10 20:26:18 2018 -0400
484fdfe,GitHub,Jesse Wilson,Merge pull request #655 from square/eric.2018-08-17.nullSafe-generated-adapters,Mon Sep 10 19:44:26 2018 -0400
e7c745a,Eric Cochran,Eric Cochran,Make generated adapters null-safe.,Mon Sep 10 16:31:24 2018 -0700
67d07eb,GitHub,Eric Cochran,Add copyright header to EnumJsonAdapterTest.,Mon Sep 10 15:33:39 2018 -0700
d1c2cf9,GitHub,Jesse Wilson,Merge pull request #649 from square/jwilson.0909.uppercase_property,Sun Sep 9 23:32:10 2018 -0400
c008e0e,Jesse Wilson,Jesse Wilson,Test support for uppercase property names,Sun Sep 9 23:25:56 2018 -0400
29d0835,GitHub,Jesse Wilson,Merge pull request #650 from square/jwilson.0909.private_transient,Sun Sep 9 23:24:53 2018 -0400
1ba07d4,Jesse Wilson,Jesse Wilson,Test that @Transient private properties are ignored,Sun Sep 9 23:17:50 2018 -0400
cb86194,GitHub,Jesse Wilson,Merge pull request #651 from square/jwilson.0909.enclosed_parameterized,Sun Sep 9 23:16:38 2018 -0400
f980521,GitHub,Jesse Wilson,Merge pull request #652 from square/jwilson.0909.include_labels,Sun Sep 9 23:12:44 2018 -0400
e7cae30,GitHub,Jesse Wilson,Merge pull request #648 from square/jwilson.0909.delegate_key,Sun Sep 9 23:12:26 2018 -0400
29bb93b,Jesse Wilson,Jesse Wilson,Include labels when encoding with RuntimeJsonAdapterFactory.,Sun Sep 9 17:43:42 2018 -0400
306664f,Jesse Wilson,Jesse Wilson,Call Types.newParameterizedTypeWithOwner when necessary.,Sun Sep 9 17:05:33 2018 -0400
7382145,Jesse Wilson,Jesse Wilson,Change DelegateKey to use AnnotationSpec instead of AnnotationMirror,Sun Sep 9 15:27:21 2018 -0400
4f3c418,GitHub,Jesse Wilson,Merge pull request #647 from square/jwilson.0909.confirm_one_way_code_gen,Sun Sep 9 14:00:04 2018 -0400
f5fe86d,Jesse Wilson,Jesse Wilson,Confirm you can use codegen with adapter methods,Sun Sep 9 12:16:18 2018 -0400
2a593da,GitHub,Jesse Wilson,Merge pull request #628 from gabrielittner/master,Sat Sep 8 14:58:44 2018 -0400
24e0777,GitHub,Gabriel Ittner,add period to comments,Fri Sep 7 08:04:56 2018 +0200
3c47057,GitHub,Jesse Wilson,Merge pull request #640 from square/eric.null-enum,Mon Sep 3 09:47:16 2018 -0400
8a8cde0,Eric Cochran,Eric Cochran,Allow null fallback enum value in EnumJsonAdapter.,Fri Aug 31 00:51:34 2018 -0700
597da2d,GitHub,Gabriel Ittner,keep BuiltInsLoaderImpl for kotlin reflect artifact,Fri Aug 24 10:47:22 2018 +0200
f9c53f3,GitHub,Jesse Wilson,Merge pull request #629 from stoyicker/patch-1,Sun Aug 19 16:21:39 2018 -0400
56e6708,GitHub,Jorge Antonio Díaz-Benito Soriano,Remove unnecessary isAccessible check,Sun Aug 19 20:46:43 2018 +0200
354db6b,GitHub,Jesse Wilson,Merge pull request #627 from square/eric.2018-08-17.boxed-primitive-adapters,Sun Aug 19 07:36:12 2018 -0400
0c773a3,GitHub,Jesse Wilson,Merge pull request #623 from square/jwilson.0814.dokka,Sun Aug 19 07:30:52 2018 -0400
4bbc5b2,Gabriel Ittner,Gabriel Ittner,Embed ProGuard rules in the jar,Sun Aug 19 11:14:47 2018 +0200
1b17423,Eric Cochran,Eric Cochran,Make nullable primitives in codegen use boxed type adapters.,Fri Aug 17 13:41:43 2018 -0700
83f60d6,Jake Wharton,Eric Cochran,Fix README link to jar. (#622),Tue Aug 14 22:54:30 2018 -0400
9ea1f84,Jesse Wilson,Jesse Wilson,Generate Kotlin documentation with Dokka,Tue Aug 14 20:20:15 2018 -0400
29bdc0a,GitHub,Eric Cochran,Add EnumJsonAdapter to adapters module. (#607),Tue Aug 7 15:05:56 2018 -0700
137ffc9,GitHub,Eric Cochran,Fix incorrect path in enum adapter error message. (#613),Mon Aug 6 22:46:41 2018 -0700
34f8f94,GitHub,Jesse Wilson,Merge pull request #612 from square/jwilson.0805.extension_property,Mon Aug 6 04:36:34 2018 -0400
0f1fa3d,Jesse Wilson,Eric Cochran,Add RuntimeJsonAdapterFactory to adapters module. (#606),Mon Aug 6 04:35:53 2018 -0400
9251309,GitHub,Jesse Wilson,Merge pull request #603 from square/eric.patch-1,Sun Aug 5 22:36:29 2018 -0400
01f600c,GitHub,Jesse Wilson,Merge pull request #604 from square/eric.💲,Sun Aug 5 22:34:21 2018 -0400
c360a1c,Jesse Wilson,Jesse Wilson,Test to confirm that extension properties are not encoded or decoded,Sun Aug 5 22:20:25 2018 -0400
3aa31d9,GitHub,Jesse Wilson,Merge pull request #608 from square/eric.checkstyle,Sun Aug 5 21:26:52 2018 -0400
ee873b6,GitHub,Eric Cochran,Remove unused import.,Thu Jul 26 17:28:15 2018 -0700
248be58,Eric Cochran,Eric Cochran,Fix dollar sign escaping for json key names.,Tue Jul 24 18:03:23 2018 -0700
6bb83ab,GitHub,Eric Cochran,Simplify Options initializer generation.,Tue Jul 24 17:51:18 2018 -0700
78821bb,Jesse Wilson,Zac Sweers,Update to KotlinPoet 1.0.0-RC1 (#599),Tue Jul 17 22:44:20 2018 -0400
bcd61c9,GitHub,Jesse Wilson,Merge pull request #592 from runningcode/no/readme-update,Tue Jul 3 16:57:56 2018 -0400
2d7d2c1,Nelson Osacky,Nelson Osacky,Update readme to add information about depending on stdlib.,Tue Jul 3 22:52:49 2018 +0200
0b0883d,GitHub,Jesse Wilson,Merge pull request #584 from square/eric.emptyDocumentHasNextReturnsFalse,Sun Jun 24 10:34:46 2018 -0400
de79ed3,GitHub,Jesse Wilson,Merge pull request #582 from hzsweers/z/fixGeneratedAnnotation,Sun Jun 24 10:03:08 2018 -0400
627e62f,Eric Cochran,Eric Cochran,Fix hasNext to return false at document end.,Fri Jun 22 15:18:22 2018 -0700
c9aee2e,Zac Sweers,Zac Sweers,Fix GeneratedAnnotation member definition,Fri Jun 15 22:09:13 2018 -0700
03ada87,GitHub,Jesse Wilson,Merge pull request #576 from square/eric.private-transient,Thu Jun 7 10:26:44 2018 -0400
4666e06,Eric Cochran,Eric Cochran,Allow private transient Kotlin properties.,Wed Jun 6 17:12:29 2018 -0700
cd9e600,GitHub,Jake Wharton,Merge pull request #559 from square/eric.word,Wed May 23 15:29:30 2018 -0400
df3a6ce,GitHub,Eric Cochran,Remove redundant "to" in doc.,Wed May 23 12:28:07 2018 -0700
3ecdfb6,Jesse Wilson,Zac Sweers,Fix generic typealiases (#551),Thu May 17 22:06:43 2018 -0400
7470536,GitHub,Jesse Wilson,Merge pull request #553 from LouisCAD/patch-1,Thu May 17 10:20:55 2018 -0400
dd86599,GitHub,Louis CAD,Fix codegen dependency configuration,Thu May 17 16:14:35 2018 +0200
b956b06,Jesse Wilson,Zac Sweers,Fix companion object names not being resolved (#549),Wed May 16 15:44:07 2018 -0400
d48e3aa,GitHub,Jesse Wilson,Merge pull request #548 from square/jwilson.0516.fix_parent_relative_link,Wed May 16 14:48:47 2018 -0400
03f1731,Jesse Wilson,Jesse Wilson,Fix the link to the parent pom.xml in kotlin/reflect,Wed May 16 14:43:38 2018 -0400
6142a16,GitHub,Jesse Wilson,Merge pull request #543 from square/eric.checkreturn,Tue May 15 22:03:02 2018 -0400
d31f3c2,Eric Cochran,Eric Cochran,Add more CheckReturnValues for JsonReader.,Tue May 15 18:37:29 2018 -0700
b5a50d8,Jesse Wilson,Pierre Degand,Update Proguard configuration for codegen (#542),Tue May 15 21:34:56 2018 -0400
16938ab,GitHub,Jesse Wilson,Merge pull request #541 from LouisCAD/patch-1,Tue May 15 06:15:33 2018 -0400
279b1e0,GitHub,Jesse Wilson,Merge pull request #539 from 3flex/patch-1,Tue May 15 06:14:42 2018 -0400
40817a2,GitHub,Jesse Wilson,Merge pull request #538 from hzsweers/patch-2,Tue May 15 06:13:59 2018 -0400
6187be0,GitHub,Louis CAD,Add missing val and fix indentation in README,Tue May 15 09:23:13 2018 +0200
3732096,GitHub,Matthew Haughton,README: fix typo,Tue May 15 16:52:11 2018 +1000
0c39719,GitHub,Zac Sweers,Fix adapter factory name in proguard mention,Mon May 14 20:54:30 2018 -0700
a8616ff,GitHub,Jesse Wilson,Merge pull request #537 from hzsweers/patch-1,Mon May 14 23:35:30 2018 -0400
defebcf,GitHub,Zac Sweers,Update proguard rules to differentiate between reflect or codegen,Mon May 14 20:22:23 2018 -0700
6e411eb,Jesse Wilson,Jesse Wilson,Update ProGuard rules for Kotlin codegen,Mon May 14 23:17:20 2018 -0400
31ef245,Jesse Wilson,Jesse Wilson,[maven-release-plugin] prepare for next development iteration,Mon May 14 23:00:15 2018 -0400
bf4d1f8,Jesse Wilson,Jesse Wilson,[maven-release-plugin] prepare release moshi-parent-1.6.0,Mon May 14 23:00:02 2018 -0400
6deb12b,Jesse Wilson,Jesse Wilson,Update README for 1.6.0.,Mon May 14 22:57:59 2018 -0400
0b26628,GitHub,Jesse Wilson,Merge pull request #536 from square/jwilson.0514.cast_shade,Mon May 14 22:52:35 2018 -0400
9c55f5d,GitHub,Jesse Wilson,Merge pull request #535 from square/jwilson.0514.skipName,Mon May 14 22:52:28 2018 -0400
b857388,Jesse Wilson,Jesse Wilson,Shade unreleased KotlinPoet 0.7.0.,Mon May 14 22:40:29 2018 -0400
dd30437,Jesse Wilson,Jesse Wilson,Generated adapters should use skipName(), not nextName().,Mon May 14 22:39:33 2018 -0400
50a5ef3,Jesse Wilson,Jesse Wilson,Update changelog for 1.6,Mon May 14 21:54:34 2018 -0400
c935fe3,Jesse Wilson,Jesse Wilson,Update readme for Kotlin codegen,Mon May 14 21:46:55 2018 -0400
62e6363,GitHub,Jesse Wilson,Merge pull request #534 from square/jwilson.0514.yield,Mon May 14 21:46:26 2018 -0400
dd84b9f,Jesse Wilson,Jesse Wilson,Change the Kotlin reflection adapter to yield to the codegen adapter,Mon May 14 21:07:46 2018 -0400
3f1e4b5,GitHub,Jesse Wilson,Merge pull request #533 from square/jwilson.0514.kotlin_reflect,Mon May 14 18:03:10 2018 -0400
60cb608,Jesse Wilson,Jesse Wilson,Move Kotlin reflection into a kotlin/reflect directory,Mon May 14 17:28:28 2018 -0400
a0df085,GitHub,Jesse Wilson,Merge pull request #532 from square/jwilson.0514.move_kompiler,Mon May 14 16:36:34 2018 -0400
9f69029,Jesse Wilson,Jesse Wilson,Move the Kotlin code generator to the kotlin/ module,Mon May 14 16:29:52 2018 -0400
c5c4cac,GitHub,Jesse Wilson,Merge pull request #531 from square/jwilson.0513.track_test_cases,Mon May 14 12:10:33 2018 -0400
13952c5,Jesse Wilson,Jesse Wilson,Finish migrating tests from the reflective adapter,Sun May 13 21:52:06 2018 -0400
298aff2,Jesse Wilson,Zac Sweers,Fix nullability not being preserved and clean up from shadowed names (#529),Sun May 13 14:38:02 2018 -0400
986cc4c,Jesse Wilson,Jesse Wilson,[maven-release-plugin] prepare for next development iteration,Sun May 6 21:50:45 2018 -0400
c2f8908,Jesse Wilson,Jesse Wilson,[maven-release-plugin] prepare release moshi-parent-1.6.0-RC1,Sun May 6 21:50:39 2018 -0400
1407ca4,Jesse Wilson,Jesse Wilson,Update changelog for forthcoming release,Sun May 6 21:48:28 2018 -0400
7b1177a,GitHub,Jesse Wilson,Merge pull request #503 from square/eric.write-from-source,Sun May 6 21:11:34 2018 -0400
c39fc12,GitHub,Jesse Wilson,Merge pull request #523 from hzsweers/z/nonNullTypeVariabels,Sun May 6 21:10:38 2018 -0400
4b61032,Jesse Wilson,Zac Sweers,Full JsonQualifier support in kotlin codegen.,Sun May 6 21:09:28 2018 -0400
54aca07,Zac Sweers,Zac Sweers,Fix nullable properties of TypeVariable types,Fri May 4 13:29:50 2018 -0700
10a5dc8,GitHub,Jesse Wilson,Merge pull request #524 from square/jwilson.0504.green_green,Fri May 4 15:49:16 2018 -0400
c35e3a1,Jesse Wilson,Jesse Wilson,Fix some tests that have the wrong expected exception message,Fri May 4 15:39:55 2018 -0400
eb24a23,GitHub,Jesse Wilson,Merge pull request #511 from square/eric.non-null,Fri May 4 15:06:35 2018 -0400
98c4358,GitHub,Jesse Wilson,Merge pull request #519 from square/eric.kotlin-path,Fri May 4 14:31:39 2018 -0400
bb27051,GitHub,Jesse Wilson,Merge pull request #520 from square/eric.skipName,Fri May 4 14:14:00 2018 -0400
b848f1c,Eric Cochran,Eric Cochran,Add JsonReader.skipName.,Mon Apr 30 18:41:18 2018 -0700
dfaf340,Eric Cochran,Eric Cochran,Fix path for non-null value message.,Mon Apr 30 18:18:34 2018 -0700
a0cd8a4,Eric Cochran,Eric Cochran,Allow writing out raw JSON.,Sun Apr 29 23:49:47 2018 -0700
7018cec,GitHub,Jesse Wilson,Merge pull request #516 from hzsweers/z/metadata14,Sun Apr 29 20:45:20 2018 -0400
d195203,Zac Sweers,Zac Sweers,Update to kotlin-metadata 1.4 and use shaded compiler,Sat Apr 28 20:30:30 2018 -0700
b96397f,GitHub,Jesse Wilson,Merge pull request #500 from square/eric.coherent-nesting-problem-error-message,Sat Apr 28 21:14:45 2018 -0400
4f3f74f,GitHub,Jake Wharton,Merge pull request #515 from square/eric.versions,Fri Apr 27 10:27:41 2018 -0400
16fd551,GitHub,Jake Wharton,Merge pull request #513 from square/eric.ep,Fri Apr 27 10:27:14 2018 -0400
fa4aa36,GitHub,Jake Wharton,Merge pull request #512 from square/eric.moshi-docs,Fri Apr 27 10:27:03 2018 -0400
1589ca8,Eric Cochran,Eric Cochran,Group dependency version codes together.,Wed Apr 25 16:40:20 2018 -0700
0d8b5ef,GitHub,Eric Cochran,Update Error Prone to 2.3.1.,Wed Apr 25 16:37:46 2018 -0700
44e6fbd,Eric Cochran,Eric Cochran,Add coherent error message for unencoded map keys.,Wed Apr 25 11:36:47 2018 -0700
b125f06,GitHub,Eric Cochran,Fix up out-of-date comments.,Tue Apr 24 13:17:40 2018 -0700
51d23b5,Eric Cochran,Eric Cochran,Fix error message for assigning to non-null properties.,Tue Apr 24 13:05:22 2018 -0700
1c68437,GitHub,Jesse Wilson,Merge pull request #506 from square/jwilson.0415.type_resolver,Mon Apr 16 22:34:03 2018 -0400
48698a6,GitHub,Jesse Wilson,Merge pull request #507 from square/eric.null-assertion,Mon Apr 16 22:32:59 2018 -0400
84745b0,Eric Cochran,Eric Cochran,Disallow null Type from entering user code.,Sun Apr 15 21:04:17 2018 -0700
cc2c818,Jesse Wilson,Jesse Wilson,Begin to resolve supertype type parameters,Sun Apr 15 23:21:15 2018 -0400
b860b6d,GitHub,Eric Cochran,Make error message for dangling names consistent. (#501),Sun Apr 15 19:48:32 2018 -0700
3a23670,GitHub,Jesse Wilson,Merge pull request #505 from square/jwilson.0415.honor_kotlin_supertypes,Sun Apr 15 15:51:25 2018 -0400
9401a81,Jesse Wilson,Jesse Wilson,Support generated adapters for Kotlin superclasses,Sun Apr 15 14:37:49 2018 -0400
8d24d89,GitHub,Jesse Wilson,Model target types, parameters, constructors and properties (#504),Sun Apr 15 13:46:58 2018 -0400
78091ae,Jesse Wilson,Eric Cochran,Fix JsonUtf8Writer to be strict about names in the wrong place. (#502),Sun Apr 15 09:39:04 2018 -0400
941229b,Jesse Wilson,Zac Sweers,Add apoptions support in KotlinCompilerCall (#499),Wed Apr 11 22:30:21 2018 -0400
f9b758b,GitHub,Jesse Wilson,Merge pull request #498 from square/jwilson.0410.multiple_types_example,Tue Apr 10 22:20:52 2018 -0400
c4e4e85,Jesse Wilson,Jesse Wilson,Add an example that decodes multiple formats,Tue Apr 10 22:08:31 2018 -0400
91417d5,GitHub,Jesse Wilson,Merge pull request #496 from square/jwilson.0409.setters,Tue Apr 10 21:15:55 2018 -0400
d1df474,Jesse Wilson,Jesse Wilson,Support properties that don't have a backing field.,Mon Apr 9 00:08:15 2018 -0400
e80cf48,GitHub,Jesse Wilson,Merge pull request #490 from square/jwilson.0407.generate_nonnull,Sun Apr 8 21:05:44 2018 -0700
cb9c084,Jesse Wilson,Jesse Wilson,Use JsonAdapter.nonNull() in generated adapters.,Sun Apr 8 20:54:50 2018 -0400
0a49ae3,GitHub,Jesse Wilson,Merge pull request #491 from square/eric.jsonclass-data,Sun Apr 8 05:26:37 2018 -0700
ceef5dc,GitHub,Jesse Wilson,Merge pull request #493 from square/eric.never-type-equals,Sun Apr 8 05:26:13 2018 -0700
e43a173,GitHub,Jesse Wilson,Merge pull request #494 from square/eric.2018-04-07.with-no-annotations,Sun Apr 8 04:27:55 2018 -0700
ba1318c,Eric Cochran,Eric Cochran,Make "no adapter" error message friendlier.,Sun Apr 8 00:48:38 2018 -0700
fa1f10d,GitHub,Eric Cochran,Fix type checks with custom adapters.,Sun Apr 8 00:42:46 2018 -0700
c4a2e76,GitHub,Eric Cochran,Remove data class limitation from JsonClass doc.,Sat Apr 7 20:33:22 2018 -0700
2cc878d,GitHub,Jesse Wilson,Merge pull request #489 from jemaystermind/jemaystermind/indent-json,Sat Apr 7 05:07:03 2018 -0700
bfa14a0,GitHub,Jeremy Tecson,Indent JSON string properly,Sat Apr 7 17:59:02 2018 +0800
5ecb55a,GitHub,Jesse Wilson,Merge pull request #488 from square/eric.okio-update,Fri Apr 6 20:20:52 2018 -0700
73f8774,GitHub,Jesse Wilson,Merge pull request #487 from square/eric.adapters-readme,Fri Apr 6 20:20:32 2018 -0700
b52d63d,GitHub,Jesse Wilson,Merge pull request #486 from square/eric.integration-reflect,Fri Apr 6 20:19:55 2018 -0700
083210e,Jesse Wilson,Eric Cochran,Add generated code file comment. (#485),Fri Apr 6 20:18:43 2018 -0700
14f2dcc,GitHub,Eric Cochran,Update to Okio 1.14.0.,Fri Apr 6 17:10:33 2018 -0700
e5e4fde,GitHub,Eric Cochran,Use direct link to adapters snapshots.,Fri Apr 6 16:23:51 2018 -0700
7d4a10f,GitHub,Eric Cochran,Remove kotlin-reflect dep from integration-test.,Fri Apr 6 16:17:26 2018 -0700
dbdf487,Jesse Wilson,Eric Cochran,Simplify example code. (#483),Thu Apr 5 11:05:40 2018 -0700
7cab83a,GitHub,Jesse Wilson,Merge pull request #482 from square/jwilson.0404.nonNull,Thu Apr 5 06:42:19 2018 -0700
8dd8645,GitHub,Jesse Wilson,Merge pull request #481 from square/eric.fallback-enum-sample,Thu Apr 5 06:41:29 2018 -0700
466f77a,Jesse Wilson,Jesse Wilson,JsonAdapter.nonNull() forbids explicit nulls in the JSON body,Wed Apr 4 23:08:36 2018 -0700
fbe95fe,Eric Cochran,Eric Cochran,Add example for custom qualifier with an element.,Wed Apr 4 18:41:15 2018 -0700
ad69a4f,GitHub,Jesse Wilson,Merge pull request #477 from square/eric.util,Wed Apr 4 10:26:14 2018 -0700
a931184,Eric Cochran,Eric Cochran,Hide Types.resolve.,Tue Apr 3 23:35:32 2018 -0700
c1b9324,GitHub,Jesse Wilson,Merge pull request #475 from square/eric.resolve-generics,Wed Apr 4 01:18:31 2018 -0400
75f2d5c,GitHub,Jesse Wilson,Merge pull request #474 from hzsweers/z/newmetadata,Wed Apr 4 01:16:03 2018 -0400
42f4f95,GitHub,Jesse Wilson,Merge pull request #473 from square/jwilson.0403.qualifiers_names_transient,Wed Apr 4 00:42:47 2018 -0400
dc450e6,Eric Cochran,Eric Cochran,Resolve generic property types in KotlinJsonAdapter.,Tue Apr 3 17:37:38 2018 -0700
5f4c46f,Zac Sweers,Zac Sweers,Update to kotlin-metadata 1.3.0 and just use mavencentral,Tue Apr 3 13:23:38 2018 -0700
d555d24,Jesse Wilson,Jesse Wilson,Handle qualifiers, names, and transient in generated adapters,Tue Apr 3 11:00:40 2018 -0400
5c45d1e,Jesse Wilson,Zac Sweers,Generate `@Generated` annotation onto adapters when possible (#466),Tue Apr 3 03:27:57 2018 -0400
e0d84e1,GitHub,Jesse Wilson,Merge pull request #472 from square/jwilson.0402.beyond_data_classes,Mon Apr 2 19:38:19 2018 -0400
b3d7dfd,Jesse Wilson,Jesse Wilson,Support non-data classes for generated JsonAdapters,Mon Apr 2 00:37:17 2018 -0400
7750d17,GitHub,Jesse Wilson,Merge pull request #471 from square/jwilson.0331.kompile_testing,Sun Apr 1 05:50:59 2018 -0400
0c24bd4,Jesse Wilson,Jesse Wilson,Call the kotlin compiler from within a test case.,Sat Mar 31 00:57:50 2018 -0400
bb7a1c7,GitHub,Jesse Wilson,Merge pull request #464 from square/jwilson.0324.fold_runtime,Wed Mar 28 20:59:58 2018 -0400
982f9c9,Jesse Wilson,Jesse Wilson,Fold the kotlin-codegen-runtime into Moshi itself.,Wed Mar 28 20:26:20 2018 -0400
351bc57,Eric Cochran,Szymon Kozak,Change compile to implementation in README (#467),Tue Mar 27 17:43:46 2018 -0700
d045947,GitHub,Jesse Wilson,Split the MoshiKotlinCodeGenProcessor into multiple types. (#462),Sat Mar 24 20:53:08 2018 -0400
96e074d,Jesse Wilson,Zac Sweers,Kotlin Code Gen module (#435),Sun Mar 11 21:17:55 2018 -0400
e6c2ebe,Jesse Wilson,Eric Cochran,Disallow null annotation set in adapter lookup. (#460),Sat Mar 10 06:42:07 2018 -0500
ce87963,Jesse Wilson,Ekalips,Add single quotes to variable names (#452) (#458),Tue Feb 27 09:12:43 2018 -0500
dfc0755,GitHub,Jake Wharton,Merge pull request #451 from square/jwilson.0225.https_links,Sun Feb 25 22:20:02 2018 -0500
caedfea,Jesse Wilson,Jesse Wilson,Use HTTPS links in documentation where possible.,Sun Feb 25 22:09:56 2018 -0500
8e28dd4,Jesse Wilson,Eric Cochran,Fail earlier for some incorrect owner types. (#450),Sat Feb 24 04:46:42 2018 -0500
ed1ea5a,Jesse Wilson,Eric Cochran,JsonAdapter.fromJson(String) must fully consume. (#441),Wed Feb 21 20:15:38 2018 -0500
aede26d,Jesse Wilson,Eric Cochran,Clarify negation in condition. (#444),Sun Feb 18 06:56:29 2018 -0500
3b89cf1,Jesse Wilson,Eric Cochran,Fix ClassJsonAdapter to handle ParameterizedTypes. (#422),Sat Feb 17 22:56:05 2018 -0500
834a401,Jesse Wilson,Eric Cochran,Crash earlier for property type conflicts. (#377),Sat Feb 17 22:51:02 2018 -0500
a00860e,Jesse Wilson,Robert Stoll,mention that KotlinJsonAdapterFactory validates (#439),Sat Feb 17 22:17:42 2018 -0500
a6d31ba,GitHub,Jake Wharton,Merge pull request #440 from square/jakew/tiny-tweak/2018-02-13,Tue Feb 13 16:35:23 2018 -0500
bc7d849,Jake Wharton,Jake Wharton,Reduce visual complexity of branching.,Tue Feb 13 15:04:34 2018 -0500
b131d3b,GitHub,Jake Wharton,Merge pull request #434 from square/jwilson.0207.modulename,Wed Feb 7 09:25:18 2018 -0500
5ad9d31,Jesse Wilson,Jesse Wilson,Move modules into their own packages.,Wed Feb 7 04:41:06 2018 -0500
d26b2a1,Jesse Wilson,Eric Cochran,Fix error message for invalid toJson signature. (#431),Sat Feb 3 23:50:22 2018 -0500
5b19496,Jesse Wilson,Eric Cochran,Disallow irregular Kotlin classes. (#424),Wed Jan 10 22:07:13 2018 -0500
9deeb62,Jesse Wilson,Eric Cochran,Add permalink to ISO8601Utils.java. (#425),Wed Jan 10 21:57:00 2018 -0500
dba2f05,Jesse Wilson,Eric Cochran,Improve error message for local classes. (#423),Wed Jan 10 21:56:37 2018 -0500
5d12c22,GitHub,Jesse Wilson,ByteStrings example. (#419),Sun Jan 7 23:04:25 2018 -0500
7205690,GitHub,Jesse Wilson,Add a standard example for JSON adapter factories. (#420),Sun Jan 7 23:04:07 2018 -0500
359244e,GitHub,Jesse Wilson,Fix JsonValueReader to support up to 255 levels of nesting. (#417),Sun Jan 7 14:55:02 2018 -0500
d2ef4b5,Jesse Wilson,Eric Cochran,Clarify error for non-null Kotlin properties. (#376),Sun Jan 7 14:07:56 2018 -0500
a210d89,Jesse Wilson,Eric Cochran,Don't handle WildcardTypes in ClassJsonAdapter. (#406),Sun Jan 7 14:05:49 2018 -0500
0a6e836,GitHub,Jesse Wilson,Support up to 255 levels of nesting. (#349),Sun Jan 7 12:17:00 2018 -0500
8cde0e5,GitHub,Jake Wharton,Merge pull request #413 from Egorand/egorand/raw-string,Fri Dec 15 12:53:35 2017 -0500
07f5d70,Egor Andreevici,Egor Andreevici,Use raw string literals to improve test data readability,Fri Dec 15 14:01:45 2017 +0200
f53a77d,GitHub,Eric Cochran,Fix doc reference to Token. (#403),Fri Dec 1 12:07:26 2017 -0800
a8b1550,GitHub,Eric Cochran,Make selectString consistent across JsonReaders. (#399),Mon Nov 27 15:33:03 2017 -0800
20ffd22,GitHub,Jake Wharton,Merge pull request #398 from sullis/kotlin-1.1.60,Fri Nov 24 16:39:28 2017 -0500
b06f65d,Sean Sullivan,Sean Sullivan,kotlin 1.1.60,Fri Nov 24 16:27:37 2017 -0500
f922371,Jesse Wilson,Eric Cochran,Let JsonValueReader.nextString read numbers. (#390),Fri Nov 24 07:23:12 2017 -0500
03323ae,GitHub,Jesse Wilson,Merge pull request #392 from square/eric.primitives,Tue Nov 21 19:06:13 2017 -0500
2b7e5a3,Eric Cochran,Eric Cochran,Add error message for accidental primitive usage.,Sat Nov 11 18:37:04 2017 -0800
b7a91e0,Jake Wharton,Eric Cochran,Update to Error Prone 2.1.2. (#384),Mon Nov 6 11:49:22 2017 -0800
fd5c5ee,GitHub,Eric Cochran,Fix a typo in the changelog. (#386),Sun Nov 5 13:57:59 2017 -0800
d6742be,GitHub,Jake Wharton,Merge pull request #383 from square/eric.20171104.checkreturnvalue,Sun Nov 5 08:51:57 2017 -0800
5812c99,GitHub,Jesse Wilson,Merge pull request #385 from square/eric.20171105.transient_constructor_error,Sun Nov 5 11:16:54 2017 -0500
b583ada,Eric Cochran,Eric Cochran,Clarify error message for transient parameters.,Sun Nov 5 01:06:54 2017 -0800
e643a04,Eric Cochran,Eric Cochran,Add @CheckReturnValue to appropriate public APIs.,Sat Nov 4 21:13:07 2017 -0700
4ac0d6f,GitHub,Jesse Wilson,Merge pull request #375 from square/eric.kotlin_readme,Sun Oct 29 09:11:09 2017 -0400
88ec00b,GitHub,Eric Cochran,Document adding the KotlinJsonAdapterFactory.,Sun Oct 29 05:38:48 2017 +0000
f06b43b,GitHub,Jake Wharton,Merge pull request #374 from square/eric.cleanup_33,Sat Oct 28 10:13:54 2017 +0100
e0ad48c,Eric Cochran,Eric Cochran,Update to Kotlin 1.1.51.,Sat Oct 28 10:07:05 2017 +0100
8bf298a,GitHub,Jesse Wilson,Merge pull request #360 from square/eric.20171004.delegate-adapters,Wed Oct 4 21:53:12 2017 -0400
4376a50,GitHub,Eric Cochran,Clarify delegation with qualifiers test. (#359),Wed Oct 4 16:49:23 2017 -0700
f847d47,GitHub,Eric Cochran,Remove Types.equal. (#358),Wed Oct 4 15:54:17 2017 -0700
de336ef,Eric Cochran,Eric Cochran,Allow delegates for intermediates in adapters.,Wed Oct 4 15:53:33 2017 -0700
2243691,GitHub,Jake Wharton,Merge pull request #355 from square/eric.20170925.proguard,Mon Sep 25 15:51:55 2017 -0400
165e362,GitHub,Eric Cochran,Update ProGuard config for CheckReturnValue.,Mon Sep 25 15:03:36 2017 -0400
22c3b02,GitHub,Jake Wharton,Merge pull request #354 from square/eric.20170925.checkreturnvalue,Mon Sep 25 14:45:48 2017 -0400
2db8935,Eric Cochran,Eric Cochran,Add CheckReturnValue for toJson's string result.,Mon Sep 25 14:18:31 2017 -0400
8dfe9ed,GitHub,Jesse Wilson,Merge pull request #352 from emmaguy/emmaguy/add-recipe-type-adapter-delegate,Mon Sep 25 13:31:20 2017 -0400
f5ceb91,GitHub,Jesse Wilson,Merge pull request #353 from square/eric.20170925.unwrap-write,Mon Sep 25 13:30:32 2017 -0400
eed3295,GitHub,Eric Cochran,Fix not writing value to JsonWriter in example.,Mon Sep 25 13:02:36 2017 -0400
816f6f8,Emma Guy,Emma Guy,Add an example custom adapter which delegates,Sun Sep 24 13:40:01 2017 +0100
e8a2596,Jake Wharton,John Carlson,Add ProGuard rule for JsonQualifier (#342),Fri Aug 4 18:15:11 2017 -0400
da1ed8f,GitHub,Jake Wharton,Merge pull request #339 from oldergod/patch-1,Mon Jul 31 23:59:33 2017 -0400
5125fc2,GitHub,Benoît Quenaudon,Fix builder calls to new API,Tue Aug 1 12:58:20 2017 +0900
b4ad3b9,GitHub,Jesse Wilson,Merge pull request #336 from Jawnnypoo/patch-1,Mon Jul 31 21:56:17 2017 -0400
f12031e,GitHub,Jesse Wilson,Merge pull request #337 from Jawnnypoo/patch-2,Thu Jul 27 00:04:05 2017 -0400
76df51b,John Carlson,John Carlson,Correction to docs of Rfc3339DateJsonAdapter,Wed Jul 26 14:49:46 2017 -0500
54c026f,GitHub,John Carlson,Document `moshi-adapters` artifact,Wed Jul 26 14:35:38 2017 -0500
ab5b3a4,GitHub,John Carlson,Add moshi-kotlin documentation,Wed Jul 26 12:42:02 2017 -0500
c755894,GitHub,Jake Wharton,Merge pull request #335 from square/eric.0724.null_kotlin,Mon Jul 24 20:57:34 2017 +0100
1340ef8,GitHub,Eric Cochran,JsonAdapter.Factory.create rejects the null Type.,Mon Jul 24 11:06:22 2017 -0700
fdd38cd,GitHub,Jesse Wilson,Merge pull request #333 from square/eric.0719.nonnull_annotations,Wed Jul 19 15:07:41 2017 -0400
00694e9,Eric Cochran,Eric Cochran,Fail earlier with null annotation set.,Wed Jul 19 11:29:06 2017 -0700
76f50df,GitHub,Jesse Wilson,Merge pull request #327 from square/eric.0620.date-cause,Tue Jun 20 18:14:17 2017 -0400
b7f771a,GitHub,Eric Cochran,Add cause to malformed date string exception.,Tue Jun 20 00:15:11 2017 -0700
3c225fc,GitHub,Jesse Wilson,Merge pull request #321 from OleksandrKucherenko/patch-1,Sun Jun 18 13:40:14 2017 -0400
f89544f,GitHub,Jake Wharton,Merge pull request #324 from square/jwilson.0610.test_for_323,Sat Jun 10 21:28:35 2017 -0400
d3926a7,jwilson,jwilson,Add a test to demonstrate the 32-parameter limit,Sat Jun 10 21:07:01 2017 -0400
bcb150e,GitHub,Oleksandr,proguard config updates,Fri Jun 9 14:18:38 2017 +0200
aee3216,GitHub,Jesse Wilson,Merge pull request #316 from square/jwilson.0526.delegate_core_adapter,Sat May 27 06:09:42 2017 -0400
9e9655b,jwilson,jwilson,Change the adapter for Object.class to delegate.,Fri May 26 23:44:46 2017 -0400
cda6bb9,GitHub,Jake Wharton,Merge pull request #312 from oldergod/patch-1,Sun May 21 22:07:11 2017 -0400
c4436ce,GitHub,Benoît Quenaudon,FIX TYPO: Voila -> Voilà,Mon May 22 11:01:32 2017 +0900
798f14b,jwilson,jwilson,[maven-release-plugin] prepare for next development iteration,Sun May 14 22:20:00 2017 -0400
f42ae45,jwilson,jwilson,[maven-release-plugin] prepare release moshi-parent-1.5.0,Sun May 14 22:19:55 2017 -0400
77a1f38,GitHub,Jesse Wilson,Fix Javadoc builds with the jsr305 dependency. (#306),Sun May 14 22:18:35 2017 -0400
4050e45,jwilson,jwilson,Update changelog for 1.5,Sun May 14 22:02:51 2017 -0400
5031a31,GitHub,Jake Wharton,Merge pull request #305 from square/jwilson.0514.okio113,Sun May 14 19:00:58 2017 -0700
c8d8ee1,jwilson,jwilson,Upgrade to Okio 1.13.,Sun May 14 21:58:48 2017 -0400
7d0c952,GitHub,Jake Wharton,Merge pull request #304 from square/jwilson.0514.factory_class,Sun May 14 20:06:33 2017 -0400
7d5c4ad,jwilson,jwilson,Use a class for KotlinJsonAdapterFactory.,Sun May 14 20:01:26 2017 -0400
10c77d7,Jesse Wilson,Niklas Baudy,Fix typo in Changelog. (#302),Wed May 10 07:19:34 2017 -0400
de4c2e7,GitHub,Jake Wharton,Merge pull request #300 from square/jwilson.0507.synthetic_properties,Sun May 7 17:31:21 2017 -0400
494992d,jwilson,jwilson,Support more kinds of properties in KotlinJsonAdapter,Sun May 7 16:18:12 2017 -0400
e59dbf4,Jesse Wilson,Eric Cochran,Add @Nullable to result of Types.nextAnnotations. (#298),Sat May 6 21:07:59 2017 -0400
c65b3bf,GitHub,Jesse Wilson,Import jsr305 and use it to mark @Nullable stuff. (#297),Sat May 6 20:31:24 2017 -0400
dac5f69,GitHub,Jake Wharton,Merge pull request #296 from square/jwilson.0506.checkstyle_77,Sat May 6 12:13:00 2017 -0700
0ea1959,jwilson,jwilson,Enable Checkstyle 7.7.,Sat May 6 14:48:55 2017 -0400
13fd0b2,Jesse Wilson,Eric Cochran,Throw NPE for null indent string in factory method. (#289),Sat Apr 29 21:46:08 2017 -0400
f942e0f,Jesse Wilson,Serj Lotutovici,Make Types.equals(Type, Type) public. (#292),Sat Apr 29 21:45:06 2017 -0400
bcec358,GitHub,Jake Wharton,Merge pull request #286 from square/jwilson.0421.enums,Fri Apr 21 10:05:10 2017 -0500
cd15423,jwilson,jwilson,KotlinJsonAdapter shouldn't convert enums.,Fri Apr 21 09:54:45 2017 -0500
d95dd07,Jesse Wilson,Eric Cochran,Fix Types.equals for arrays. (#279),Thu Apr 20 17:27:47 2017 -0500
e76110b,Jesse Wilson,Christian Brüggemann,Fix Factory visibility (#282),Thu Apr 20 17:26:57 2017 -0500
448a2d3,Jesse Wilson,Eric Cochran,Treat negative zero as a number, not a long. (#285),Thu Apr 20 17:22:06 2017 -0500
b4c43ae,GitHub,Jake Wharton,Merge pull request #283 from square/jwilson.0420.more_kotlin_stuff,Thu Apr 20 11:08:21 2017 -0500
6112993,jwilson,jwilson,Handle nulls symetrically in KotlinJsonAdapter.,Thu Apr 20 08:38:18 2017 -0500
81bbe87,GitHub,Jesse Wilson,KotlinJsonAdapter (#281),Tue Apr 18 23:51:37 2017 -0400
8c18caf,GitHub,Jesse Wilson,Add a test to confirm types are canonicalized. (#278),Sun Apr 16 12:15:53 2017 -0400
11dbc3c,Jesse Wilson,Eric Cochran,Fix @ToJson IAE message. (#275),Tue Mar 28 05:57:53 2017 -0400
718f832,Jesse Wilson,Eric Cochran,Allow easy delegates in adapter methods. (#272),Mon Mar 27 21:48:19 2017 -0400
1b634bb,Jesse Wilson,Eric Cochran,Update adapter methods ISE message. (#273),Mon Mar 27 19:25:31 2017 -0400
05b0a46,Jesse Wilson,Jake Wharton,Add error-prone compiler. (#259),Tue Feb 14 22:28:24 2017 -0500
b6ebe53,GitHub,Jesse Wilson,Merge pull request #257 from square/eric/readme-1.4.0,Sun Feb 5 17:49:23 2017 -0500
1e37d8d,GitHub,Eric Cochran,Fix README version number,Sun Feb 5 14:38:05 2017 -0800
af09de1,GitHub,Jesse Wilson,Merge pull request #254 from square/eric/readme,Sat Feb 4 19:40:01 2017 -0500
0a70c5c,GitHub,Eric Cochran,Remove package API from README,Sat Feb 4 15:39:35 2017 -0800
49092ec,jwilson,jwilson,[maven-release-plugin] prepare for next development iteration,Sat Feb 4 15:20:11 2017 -0500
d075a3e,jwilson,jwilson,[maven-release-plugin] prepare release moshi-parent-1.4.0,Sat Feb 4 15:20:05 2017 -0500
c8c7bb8,jwilson,jwilson,Update changelog for 1.4.0.,Sat Feb 4 15:17:34 2017 -0500
921d949,GitHub,Jesse Wilson,Merge pull request #252 from square/jwilson.0204.use_fromJsonObject,Sat Feb 4 15:13:04 2017 -0500
559e3a2,jwilson,jwilson,Use readJsonValue() in DefaultOnDataMismatchAdapter.,Sat Feb 4 14:22:24 2017 -0500
aebd860,GitHub,Jesse Wilson,Merge pull request #250 from NightlyNexus/eric/readJsonValue,Sat Feb 4 14:14:57 2017 -0500
d03ec8e,jwilson,jwilson,Merge branch 'eyedol-update-readme-with-jsonarray-example',Sat Feb 4 14:13:12 2017 -0500
a92509b,jwilson,Henry Addo,Update doc with how to parse JSON Arrays,Sat Feb 4 14:13:05 2017 -0500
332adca,Eric Cochran,Eric Cochran,Add JsonReader.readJsonValue,Fri Feb 3 20:29:59 2017 -0800
7013651,GitHub,Jake Wharton,Merge pull request #249 from square/jwilson.0203.dont_mispel,Fri Feb 3 13:06:56 2017 -0500
4d6a4c7,GitHub,Jesse Wilson,Merge pull request #248 from square/jwilson.0202.recover_from_failure_example,Fri Feb 3 13:02:54 2017 -0500
5ea65a5,jwilson,jwilson,Fix a typo in the name of JsonUtf8Writer.,Fri Feb 3 13:02:18 2017 -0500
af6ff5e,jwilson,jwilson,Example adapter that recovers from JsonDataExceptions.,Thu Feb 2 23:24:08 2017 -0500
81aed97,GitHub,Jesse Wilson,Merge pull request #247 from square/jwilson.0202.rename_teh_things,Thu Feb 2 22:06:15 2017 -0500
e9d8538,jwilson,jwilson,Rename toJsonObject() to toJsonValue(), fromJsonObject() to fromJsonValue().,Thu Feb 2 21:28:38 2017 -0500
5b5a1a6,GitHub,Jesse Wilson,Merge pull request #236 from NightlyNexus/eric/factory-samples,Thu Feb 2 09:12:06 2017 -0500
3af58f4,GitHub,Jesse Wilson,Merge pull request #245 from NightlyNexus/eric/platform-fields,Thu Feb 2 09:10:45 2017 -0500
cf08775,GitHub,Jesse Wilson,Merge pull request #246 from square/jwilson.0202.numbers_ii,Thu Feb 2 08:27:47 2017 -0500
fdaecb9,jwilson,jwilson,Use BigDecimal to encode exotic number types.,Thu Feb 2 08:27:07 2017 -0500
9420b64,Eric Cochran,Eric Cochran,Fix isPlatformType,Wed Feb 1 18:37:44 2017 -0800
832ae4b,Eric Cochran,Eric Cochran,Add Unwrap JsonAdapter.Factory sample,Tue Jan 31 18:24:42 2017 -0800
3c23da5,GitHub,Jesse Wilson,Merge pull request #242 from NightlyNexus/eric/nextAnnotations,Tue Jan 31 21:08:14 2017 -0500
ace5979,GitHub,Jesse Wilson,Merge pull request #243 from NightlyNexus/eric/duplicate-key-tests,Tue Jan 31 21:05:17 2017 -0500
9417cd8,Eric Cochran,Eric Cochran,Add tests for duplicate JSON keys,Tue Jan 31 14:44:17 2017 -0800
05b594a,Eric Cochran,Eric Cochran,Add Types.nextAnnotations,Tue Jan 31 11:18:13 2017 -0800
ac325c0,GitHub,Jesse Wilson,Merge pull request #241 from NightlyNexus/eric/types-tests,Tue Jan 31 08:05:54 2017 -0500
6a29811,Eric Cochran,Eric Cochran,Add arrayOf, subtypeOf, supertypeOf tests,Mon Jan 30 23:03:20 2017 -0800
ed164fd,GitHub,Jesse Wilson,Merge pull request #235 from NightlyNexus/master,Mon Jan 30 20:56:34 2017 -0500
14a430c,GitHub,Jesse Wilson,Merge pull request #237 from NightlyNexus/patch-1,Mon Jan 30 20:55:00 2017 -0500
d27eaa1,Eric Cochran,Eric Cochran,Add adapter(Type, Class<? extends Annotation>),Mon Jan 30 11:19:40 2017 -0800
7b39133,GitHub,Jake Wharton,Merge pull request #240 from square/jwilson.0129.promote_value_to_name,Sun Jan 29 23:01:46 2017 -0500
75b549f,jwilson,jwilson,Implement promoteValueToName() for ObjectJsonWriter.,Sun Jan 29 22:47:59 2017 -0500
b436789,GitHub,Jake Wharton,Merge pull request #238 from square/jwilson.0129.serializeNulls,Sun Jan 29 22:25:39 2017 -0500
b338d1e,jwilson,jwilson,New JsonAdapter.serializeNulls() method.,Sun Jan 29 22:18:12 2017 -0500
99c1cd0,Eric Cochran,Eric Cochran,Improve error message for qualified platform types,Sat Jan 28 16:47:22 2017 -0800
9947968,GitHub,Jesse Wilson,Merge pull request #233 from square/jwilson.0124.promote_stacks,Wed Jan 25 22:26:30 2017 -0500
4b7ced7,jwilson,jwilson,Promote stack management to the JsonReader/JsonWriter supertypes.,Wed Jan 25 22:25:19 2017 -0500
a290836,GitHub,Jake Wharton,Merge pull request #234 from square/jwilson.0124.toJsonObject,Tue Jan 24 22:35:09 2017 -0500
e54b023,jwilson,jwilson,New APIs: JsonAdapter.toJsonObject, fromJsonObject.,Tue Jan 24 22:11:31 2017 -0500
a90b6c7,GitHub,Jake Wharton,Merge pull request #232 from square/jwilson.0123.object_json_writer,Tue Jan 24 12:04:41 2017 -0500
5ca491f,jwilson,jwilson,Implement ObjectJsonWriter.,Mon Jan 23 20:46:35 2017 -0500
3f06c0c,GitHub,Jake Wharton,Merge pull request #228 from square/jwilson.0122.json_writer_tests,Mon Jan 23 17:32:44 2017 -0500
9cb5cb8,GitHub,Jesse Wilson,Merge pull request #231 from serj-lotutovici/sl/small_or_nit,Sun Jan 22 18:52:54 2017 -0500
ed6c3a6,Serj Lotutovici,Serj Lotutovici,ObjectJsonReader.typeMismatch should return not throw.,Mon Jan 23 00:12:11 2017 +0100
050b9af,GitHub,Jesse Wilson,Merge pull request #230 from serj-lotutovici/sl/no_loop_if_buf,Sun Jan 22 18:00:21 2017 -0500
5a12b31,GitHub,Jesse Wilson,Merge pull request #229 from serj-lotutovici/sl/use_select_only,Sun Jan 22 17:58:06 2017 -0500
ddf2489,Serj Lotutovici,Serj Lotutovici,Avoid calling source.select() if the value is buffered.,Sun Jan 22 23:35:02 2017 +0100
5904b9c,Serj Lotutovici,Serj Lotutovici,Class and Enum adapters now rely only on Options.,Sun Jan 22 23:08:52 2017 +0100
db30df1,GitHub,Jesse Wilson,Merge pull request #217 from serj-lotutovici/sl/make_options_public,Sun Jan 22 16:30:13 2017 -0500
89f4527,Serj Lotutovici,Serj Lotutovici,Make JsonReader.selectName and JsonReader.selectString public.,Sun Jan 22 22:06:45 2017 +0100
94ff4b7,jwilson,jwilson,Prepare tests for a 2nd implementation of JsonWriter.,Sun Jan 22 15:07:45 2017 -0500
459755b,GitHub,Jesse Wilson,Merge pull request #227 from serj-lotutovici/sl/know_your_factory,Sun Jan 22 06:26:04 2017 -0800
c690496,Serj Lotutovici,Serj Lotutovici,Make JsonReaderFactory implement toString().,Sun Jan 22 09:36:24 2017 +0100
8d80e1b,GitHub,Jake Wharton,Merge pull request #226 from square/jwilson.0121.more_object_reader,Sat Jan 21 23:50:00 2017 -0500
aa9125b,jwilson,jwilson,Fix some bugs and increase tests for ObjectJsonReader.,Sat Jan 21 23:06:16 2017 -0500
bc73b07,GitHub,Jesse Wilson,Merge pull request #222 from square/jwilson.0117.object_json_reader,Sat Jan 21 05:12:16 2017 -0800
1be3e84,jwilson,jwilson,First step of a JsonReader that reads a DOM.,Sat Jan 21 05:12:03 2017 -0800
8217219,GitHub,Jesse Wilson,Merge pull request #225 from NightlyNexus/eric/add-null,Tue Jan 17 18:23:03 2017 -0800
fb3e9e8,Eric Cochran,Eric Cochran,Fix null,Tue Jan 17 18:13:44 2017 -0800
a16323d,Eric Cochran,Eric Cochran,Disallow Moshi.Builder.add(null),Tue Jan 17 17:51:04 2017 -0800
c0a05b5,jwilson,jwilson,Merge branch 'serj-lotutovici-sl/fix_long_parsing',Mon Jan 16 13:47:40 2017 -0500
38a06b0,jwilson,Serj Lotutovici,Fix Long parsing for big values.,Mon Jan 16 13:47:29 2017 -0500
f667733,GitHub,Jesse Wilson,Merge pull request #219 from serj-lotutovici/sl/to_string,Mon Jan 16 13:26:46 2017 -0500
3fb549e,jwilson,jwilson,Merge branch 'jmfayard-prettyprint',Mon Jan 16 13:26:05 2017 -0500
176e9d0,jwilson,jmfayard,Moshi.Builder#setPrettyPrinting + failing test,Mon Jan 16 13:25:57 2017 -0500
0ccc746,Serj Lotutovici,Serj Lotutovici,Make ArrayJsonAdapter implement toString().,Wed Dec 28 20:03:12 2016 +0100
b024b6a,GitHub,Jake Wharton,Merge pull request #212 from square/jwilson.1023.nulls_in_readers,Sun Oct 23 11:17:36 2016 -0400
4c973d1,jwilson,jwilson,Adapter methods get nulls if they accept JsonReader/JsonWriter.,Sun Oct 23 10:57:19 2016 -0400
e1809aa,jwilson,jwilson,[maven-release-plugin] prepare for next development iteration,Fri Oct 21 09:35:13 2016 -0400
6d62366,jwilson,jwilson,[maven-release-plugin] prepare release moshi-parent-1.3.1,Fri Oct 21 09:35:10 2016 -0400
af3e435,jwilson,jwilson,Update changelog for 1.3.1.,Fri Oct 21 09:34:32 2016 -0400
5467dae,GitHub,Jake Wharton,Merge pull request #211 from square/jwilson.1020.escape_slash,Thu Oct 20 22:34:00 2016 -0400
b0e11eb,jwilson,jwilson,Don't reject escaped forward slashes.,Thu Oct 20 21:34:22 2016 -0400
22e6991,GitHub,Jesse Wilson,Merge pull request #204 from serj-lotutovici/sl/changelog_nits,Mon Oct 17 09:35:32 2016 -0400
c35756c,Serj Lotutovici,Serj Lotutovici,Fix small changelog nit.,Mon Oct 17 15:26:57 2016 +0200
4ff50c4,jwilson,jwilson,[maven-release-plugin] prepare for next development iteration,Sat Oct 15 14:18:34 2016 -0400
71ded8d,jwilson,jwilson,[maven-release-plugin] prepare release moshi-parent-1.3.0,Sat Oct 15 14:18:31 2016 -0400
cc8eab1,jwilson,jwilson,Update changelog for Moshi 1.3.0.,Sat Oct 15 14:16:55 2016 -0400
e54fa3c,GitHub,Jesse Wilson,Merge pull request #202 from square/jwilson.1015.deep,Sat Oct 15 13:57:33 2016 -0400
d8743ee,jwilson,jwilson,Limit to 31 levels of nested structure.,Sat Oct 15 13:54:48 2016 -0400
e506abb,GitHub,Jake Wharton,Merge pull request #201 from square/jwilson.1015.fix_enclosed_types,Sat Oct 15 12:29:41 2016 -0400
2b5301f,jwilson,jwilson,Fix enclosed types with adapter methods.,Sat Oct 15 10:03:01 2016 -0400
fce8fc6,GitHub,Jake Wharton,Merge pull request #200 from square/jwilson.1014.more_jsonadapter_tests,Fri Oct 14 10:40:00 2016 -0400
d6b9826,jwilson,jwilson,Test more cases of injecting JsonAdapters.,Fri Oct 14 08:30:25 2016 -0400
c563702,GitHub,Jesse Wilson,Merge pull request #197 from square/jwilson.1013.json_adapter_parameters,Fri Oct 14 08:11:16 2016 -0400
afbaa6a,jwilson,jwilson,Permit JsonAdapters to be injected in toJson(), fromJson() methods.,Fri Oct 14 08:05:32 2016 -0400
059e8ef,GitHub,Jake Wharton,Merge pull request #198 from square/jwilson.1013.standard_prefixes,Thu Oct 13 22:16:39 2016 -0400
257d2a0,GitHub,Jake Wharton,Merge pull request #199 from square/jwilson.1013.drop_private_url,Thu Oct 13 22:15:44 2016 -0400
6df7fa4,jwilson,jwilson,Don't link to Google's internal bugtracker.,Thu Oct 13 22:09:19 2016 -0400
10703aa,jwilson,jwilson,Omit Kotlin and Scala platform types from the class adapter.,Thu Oct 13 22:06:45 2016 -0400
4847160,GitHub,Jesse Wilson,Merge pull request #196 from square/jw/okio,Wed Oct 12 08:25:07 2016 -0400
e01c89c,Jake Wharton,Jake Wharton,Okio 1.11.0.,Wed Oct 12 01:09:54 2016 -0400
56ae275,GitHub,Jesse Wilson,Merge pull request #178 from square/jw/encoding-exception,Fri Jul 8 22:31:36 2016 -0400
47972ba,Jake Wharton,Jake Wharton,Differentiate encoding problems with a specific exception.,Fri Jul 8 21:19:55 2016 -0400
bdacdad,GitHub,Jesse Wilson,Merge pull request #177 from square/jw/latest-okio,Fri Jul 8 18:57:15 2016 -0400
42caa16,Jake Wharton,Jake Wharton,Point at the latest Okio.,Fri Jul 8 18:01:08 2016 -0400
6d54252,Jesse Wilson,Jesse Wilson,Merge pull request #168 from square/jw/cause,Mon Jun 6 09:08:47 2016 -0700
d5c646f,Jake Wharton,Jake Wharton,Propagate adapter method exception cause.,Mon Jun 6 01:48:03 2016 -0400
a9d73f2,Jake Wharton,Jake Wharton,Merge pull request #166 from square/jwilson.0602.invalid_escapes,Thu Jun 2 10:12:59 2016 -0400
1454972,jwilson,jwilson,Fail on invalid escapes.,Thu Jun 2 09:31:32 2016 -0400
b81d202,Jesse Wilson,Jesse Wilson,Merge pull request #164 from satoshun/master,Sat May 28 22:56:07 2016 -0400
0670778,SatoShun,SatoShun,Add Override annotation,Sun May 29 02:16:41 2016 +0000
23e6d36,jwilson,jwilson,[maven-release-plugin] prepare for next development iteration,Sat May 28 14:27:08 2016 -0400
5f0e509,jwilson,jwilson,[maven-release-plugin] prepare release moshi-parent-1.2.0,Sat May 28 14:27:04 2016 -0400
1537e03,jwilson,jwilson,Update changelog for Moshi 1.2.0.,Sat May 28 14:25:36 2016 -0400
c4896fd,Jake Wharton,Jake Wharton,Merge pull request #160 from square/jwilson.0502_okio180,Mon May 2 01:34:48 2016 -0400
3477c4d,jwilson,jwilson,Upgrade to Okio 1.8.0.,Mon May 2 00:48:36 2016 -0400
c5a8a30,Jake Wharton,Jake Wharton,Merge pull request #158 from square/jw/boxed-boolean,Fri Apr 29 17:19:58 2016 -0400
360006b,Jake Wharton,Jake Wharton,Add writer value overload for boxed booleans.,Fri Apr 29 17:16:52 2016 -0400
23fb01a,Jake Wharton,Jake Wharton,Merge pull request #157 from square/jwilson_0424_more_aggressive_canonicalize,Sun Apr 24 13:15:37 2016 -0400
13ec26a,jwilson,jwilson,Be more aggressive about canonicalizing types.,Sun Apr 24 10:05:03 2016 -0400
d203cf7,jwilson,jwilson,Merge branch 'kotucz-android_parametrized_type_workaround',Sun Apr 24 09:23:10 2016 -0400
739efea,jwilson,Tomas Kotula,Workaround for Android ParameterizedType implementation bug,Sun Apr 24 09:22:50 2016 -0400
c5d4065,Jake Wharton,Jake Wharton,Merge pull request #156 from square/jwilson_0423_track_options_api,Sat Apr 23 23:34:41 2016 -0400
d7bd016,Jesse Wilson,Jesse Wilson,Merge pull request #149 from xizzhu/support-gingerbread,Sat Apr 23 23:24:00 2016 -0400
20a64df,jwilson,jwilson,Track Okio snapshot API change to Options.,Sat Apr 23 23:20:39 2016 -0400
53ff73f,Jesse Wilson,Jesse Wilson,Merge pull request #153 from square/jwilson_0417_reader_selection,Sat Apr 23 23:16:00 2016 -0400
4925755,jwilson,jwilson,Optimize reading one of several expected values with Selection,Sun Apr 17 20:15:07 2016 -1000
5ec289f,Xizhi Zhu,Xizhi Zhu,Added support for pre-Gingerbread.,Fri Apr 8 14:29:13 2016 +0300
40e323c,Jake Wharton,Jake Wharton,Merge pull request #147 from square/jwilson_0406_small_optimizations,Wed Apr 6 00:54:57 2016 -0400
69f4a96,jwilson,jwilson,Small optimizations to JSON parsing.,Wed Apr 6 00:39:04 2016 -0400
8943bc5,Jake Wharton,Jake Wharton,Merge pull request #144 from ersin-ertan/master,Thu Mar 24 18:56:25 2016 -0400
0c14ad0,Ersin Ertan,Ersin Ertan,Add java to java-less ''',Thu Mar 24 18:51:01 2016 -0400
633a95b,jwilson,jwilson,Notes on transient and no-arguments constructors.,Tue Mar 22 21:52:02 2016 -0400
827f89a,Jake Wharton,Jake Wharton,Merge pull request #139 from square/jwilson_0313_promote_unquoted_keys,Sun Mar 13 16:01:38 2016 -0400
41730ed,jwilson,jwilson,Confirm Moshi can handle unquoted numeric keys.,Sun Mar 13 15:53:23 2016 -0400
6d5b1e1,Jake Wharton,Jake Wharton,Merge pull request #138 from johnjohndoe/patch-1,Mon Mar 7 11:58:01 2016 -0500
c4cc076,Tobias Preuss,Tobias Preuss,Enable syntax highlighting for code snippets.,Mon Mar 7 17:57:26 2016 +0100
33e1fb1,Jesse Wilson,Jesse Wilson,Merge pull request #127 from square/jw/redundant,Thu Jan 21 16:46:43 2016 -0500
bafe69b,Jesse Wilson,Jesse Wilson,Merge pull request #126 from square/jw/override,Thu Jan 21 16:46:26 2016 -0500
82e70e9,Jake Wharton,Jake Wharton,Remove redundant loop variable.,Thu Jan 21 11:16:09 2016 -0500
dc154c7,Jake Wharton,Jake Wharton,Missing @Override annotations.,Thu Jan 21 11:15:34 2016 -0500
b8e6dc4,Jesse Wilson,Jesse Wilson,Merge pull request #125 from square/jw/iface-and-impl,Thu Jan 21 10:17:08 2016 -0500
1071cec,Jake Wharton,Jake Wharton,Break apart Okio-based JSON reader and writer.,Wed Jan 20 23:43:05 2016 -0500
ad3506f,jwilson,jwilson,[maven-release-plugin] prepare for next development iteration,Mon Jan 18 17:17:10 2016 -0500
30a4c3c,jwilson,jwilson,[maven-release-plugin] prepare release moshi-parent-1.1.0,Mon Jan 18 17:17:08 2016 -0500
dd50517,jwilson,jwilson,Update changelog for 1.1.0.,Mon Jan 18 17:16:20 2016 -0500
d29036f,Jake Wharton,Jake Wharton,Merge pull request #123 from square/jwilson_0118_strings_table,Mon Jan 18 17:14:02 2016 -0500
324a59e,jwilson,jwilson,Use an array indexed by ordinal to go from enum to name.,Mon Jan 18 16:57:07 2016 -0500
8a5c0f3,Jesse Wilson,Jesse Wilson,Merge pull request #119 from serj-lotutovici/sl/json_for_enums,Mon Jan 18 16:52:02 2016 -0500
9a66b0b,Jesse Wilson,Jesse Wilson,Merge pull request #121 from square/jw/rfc7159,Mon Jan 18 10:47:36 2016 -0500
97d2bf5,Jake Wharton,Jake Wharton,Update reader and writer to RFC 7159.,Mon Jan 18 00:54:54 2016 -0500
ebe8af7,Jake Wharton,Jake Wharton,Merge pull request #120 from square/jwilson_0111_more_docos,Mon Jan 11 00:30:31 2016 -0800
d8820b0,jwilson,jwilson,Document @Json and @JsonQualifier in the README.,Mon Jan 11 00:24:00 2016 -0800
d1b1def,Serj Lotutovici,Serj Lotutovici,Enable Json annotation for enum values.,Fri Jan 8 00:16:59 2016 +0100
f2e5949,Jesse Wilson,Jesse Wilson,Merge pull request #116 from square/jw/nuke-synthetic-methods,Tue Dec 22 08:01:17 2015 -0500
6b945e5,Jake Wharton,Jake Wharton,Remove creation of synthetic accessor methods.,Tue Dec 22 02:45:31 2015 -0500
7d0e2f5,jwilson,jwilson,Merge branch 'phelipealves-master',Wed Nov 4 19:56:13 2015 -0500
86c9c6c,jwilson,Phelipe Alves de Souza,Increasing the code coverage of AdapterMethodsFactory,Wed Nov 4 19:55:35 2015 -0500
84d8402,Jesse Wilson,Jesse Wilson,Merge pull request #107 from f2prateek/patch-1,Sun Nov 1 17:25:47 2015 -0500
28d758d,Prateek Srivastava,Prateek Srivastava,Presize Lists,Sun Nov 1 11:10:05 2015 -0800
8cff5b0,Jesse Wilson,Jesse Wilson,Update README.md,Mon Oct 26 11:01:29 2015 -0400
d4e2a86,Jesse Wilson,Jesse Wilson,Reference the latest Javadoc.,Sun Oct 25 08:38:26 2015 -0400
dfda894,Jesse Wilson,Jesse Wilson,Merge pull request #102 from serj-lotutovici/sl/add_factories_from_moshi,Wed Oct 21 09:42:30 2015 -0400
ee01275,Serj Lotutovici,Serj Lotutovici,Create new builder from Moshi instance,Wed Oct 21 12:01:43 2015 +0200
e6a1e59,jwilson,jwilson,Merge branch 'readme',Thu Oct 8 22:55:31 2015 -0400
68f2fb1,jwilson,David Mihola,Add example for custom JsonAdapter.,Thu Oct 8 22:54:47 2015 -0400
6ed45f0,Jake Wharton,Jake Wharton,Merge pull request #95 from edwardaa/master,Sat Oct 3 03:29:12 2015 -0400
04be7b8,edwardaa,edwardaa,Doc fix for JsonWriter.serializeNulls,Sat Oct 3 15:20:59 2015 +0800
e8a1eeb,Jesse Wilson,Jesse Wilson,Merge pull request #92 from DavidMihola/master,Tue Sep 29 17:15:30 2015 -0400
7970c36,David Mihola,David Mihola,Make two methods on Types public.,Tue Sep 29 10:44:41 2015 +0200
01954b6,jwilson,jwilson,Bump the version in README.,Sun Sep 27 17:28:37 2015 -0400
e6a7704,jwilson,jwilson,[maven-release-plugin] prepare for next development iteration,Sun Sep 27 13:25:21 2015 -0400
e93e657,jwilson,jwilson,[maven-release-plugin] prepare release moshi-parent-1.0.0,Sun Sep 27 13:25:18 2015 -0400
5a4a58a,jwilson,jwilson,Changelog for Moshi 1.0.0.,Sun Sep 27 13:23:59 2015 -0400
72eef0e,Jake Wharton,Jake Wharton,Merge pull request #91 from square/jwilson_0927_date_example,Sun Sep 27 12:46:55 2015 -0400
1f0e7f6,jwilson,jwilson,Date adapter example.,Sun Sep 27 12:40:57 2015 -0400
b6f48a9,Jake Wharton,Jake Wharton,Merge pull request #90 from square/jwilson_0927_open_the_door,Sun Sep 27 12:20:52 2015 -0400
e181db0,jwilson,jwilson,JsonReader.of() and JsonWriter.of() instead of constructors.,Sun Sep 27 12:09:32 2015 -0400
711b96f,Jake Wharton,Jake Wharton,Merge pull request #88 from square/jwilson_0927_linkplain,Sun Sep 27 11:31:10 2015 -0400
f7b0918,jwilson,jwilson,Audit @link for should-be @linkplain uses.,Sun Sep 27 11:27:55 2015 -0400
e431d7e,Jesse Wilson,Jesse Wilson,Merge pull request #87 from square/jwilson_0926_adapters,Sat Sep 26 18:59:34 2015 -0400
1c6beba,jwilson,jwilson,RFC3339 adapter.,Sat Sep 26 18:51:50 2015 -0400
44b5d78,Jesse Wilson,Jesse Wilson,Merge pull request #86 from square/jwilson_0926_ergonomics,Sat Sep 26 18:44:32 2015 -0400
9d9f12f,jwilson,jwilson,Adapter caching, plus other ergonomic features.,Sat Sep 26 15:18:48 2015 -0400
f8d8534,Jesse Wilson,Jesse Wilson,Merge pull request #82 from serj-lotutovici/master,Tue Sep 22 08:28:50 2015 -0400
f3bcf30,Serj Lotutovici,Serj Lotutovici,Add read json array recipe,Tue Sep 22 11:08:29 2015 +0200
471ad9f,Jesse Wilson,Jesse Wilson,Merge pull request #80 from serj-lotutovici/sl/dont_fail_on_null_values,Thu Sep 17 07:06:02 2015 -0400
8095321,Serj Lotutovici,Serj Lotutovici,ObjectJsonAdapter should not fail on null values.,Thu Sep 17 09:46:00 2015 +0200
2a05fe4,Jake Wharton,Jake Wharton,Merge pull request #74 from square/jwilson_0820_make_types_public,Thu Aug 20 23:12:15 2015 -0500
a167913,jwilson,jwilson,Make four methods on Types public.,Fri Aug 21 00:02:07 2015 -0400
826cb17,Jesse Wilson,Jesse Wilson,Merge pull request #72 from rharter/method_annotation,Mon Aug 17 11:41:44 2015 -0400
8d575b3,Ryan Harter,Ryan Harter,Adds method scope to Json annotation for use with AutoValue.,Mon Aug 17 10:30:27 2015 -0500
bc9b4f6,Jake Wharton,Jake Wharton,Merge pull request #71 from square/jw/platform-message,Sat Aug 8 20:32:59 2015 -0400
4b76bb9,Jake Wharton,Jake Wharton,Throw a better message attempting to adapt a platform type.,Sat Aug 8 20:29:27 2015 -0400
3c1ea9a,Jesse Wilson,Jesse Wilson,Merge pull request #66 from square/jwilson__0802_forbid_skip,Sun Aug 2 23:28:39 2015 -0400
97fc146,jwilson,jwilson,New APIs to reject unknown values.,Sun Aug 2 23:27:16 2015 -0400
13b8a1c,Jesse Wilson,Jesse Wilson,Merge pull request #68 from square/jwilson_0802_atjson,Sun Aug 2 23:15:39 2015 -0400
7890eff,jwilson,jwilson,New @Json annotation to customize a field's name.,Sun Aug 2 23:14:04 2015 -0400
e515b92,Jesse Wilson,Jesse Wilson,Merge pull request #62 from square/jwilson_0621_fail_messages,Sun Jun 21 15:33:57 2015 -0400
d87bf52,jwilson,jwilson,Nicer failure messages on partial adapters.,Sun Jun 21 15:32:27 2015 -0400
4b7532b,Jesse Wilson,Jesse Wilson,Merge pull request #61 from dave-r12/jsonreader-writer-javadoc-update,Sat Jun 20 10:35:23 2015 -0400
0ce7310,Dave Roberge,Dave Roberge,Update JsonReader & JsonWriter javadoc to use BufferedSource & BufferedSink,Sat Jun 20 09:46:24 2015 -0400
41ec611,Jesse Wilson,Jesse Wilson,Merge pull request #57 from square/jw/no-io,Wed Jun 17 10:11:38 2015 -0400
a25508a,Jake Wharton,Jake Wharton,There is no I/O writing to a Buffer.,Wed Jun 17 00:16:03 2015 -0400
f00fd5f,Jake Wharton,Jake Wharton,Add missing JSON highlighting to example.,Tue Jun 16 14:49:49 2015 -0400
2d20d77,jwilson,jwilson,Update release links.,Tue Jun 16 12:58:45 2015 -0400
c6f030b,jwilson,jwilson,Updated changelog for 0.9.0.,Tue Jun 16 07:55:46 2015 -0400
c9b2dbe,jwilson,jwilson,[maven-release-plugin] prepare for next development iteration,Tue Jun 16 07:45:59 2015 -0400
46a8a88,jwilson,jwilson,[maven-release-plugin] prepare release moshi-parent-0.9.0,Tue Jun 16 07:45:57 2015 -0400
a1d2c3b,Jesse Wilson,Jesse Wilson,Merge pull request #54 from square/jwilson_0615_docs,Tue Jun 16 07:36:07 2015 -0400
d01c578,jwilson,jwilson,Initial round of Moshi docs.,Tue Jun 16 07:35:41 2015 -0400
4f660d4,Jake Wharton,Jake Wharton,Merge pull request #53 from square/jwilson_0614_name_to_value,Mon Jun 15 00:17:23 2015 -0400
a352073,jwilson,jwilson,New magic API to use type adapters for map keys.,Sun Jun 14 23:58:16 2015 -0400
a69c327,Jake Wharton,Jake Wharton,Merge pull request #52 from square/jwilson_0613_object_adapter,Sun Jun 14 17:51:49 2015 -0400
bb31ba1,jwilson,jwilson,Runtime type adapter.,Sat Jun 13 13:06:09 2015 -0400
707f332,Jake Wharton,Jake Wharton,Merge pull request #51 from square/jwilson_0609_jsonwriter_getpath,Tue Jun 9 23:22:48 2015 -0400
39dc305,jwilson,jwilson,JsonWriter.getPath().,Tue Jun 9 23:00:40 2015 -0400
b714a67,Jake Wharton,Jake Wharton,Merge pull request #50 from square/jwilson_0607_json_data_exception,Sun Jun 7 22:33:08 2015 -0400
dce373c,jwilson,jwilson,Throw JsonDataException consistently.,Sun Jun 7 11:12:39 2015 -0400
cf56907,Jesse Wilson,Jesse Wilson,Merge pull request #49 from square/jwilson_0601_assertions,Tue Jun 2 09:59:41 2015 -0400
f829ac6,jwilson,jwilson,Use AssertJ instead of JUnit assertions.,Tue Jun 2 09:50:43 2015 -0400
3117758,Jake Wharton,Jake Wharton,Merge pull request #48 from square/jwilson_0601_nullable,Mon Jun 1 01:06:18 2015 -0400
236e8bd,jwilson,jwilson,Support @Nullable in Adapter Methods.,Mon Jun 1 00:32:14 2015 -0400
2be42cf,Jesse Wilson,Jesse Wilson,Merge pull request #47 from square/jwilson_0531_json_qualifiers,Sun May 31 13:08:31 2015 -0400
d6d9f9e,jwilson,jwilson,New @JsonQualifier annotation.,Sun May 31 13:07:21 2015 -0400
629181f,Jesse Wilson,Jesse Wilson,Merge pull request #42 from square/jwilson_0525_adaptermethods,Mon May 25 14:46:50 2015 -0700
71f0889,jwilson,jwilson,Adapter methods.,Mon May 25 14:40:40 2015 -0700
171e384,Jake Wharton,Jake Wharton,Merge pull request #46 from square/jwilson_0525_enum_ii,Mon May 25 08:09:24 2015 -0700
c8fd0e4,jwilson,jwilson,Reject unrecognized enum constants with an exception.,Mon May 25 07:35:08 2015 -0700
8003b66,Jesse Wilson,Jesse Wilson,Merge pull request #32 from dandc87/ak_enum_support,Mon May 25 07:25:09 2015 -0700
d14791d,Jake Wharton,Jake Wharton,Merge pull request #43 from square/jwilson_0525_okio_substring,Mon May 25 07:02:20 2015 -0700
912c07d,jwilson,jwilson,Save an allocation by using Okio instead of substring.,Mon May 25 06:45:00 2015 -0700
455fa47,Jesse Wilson,Jesse Wilson,Update README.md,Fri Apr 17 09:50:14 2015 -0400
a0b1771,Adam Koski,Adam Koski,Squashed commit of the following:,Sun Apr 12 19:27:38 2015 -0700
eece10d,Jesse Wilson,Jesse Wilson,Merge pull request #35 from square/jw/expose-sink,Sun Apr 12 15:36:32 2015 -0400
20ad5a5,Marcelo Cortes,Marcelo Cortes,Merge pull request #39 from square/jw/final,Sun Apr 12 14:48:51 2015 -0400
a085548,Jake Wharton,Jake Wharton,Use BufferedSink for reading. Sink writing convenience method.,Sun Apr 12 14:41:04 2015 -0400
9fedfc8,Jake Wharton,Jake Wharton,Switch types to be final.,Sun Apr 12 14:29:18 2015 -0400
41b3b0a,Jesse Wilson,Jesse Wilson,Merge pull request #36 from square/jw/token,Sun Apr 12 06:07:07 2015 -0400
9963e3b,Jesse Wilson,Jesse Wilson,Merge pull request #34 from square/jw/javadoc,Sun Apr 12 06:02:16 2015 -0400
47cd73d,Jake Wharton,Jake Wharton,Make token a nested type of the reader.,Sun Apr 12 00:57:14 2015 -0400
5e757e6,Jake Wharton,Jake Wharton,Correct Javadoc code usage.,Sun Apr 12 00:25:07 2015 -0400
74871ab,Jesse Wilson,Jesse Wilson,Merge pull request #25 from square/jw/omg-secrets,Mon Mar 30 17:35:20 2015 -0400
573f221,Jake Wharton,Jake Wharton,Add credentials for CI snapshot deployments.,Mon Mar 30 17:23:28 2015 -0400
9d76bfc,Jesse Wilson,Jesse Wilson,Merge pull request #24 from square/jw/missing-link,Sun Mar 29 07:45:26 2015 -0400
6606cd6,Jake Wharton,Jake Wharton,Add missing README link to Sonatype snapshot repo.,Sun Mar 29 02:40:42 2015 -0400
b79b976,Jesse Wilson,Jesse Wilson,Merge pull request #23 from square/jw/se7en-isms,Fri Mar 27 01:30:19 2015 -0400
6816903,Jesse Wilson,Jesse Wilson,Merge pull request #22 from square/jw/things,Fri Mar 27 01:29:30 2015 -0400
8af08de,Jake Wharton,Jake Wharton,Clean up warnings for Java 7 language level.,Fri Mar 27 00:37:01 2015 -0400
1ba702f,Jake Wharton,Jake Wharton,Things to allow opening.,Fri Mar 27 00:29:22 2015 -0400
1e741c0,Jake Wharton,Jake Wharton,Merge pull request #21 from square/jwilson_0324_circles,Wed Mar 25 09:21:00 2015 -0400
144f57a,jwilson,jwilson,JsonAdapterFactories can lookup types they create.,Tue Mar 24 23:54:31 2015 -0400
50598dd,Jesse Wilson,Jesse Wilson,Merge pull request #20 from square/jwilson_0323_map_adapter,Tue Mar 24 03:05:55 2015 -0400
795f262,jwilson,jwilson,Map adapter.,Mon Mar 23 23:15:03 2015 -0400
af10c97,Jesse Wilson,Jesse Wilson,Merge pull request #19 from square/jwilson_0322_classadapter,Mon Mar 23 14:45:04 2015 -0400
08becc1,jwilson,jwilson,Big start into ClassAdapter.,Mon Mar 23 00:13:04 2015 -0400
1b9658d,Jesse Wilson,Jesse Wilson,Merge pull request #18 from square/jwilson_0103_linkedhashtreemap,Sun Jan 4 11:07:08 2015 -0500
5ff6b3d,Jesse Wilson,Jesse Wilson,Import Gson's LinkedHashTreeMap.,Sun Jan 4 11:01:39 2015 -0500
b106c86,Jesse Wilson,Jesse Wilson,Merge pull request #17 from square/jw/path-bugs,Mon Dec 22 16:10:02 2014 -0500
67b3160,Jesse Wilson,Jesse Wilson,Merge pull request #16 from square/jw/source,Mon Dec 22 16:09:38 2014 -0500
963e593,Jake Wharton,Jake Wharton,Fix bugs in getPath() with arrays of objects and arrays of arrays.,Mon Dec 22 12:34:27 2014 -0800
26f7680,Jake Wharton,Jake Wharton,Enable JsonReader with Source.,Mon Dec 22 12:29:56 2014 -0800
4bc6d43,Jesse Wilson,Jesse Wilson,Merge pull request #15 from square/jw/dep-updates,Mon Dec 22 13:54:14 2014 -0500
f6cee31,Jake Wharton,Jake Wharton,Update Okio, JUnit, and AssertJ to latest.,Mon Dec 22 10:22:01 2014 -0800
5ec3d5e,Jesse Wilson,Jesse Wilson,Merge pull request #14 from square/jw/new-redirect-link,Wed Nov 19 17:43:09 2014 -0500
baa3a80,Jake Wharton,Jake Wharton,Use new central artifact redirect link.,Wed Nov 19 14:24:33 2014 -0800
8fe0b22,Scott Blum,Scott Blum,Merge pull request #13 from square/scottb/types,Tue Aug 19 17:04:22 2014 -0400
467e7cc,Scott Blum,Scott Blum,Remove TypeLiteral, test fixes.,Tue Aug 19 17:03:44 2014 -0400
b072894,Scott Blum,Scott Blum,Merge pull request #12 from square/scottb/primitive,Fri Aug 15 16:09:52 2014 -0400
9a713f8,Scott Blum,Scott Blum,Add comments, fix nits,Thu Aug 14 01:38:44 2014 -0400
1e4f375,Scott Blum,Scott Blum,Finish primitive adapters, add tests.,Wed Aug 13 19:40:09 2014 -0400
8067671,Scott Blum,Scott Blum,Add the missing primitive converters.,Tue Aug 12 19:14:06 2014 -0400
c11ad0c,Jake Wharton,Jake Wharton,Merge pull request #11 from square/scottb/fail,Tue Aug 12 13:40:26 2014 -0700
59af035,Scott Blum,Scott Blum,Fix a few missing 'fail()' on expected exceptions,Tue Aug 12 15:31:12 2014 -0400
9eb174c,Jake Wharton,Jake Wharton,Merge pull request #10 from square/jwilson_0812_arrays,Tue Aug 12 08:22:03 2014 -0700
a067ecc,Jesse Wilson,Jesse Wilson,Implement an array adapter.,Tue Aug 12 09:40:19 2014 -0400
8a613f5,Jake Wharton,Jake Wharton,Merge pull request #9 from square/jwilson_0811_collections,Mon Aug 11 20:39:11 2014 -0700
290e4f7,Jesse Wilson,Jesse Wilson,CollectionsJsonAdapter.,Mon Aug 11 21:16:35 2014 -0400
ccac44e,Jesse Wilson,Jesse Wilson,Merge pull request #7 from square/jw/okio-writer,Mon Aug 11 15:05:25 2014 -0400
64155a4,Jake Wharton,Jake Wharton,Always buffer sink.,Mon Aug 11 10:51:51 2014 -0700
b319ecd,Jesse Wilson,Jesse Wilson,Merge pull request #6 from square/jw/okio-writer,Mon Aug 11 13:34:23 2014 -0400
ba5479c,Jake Wharton,Jake Wharton,Convert JsonWriter to use Okio Sink.,Mon Aug 11 09:23:37 2014 -0700
e7f3fce,Jake Wharton,Jake Wharton,Merge pull request #5 from square/jwilson_0811_types,Mon Aug 11 08:50:07 2014 -0700
b6e26fd,Jesse Wilson,Jesse Wilson,Import Gson's type resolver.,Mon Aug 11 09:28:10 2014 -0400
4f3afa9,Jesse Wilson,Jesse Wilson,Merge pull request #4 from square/jwilson_0810_moshi,Mon Aug 11 08:37:30 2014 -0400
93eddc9,Jesse Wilson,Jesse Wilson,Initial JsonAdapter structure.,Mon Aug 11 08:37:13 2014 -0400
46dd2a4,Jake Wharton,Jake Wharton,Merge pull request #3 from square/jwilson_0810_indexOfElement,Sat Aug 9 22:43:43 2014 -0700
ac1b102,Jesse Wilson,Jesse Wilson,Use indexOfElement in JsonReader.,Sun Aug 10 01:04:56 2014 -0400
12243bc,Jesse Wilson,Jesse Wilson,Merge pull request #2 from square/jwilson_0809_momoshi,Sun Aug 10 00:13:04 2014 -0400
083d451,Jesse Wilson,Jesse Wilson,Make JsonReader and JsonWriter our own.,Sun Aug 10 00:13:05 2014 -0400
d69af82,Jake Wharton,Jake Wharton,Merge pull request #1 from square/jwilson_0809_hello_moshi,Sat Aug 9 14:10:01 2014 -0700
2a43606,Jesse Wilson,Jesse Wilson,Import JsonReader and JsonWriter from Gson.,Sat Aug 9 12:20:43 2014 -0400
ff08c84,Jesse Wilson,Jesse Wilson,Basic project structure.,Sat Aug 9 12:19:29 2014 -0400
d250cad,Jesse Wilson,Jesse Wilson,Initial commit,Sat Aug 9 11:58:42 2014 -0400