e4a3b7f,Johan-dutoit,Johan-dutoit,3.0.0-vnext.2,Fri Oct 30 10:26:19 2020 +0200
096a3e2,GitHub,Johan du Toit,fix(image-library): call the correct native function (#1455),Thu Oct 29 17:06:14 2020 +0200
e930f19,Johan-dutoit,Johan-dutoit,3.0.0-vnext.1,Thu Oct 29 10:37:27 2020 +0200
fda3ea9,GitHub,Johan du Toit,feat(typescript): convert to typescript (#1450),Thu Oct 29 10:09:19 2020 +0200
36485ad,Johan-dutoit,Johan-dutoit,3.0.0-vnext.0,Wed Oct 28 09:18:49 2020 +0200
d4ff0f6,Johan-dutoit,Johan-dutoit,docs(contributors): update contributors,Wed Oct 28 09:18:45 2020 +0200
6433a02,GitHub,Raviraj,refactor(image-picker): additional refactoring,Tue Oct 6 11:10:48 2020 +0200
be6e7bf,GitHub,Raviraj,Code cleanup and api changes (#1422),Tue Sep 22 21:14:58 2020 +0200
7f7af0c,GitHub,Johan du Toit,Upgrade example app to react-native 0.63.2 (#1408) (#1409),Fri Aug 21 09:36:11 2020 +0200
b7a89e3,Janic Duplessis,Janic Duplessis,2.3.3,Mon Jul 13 13:44:38 2020 -0400
be1a498,GitHub,Jafar Jabr,remove deprecated gradle option (#1390),Mon Jul 13 13:42:09 2020 -0400
e99b8bb,Janic Duplessis,Janic Duplessis,2.3.2,Mon Jul 6 13:46:13 2020 -0400
18ee85b,GitHub,Andrei Tofan,Make sure the calls are execute on the main thread (#1265),Mon Jul 6 13:43:30 2020 -0400
38db13a,Johan du Toit,Akhmad Syaikhul Hadi,Fix failure delivering result info #579,Thu May 7 08:13:08 2020 +0200
3b9cf03,Johan du Toit,Evan Bacon,Update README.md,Wed May 6 14:59:26 2020 +0200
d3a7ed2,Johan du Toit,Ulf Andersson,test: Make tests work with >=Java9 by upgrading libraries,Mon May 4 07:33:54 2020 +0200
a2626b3,GitHub,Johan du Toit,Add help wanted notification,Thu Apr 30 13:03:32 2020 +0200
a40e85b,Janic Duplessis,Janic Duplessis,2.3.1,Wed Feb 26 10:28:12 2020 -0600
54d62ac,GitHub,Marcus Bergholm,Add write permission check when accessing camera android (#1295),Wed Feb 26 10:26:40 2020 -0600
5ec8f8d,Johan Du toit,Johan Du toit,2.3.0,Mon Feb 10 09:29:12 2020 +0200
5368e2a,Johan du Toit,Levi,fix documentation,Mon Feb 10 09:27:16 2020 +0200
14be039,Johan du Toit,Levi,clean up,Mon Feb 10 09:27:16 2020 +0200
6005f36,Johan du Toit,Levi,allow android to save photos to private directory,Mon Feb 10 09:27:16 2020 +0200
8213cff,Johan Du toit,Johan Du toit,2.2.1,Tue Jan 28 08:31:39 2020 +0200
2ad856a,Johan du Toit,Jeff Algera,Code review,Tue Jan 28 08:11:37 2020 +0200
49e6a77,Johan du Toit,Jeff Algera,Copy file instead of move,Tue Jan 28 08:11:37 2020 +0200
d142376,Johan Du toit,Johan Du toit,2.2.0,Wed Jan 22 09:24:51 2020 +0200
eab19ca,Johan du Toit,Nathan Greene,fix: Having a space in the filename on android no longer causes the filetype to be null,Wed Jan 22 09:21:02 2020 +0200
bcbde0f,Johan-dutoit,Johan-dutoit,📗,Tue Jan 21 06:27:41 2020 +0200
5d1feb5,Johan du Toit,Chris,fix: issue#1252 - if target is running iOS 11 or greater, do not reference deprecated PhotoKit api,Tue Jan 21 06:22:09 2020 +0200
4e699d3,Johan du Toit,aschnapp,use system default picker text color,Fri Jan 10 10:49:09 2020 +0200
cd69e94,Johan du Toit,lizraeli,remove commented code,Thu Jan 9 11:39:53 2020 +0200
ac142cf,Johan du Toit,lizraeli,Add `break` statements in `switch`,Thu Jan 9 11:39:53 2020 +0200
997c272,Johan du Toit,Lev Izraelit,Split permission requests for Camera & Gallery,Thu Jan 9 11:39:53 2020 +0200
085d0b7,Johan du Toit,Erik Haider Forsén,docs: adds tintColor to API Reference,Mon Sep 23 15:45:38 2019 +0100
341e954,Johan-dutoit,Johan-dutoit,docs (readme): improved linking details,Thu Sep 5 11:42:50 2019 +0100
5d1ff85,Johan-dutoit,Johan-dutoit,docs (readme): improved linking details,Thu Sep 5 11:23:05 2019 +0100
5281955,Johan-dutoit,Johan-dutoit,📖,Fri Aug 30 13:57:42 2019 +0100
90e7004,Johan-dutoit,Johan-dutoit,1.1.0,Fri Aug 30 13:52:33 2019 +0100
134c5b4,Johan-dutoit,Johan-dutoit,chore(cleanup): Apply prettier,Fri Aug 30 13:38:24 2019 +0100
0028ebf,Johan du Toit,Ryan Nickel,feat(ios): add support for tintColor,Fri Aug 30 13:34:29 2019 +0100
aacf1b2,Johan du Toit,Johan Forslund,fix(android): Support devices with multiple gallery apps,Fri Aug 30 13:33:06 2019 +0100
e9e0f87,Johan du Toit,Tomas Harkema,fix(permissions): iOS 11+ doesn't need permissions for picking a single image,Fri Aug 30 13:32:06 2019 +0100
454fff3,Johan du Toit,hossamnasser938,feat(mixed): add support for android,Thu Aug 29 16:29:05 2019 +0100
6773736,Johan du Toit,Dmitry Alekseev,Update react-native-image-picker.podspec (#1161),Wed Aug 21 09:25:48 2019 +0100
7261f86,Janic Duplessis,Janic Duplessis,1.0.2,Fri Aug 2 02:18:24 2019 -0400
707a9e4,Janic Duplessis,Janic Duplessis,Move default theme to ImagePickerModule,Fri Aug 2 00:27:39 2019 -0400
48869a0,Janic Duplessis,Janic Duplessis,Add @NativeModule annotation,Fri Aug 2 00:21:20 2019 -0400
4130cb2,Johan-dutoit,Johan-dutoit,📖,Thu Jul 11 16:54:39 2019 +0100
470ad96,Johan-dutoit,Johan-dutoit,📖,Thu Jul 11 16:53:16 2019 +0100
dffb562,Johan-dutoit,Johan-dutoit,📖,Wed Jul 10 15:55:32 2019 +0100
11dcf31,GitHub,Johan,V1.0.1 (#1120),Tue Jul 9 10:09:00 2019 +0100
8de2847,Johan,Jonathan Boellke,fix(types): Add ImagePickerPermissionDeniedOptions,Mon Jul 1 10:12:15 2019 +0100
8c6d45d,GitHub,Johan,Merge pull request #1101 from nabati/patch-1,Mon Jun 17 09:39:22 2019 +0100
337b6fe,GitHub,Poyan Nabati,Change `compile` to `implementation`,Mon Jun 17 09:34:44 2019 +0300
53316af,Johan-dutoit,Johan-dutoit,chore(github): Add stale.yml to manage issues,Tue Jun 11 11:03:41 2019 +0100
53a9932,GitHub,Johan,Merge pull request #1094 from farskid/patch-1,Mon Jun 10 09:36:56 2019 +0100
2feda1e,GitHub,Farzad YZ,Fix typo,Sun Jun 9 18:02:21 2019 +0300
fd9300d,Johan-dutoit,Johan-dutoit,Update flow types to match typescript,Sun Jun 2 12:40:45 2019 +0100
9ed071a,GitHub,Johan,Merge pull request #1072 from miyabi/fix-flow-error,Sun Jun 2 12:23:32 2019 +0100
9a83402,GitHub,Masayuki Iwai,Update index.js.flow,Mon Apr 22 16:17:07 2019 +0900
c78cb2c,Janic Duplessis,Janic Duplessis,0.28.1,Fri Mar 29 01:06:18 2019 -0400
35724d9,Janic Duplessis,Matt Oakes,Export the interfaces in TypeScript (#1042),Fri Mar 29 00:36:58 2019 -0400
6569a31,Janic Duplessis,Janic Duplessis,0.28.0,Sun Jan 6 00:15:55 2019 -0500
6735364,Janic Duplessis,Janic Duplessis,Revert "[iOS] Update permissions flow for iOS 11 UIImagePickerController (#819)",Sat Jan 5 23:59:51 2019 -0500
a5d2938,GitHub,Janic Duplessis,Update Reference.md,Sat Jan 5 22:54:12 2019 -0500
8c3e1f4,Janic Duplessis,Samuel Duursma,Set value for key "type" in picker response on iOS (#710),Sat Jan 5 22:53:06 2019 -0500
619902c,Janic Duplessis,Casey Li,#972: change ImageConfig.withOriginalFile() to address testOnImmutable failure (#973),Sat Jan 5 22:47:48 2019 -0500
ab4d858,Janic Duplessis,Alex Figueroa,[iOS] Update permissions flow for iOS 11 UIImagePickerController (#819),Sat Jan 5 22:45:45 2019 -0500
c3fa45b,Janic Duplessis,Salvatore Randazzo,Resolve memory leak in iOS image picker (#835),Sat Jan 5 22:34:04 2019 -0500
d0683f4,Janic Duplessis,Wyatt Greenway,Fix root path exception for older Android devices (#951),Sat Jan 5 22:23:47 2019 -0500
c72de27,Janic Duplessis,Antoine Grandchamp,Remove useless “stringValue” (#977),Sat Jan 5 22:02:24 2019 -0500
3e9ef5f,Janic Duplessis,Sergey Zolotarev,Fix iOS build warning (#982),Thu Jan 3 18:54:28 2019 -0500
54f1042,Janic Duplessis,Phạm Văn Quân,Upgrade Android dependencies, added Google maven repository (#1000),Thu Jan 3 18:51:09 2019 -0500
072e389,Janic Duplessis,Hyo Chan Jang,Replace deprecated 'compile' gradle configuration with 'implementation' (#1010),Thu Jan 3 18:48:26 2019 -0500
da77c92,Nicolas Charpentier,Alex Bakh,fixed lib fileName in doc (#985),Tue Dec 11 13:22:37 2018 -0500
b998561,Nicolas Charpentier,Nicolas Charpentier,0.27.2,Mon Dec 10 14:42:13 2018 -0500
fa3c624,Nicolas Charpentier,Nicolas Charpentier,Fix Android build,Mon Dec 10 14:41:44 2018 -0500
7e4a3aa,Nicolas Charpentier,Nicolas Charpentier,Update example project,Mon Dec 10 14:41:30 2018 -0500
979b9a8,GitHub,Nicolas Charpentier,Update example with RN 0.57 (#980),Wed Nov 21 12:44:46 2018 -0500
0ed6aff,Nicolas Charpentier,Martin Sandström,Add note for NSCameraUsageDescription (#953),Mon Nov 19 11:08:17 2018 -0500
b85aa97,Nicolas Charpentier,Andrew Marmion,Update Reference.md (#954),Mon Nov 19 11:07:37 2018 -0500
f0f2ee1,Nicolas Charpentier,Nicolas Charpentier,0.27.1,Fri Oct 5 14:04:30 2018 -0400
94c6590,Nicolas Charpentier,Nicolas Charpentier,Update yarn.lock,Fri Oct 5 14:04:08 2018 -0400
cb22b90,GitHub,Nicolas Charpentier,Update podspec (#948),Fri Oct 5 14:01:20 2018 -0400
3d6813c,GitHub,Nicolas Charpentier,Fix flow (#947),Fri Oct 5 13:49:28 2018 -0400
99b3802,Nicolas Charpentier,Nicolas Charpentier,0.27.0,Fri Oct 5 09:02:34 2018 -0400
6a83fe4,Nicolas Charpentier,ian,修复Android6.0，开通权限后未调用打开相机的问题 (#826),Thu Oct 4 16:33:02 2018 -0400
d36107b,GitHub,Nicolas Charpentier,Configure Prettier (#945),Thu Oct 4 09:41:13 2018 -0400
ac0c31a,GitHub,Nicolas Charpentier,Refactor docs (#944),Thu Oct 4 09:30:28 2018 -0400
e6c64ea,Nicolas Charpentier,Jamie Curtis,Set this.callback before permissionsCheck so that permissionDenied dialog doesn't crash when trying to call the callback (#808),Wed Oct 3 15:15:01 2018 -0400
6d24702,Nicolas Charpentier,Himanshu Kushwah,Update ImagePickerModule.java to fix multiple tap on upload image button crash (#782),Tue Oct 2 15:50:24 2018 -0400
816b107,GitHub,Nicolas Charpentier,Fix spreaded export (#942),Tue Oct 2 15:32:27 2018 -0400
7fc3e3b,Nicolas Charpentier,Rudy,Fix Android to bypass GIF image compression (#725),Tue Oct 2 13:46:22 2018 -0400
943a690,Nicolas Charpentier,龚江鹏,Update README.md (#940),Mon Oct 1 09:14:55 2018 -0400
abcd829,Nicolas Charpentier,Benjamin Reid,Add declaration for default export (#851),Fri Sep 28 10:23:06 2018 -0400
cc216e8,Nicolas Charpentier,Alex Figueroa,[iOS] Fix Xcode value conversion warnings (#817),Fri Sep 28 10:22:29 2018 -0400
3293e34,Nicolas Charpentier,Taylor Kline,Specify full path to AndroidManifest.xml (#852),Fri Sep 28 10:21:01 2018 -0400
7b9ff64,Nicolas Charpentier,nathan-K-,Use filestorage.path on android #885 (#886),Fri Sep 28 10:19:27 2018 -0400
97ea8fa,Nicolas Charpentier,paweljaneczek,Fixed wrong image orientation when saved to camera roll (#887),Fri Sep 28 10:18:47 2018 -0400
78bf08c,Nicolas Charpentier,satinos,Fix runtime crashe for Android 7. (#918),Fri Sep 28 10:17:43 2018 -0400
32961d4,Nicolas Charpentier,Nicolas Charpentier,Modernize index.js,Fri Sep 28 10:13:19 2018 -0400
8187eaf,Nicolas Charpentier,Nicolas Charpentier,Check for presence of project-wide gradle configuration properties,Fri Sep 28 10:10:51 2018 -0400
f579f92,GitHub,Nicolas Charpentier,Merge pull request #939 from webtaculars/patch-1,Fri Sep 28 09:45:09 2018 -0400
54202c3,GitHub,abhishek gupta,Update README.md,Fri Sep 28 12:12:41 2018 +0530
8a92ccd,GitHub,Nicolas Charpentier,Merge pull request #938 from react-community/develop,Thu Sep 27 15:05:30 2018 -0400
4a5fcdc,GitHub,Nicolas Charpentier,Merge pull request #937 from react-community/master,Thu Sep 27 15:03:34 2018 -0400
46b3c6b,Nicolas Charpentier,Joshua Pinter,Move README badges below title. (#880),Thu Sep 27 14:59:54 2018 -0400
ab60113,Nicolas Charpentier,Yuanzhong Xia,Added missing comma in README.md (#922),Thu Sep 27 14:59:35 2018 -0400
5e2b54e,Nicolas Charpentier,Joshua Kappers,Move non-optional step above the (optional) header (#925),Thu Sep 27 14:59:13 2018 -0400
acbd302,Nicolas Charpentier,Dan Maas,add license to package.json (#935),Thu Sep 27 14:58:31 2018 -0400
8f24d52,Haitao Li,Haitao Li,Bump version to 0.26.10,Sun May 13 10:36:58 2018 -0700
b1be2e2,Haitao Li,Haitao Li,Merge branch 'develop',Sun May 13 10:36:10 2018 -0700
694fa1d,Haitao Li,David Alexander Bjerremose,Fix permission issue (#848),Sun May 13 10:33:49 2018 -0700
8a822bd,Haitao Li,Haitao Li,bump package version number,Sat May 12 11:30:38 2018 -0700
200d276,Haitao Li,Haitao Li,Merge branch 'develop',Sat May 12 11:27:45 2018 -0700
75f2ae8,Haitao Li,Haitao Li,bump package version number,Sat May 12 11:22:00 2018 -0700
96ce16d,GitHub,Haitao Li,Merge pull request #775 from hasaxena/patch-1,Tue Feb 27 19:27:26 2018 -0800
60169dc,GitHub,Haitao Li,Merge pull request #571 from rigdern/rigdern/fileprovider-conflict,Tue Feb 20 21:01:43 2018 -0800
7f62d56,GitHub,hasaxena,Error while generating build.,Fri Jan 12 07:43:55 2018 +0530
003b8f8,GitHub,Haitao Li,Merge pull request #682 from cheapsteak/patch-1,Sat Dec 2 15:02:29 2017 -0800
24bb9bf,GitHub,Haitao Li,Merge pull request #703 from geirman/pr/tweakSetupInstructions,Sat Dec 2 14:52:05 2017 -0800
3f25a73,GitHub,Haitao Li,Merge pull request #723 from IgorMing/develop,Sat Dec 2 14:35:53 2017 -0800
05764b4,GitHub,Haitao Li,Merge pull request #733 from ayildirim/develop,Sat Dec 2 14:27:48 2017 -0800
560176d,GitHub,Haitao Li,Merge pull request #727 from cpfeiffer/develop,Sat Dec 2 14:23:53 2017 -0800
74f2423,GitHub,Ahmet YILDIRIM,Documentation fix on response object,Mon Nov 20 16:43:26 2017 +0100
876c193,Carsten Pfeiffer,Carsten Pfeiffer,Avoid copying image data when saving and close the stream!,Mon Nov 13 16:39:26 2017 +0100
959bf3e,GitHub,Igor Ming de Mesquita,Update README.md,Fri Nov 10 14:59:18 2017 -0200
d6b9200,Igor Ming,Igor Ming,Fixed typo on README.md related to themes/style customization file on android customization settings,Fri Nov 10 14:45:19 2017 -0200
8ec880a,Chris Geirman,Chris Geirman,add NSPhotoLibraryAddUsageDescription to list of permissions along with an example of how the plist would be updated,Fri Nov 3 13:25:12 2017 -0700
54a9b0b,Chris Geirman,Chris Geirman,remove step 3 from important note for android. it was automatically done with react-native link,Mon Oct 23 14:10:39 2017 -0700
0416a0d,Janic Duplessis,Janic Duplessis,0.26.7,Fri Sep 15 18:39:36 2017 -0400
497ca66,Janic Duplessis,Sirui Li,Fix Flow type for optional parameter (#679),Fri Sep 15 18:35:59 2017 -0400
1f58ea0,GitHub,Chang Wang,Link downloads badge to npmcharts.com,Tue Sep 12 20:44:34 2017 -0400
862a6c8,Marc Shilling,Marc Shilling,0.26.6,Tue Sep 5 17:32:18 2017 -0400
cc598fb,Marc Shilling,Marc Shilling,0.26.5,Tue Sep 5 17:32:09 2017 -0400
d25c17f,Marc Shilling,Aaron Trank,Add support for KitKat (API level 19) (#583),Tue Sep 5 17:29:34 2017 -0400
f37d925,Marc Shilling,cani1see,null checker for some old phones (#621),Tue Sep 5 10:10:37 2017 -0400
5505132,Marc Shilling,Feng999,Update ImagePickerManager.m (#573),Tue Sep 5 10:09:55 2017 -0400
3b3c12c,Marc Shilling,Dmitry Patsura,Add Flow support (#654),Tue Sep 5 10:07:46 2017 -0400
d7ffd2a,Marc Shilling,Brent Chuang,Update documentation for storageOptions.waitUntilSaved (#658),Tue Sep 5 10:07:00 2017 -0400
a95cbe6,Marc Shilling,Eugene Sokovikov,disable permission dialog when permissionDenied=null (#622),Tue Sep 5 09:58:35 2017 -0400
fd4a3d1,GitHub,Haitao Li,Merge pull request #565 from react-community/android-image-sampling,Thu Aug 17 20:52:26 2017 -0700
be9bdd9,Marc Shilling,Marc Shilling,0.26.4,Mon Aug 14 08:47:32 2017 -0400
835809c,Marc Shilling,Marc Shilling,0.26.4,Mon Aug 14 08:44:16 2017 -0400
b75b701,Marc Shilling,Marc Shilling,0.26.3,Mon Aug 14 08:43:46 2017 -0400
15c4e2a,Janic Duplessis,Radek Czemerys,Remove createJSModules @overide marker - RN 0.47 compatibility (#653),Sun Aug 13 05:17:12 2017 -0400
48e8683,Adam Comella,Adam Comella,Avoid conflicting with other FileProviders,Wed May 3 15:50:03 2017 -0700
e71b802,Adam Comella,Adam Comella,Add .vscode/ to .gitignore,Wed May 3 15:49:56 2017 -0700
2eb0ebc,Haitao Li,Haitao Li,[Android] Subsample image to save memory.,Sun Apr 30 12:04:54 2017 -0700
4c0984c,GitHub,Haitao Li,Add gitter badge,Sun Apr 23 10:53:31 2017 -0700
9ab2f94,GitHub,Marc Shilling,Update ISSUE_TEMPLATE.md,Tue Apr 11 20:32:38 2017 -0400
3ac597a,Marc Shilling,Marc Shilling,fix crash,Tue Apr 11 20:29:22 2017 -0400
bdcbb09,Marc Shilling,Marc Shilling,remove unnecessary import that was causing build to fail,Tue Apr 11 20:16:14 2017 -0400
1efe791,Marc Shilling,Alexey Podolian,Update build.gradle (#535),Tue Apr 11 20:00:58 2017 -0400
e644eac,Marc Shilling,Alexander,[ ANDROID ] Added support of storageOptions key (#513),Tue Apr 11 19:59:46 2017 -0400
f5d379f,Marc Shilling,Kevin Cooper,Allow saving to camera roll on Android (#516),Sun Mar 19 14:18:03 2017 -0400
beccc12,Marc Shilling,Kevin Cooper,Clarify which folders will be used with `storageOptions` (#511),Tue Mar 14 18:23:55 2017 -0400
f2e5545,Marc Shilling,Marc Shilling,Update README.md,Sun Mar 12 12:53:36 2017 -0400
62cf9ed,Marc Shilling,Marc Shilling,0.26.2,Fri Mar 10 12:05:41 2017 -0500
dae674c,Marc Shilling,Alexander,Fixed dependencies (#504),Fri Mar 10 12:04:36 2017 -0500
646e427,Marc Shilling,egpast,Android: fix cancellation handling (#506),Fri Mar 10 12:04:29 2017 -0500
dca64f1,Marc Shilling,Marc Shilling,0.26.1,Tue Mar 7 18:59:13 2017 -0500
92e35a6,Marc Shilling,Alexander,Fixed minimal version for FileProvider (#500),Tue Mar 7 18:58:23 2017 -0500
cd89afe,Marc Shilling,Victor Duate da Silva,Undo commit bf79750 to solve thw Warning 'provider#android.support.v4.content.FileProvider@android:authorities was tagged at AndroidManifest.xml:8 to replace other declarations but no other declaration present' (#497),Sat Mar 4 19:35:10 2017 -0500
58a66a9,Marc Shilling,Marc Shilling,0.26.0,Sat Mar 4 15:58:30 2017 -0500
8daa8e8,GitHub,Marc Shilling,Update README.md,Sat Mar 4 15:57:35 2017 -0500
7eaa65d,Marc Shilling,Alexander,[ANDROID] Refactoring of Code plus bug fixes (#496),Sat Mar 4 15:52:57 2017 -0500
0447415,GitHub,Marc Shilling,Update README.md,Tue Feb 28 11:35:08 2017 -0500
74ef28e,Marc Shilling,Marc Shilling,0.25.7,Sun Feb 26 12:33:11 2017 -0500
bf79750,Marc Shilling,Alexander,Fixed bug of getting authority for Android 5.1 (#486),Sun Feb 26 11:06:15 2017 -0500
98c2af2,GitHub,Alexander,Merge pull request #479 from ligaz/patch-2,Sun Feb 26 20:03:01 2017 +0700
7185147,Marc Shilling,Marc Shilling,0.25.6,Fri Feb 24 00:13:30 2017 -0500
b37d35d,Marc Shilling,Marc Shilling,Merge branch 'pr',Fri Feb 24 00:12:28 2017 -0500
8c74f52,Marc Shilling,Marc Shilling,fix name conflict,Fri Feb 24 00:12:17 2017 -0500
3dd1d6a,Alexander Ustinov,Alexander Ustinov,Merge branch 'refactoring',Fri Feb 24 11:27:21 2017 +0700
b53f930,Alexander Ustinov,Alexander Ustinov,Cleaned up showImagePicker logic,Fri Feb 24 11:22:33 2017 +0700
c7d53c7,GitHub,Marc Shilling,Update package.json,Wed Feb 22 09:52:36 2017 -0500
4535b15,GitHub,Stefan Dobrev,Fix TypeScript module export,Wed Feb 22 11:07:35 2017 +0200
e6b6c3c,Alexander Ustinov,Alexander Ustinov,Leading to the same code style,Mon Feb 20 00:57:07 2017 +0700
a745fff,Marc Shilling,Marc Shilling,0.25.5,Sat Feb 18 11:17:41 2017 -0500
3b7c1d8,Marc Shilling,Marc Shilling,move minSdkVersion back to 16,Sat Feb 18 11:17:38 2017 -0500
63392bd,Marc Shilling,Marc Shilling,0.25.4,Fri Feb 17 08:48:08 2017 -0500
483f9bd,Marc Shilling,Marc Shilling,oops,Fri Feb 17 08:48:05 2017 -0500
825a0e6,Marc Shilling,Marc Shilling,0.25.3,Thu Feb 16 23:04:34 2017 -0500
f8f306a,Marc Shilling,Marc Shilling,Merge branch 'pr',Thu Feb 16 23:02:33 2017 -0500
5afc66e,Marc Shilling,Marc Shilling,some changes,Thu Feb 16 23:02:20 2017 -0500
a561e1e,Marc Shilling,Marc Shilling,Merge branch 'master' of https://github.com/rusfearuth/react-native-image-picker into pr,Tue Feb 7 21:12:34 2017 -0500
a27cb09,Marc Shilling,Marc Shilling,there is no longer a need to remove the file:// prefix on the iOS uris,Tue Feb 7 21:11:30 2017 -0500
cd7462c,GitHub,Marc Shilling,Update README.md,Tue Feb 7 09:51:05 2017 -0500
a5ef4df,Alexander Ustinov,Alexander Ustinov,Removed Logs,Mon Feb 6 23:27:12 2017 +0700
b99cf0e,Marc Shilling,William Candillon,Add missing Response property (#461),Thu Feb 2 23:11:08 2017 -0500
a5fd097,Alexander Ustinov,Alexander Ustinov,Added support Android higher 6.0 Implemented of getting real path from react-native-image-crop-picker Extended react-native-image-crop-picker real path,Wed Feb 1 18:27:05 2017 +0700
93f455c,GitHub,Marc Shilling,Update README.md,Tue Jan 17 10:18:50 2017 -0500
220bb8e,Marc Shilling,Matthew Oaxaca,Update README.md (#450),Thu Jan 12 19:43:03 2017 -0500
298a352,GitHub,Marc Shilling,Update README.md,Tue Jan 10 22:09:50 2017 -0500
6d947a8,Marc Shilling,Marc Shilling,Merge branch 'master' of github.com:marcshilling/react-native-image-picker,Tue Jan 10 22:09:02 2017 -0500
fece994,Marc Shilling,Marc Shilling,0.25.1,Tue Jan 10 22:08:47 2017 -0500
ef71274,Marc Shilling,Marc Shilling,v0.25.0,Tue Jan 10 22:08:41 2017 -0500
139c1b6,Marc Shilling,Marc Shilling,update example and README to reflect to deprecation of isStatic,Tue Jan 10 22:08:20 2017 -0500
d83a33d,GitHub,Marc Shilling,Update README.md,Tue Jan 10 22:00:18 2017 -0500
9d00c80,GitHub,Marc Shilling,Update README.md,Tue Jan 10 21:59:48 2017 -0500
8f0aff1,Marc Shilling,Marc Shilling,1.0.0,Tue Jan 10 21:55:06 2017 -0500
92f9de4,Marc Shilling,Marc Shilling,Merge branch 'rn-40',Tue Jan 10 21:54:32 2017 -0500
776ca61,Marc Shilling,Marc Shilling,we now support AND REQUIRE React Native version > 0.40,Tue Jan 10 21:54:18 2017 -0500
106b4f4,Marc Shilling,Marc Shilling,Merge branch 'master' of https://github.com/janicduplessis/react-native-image-picker into rn-40,Thu Jan 5 12:51:22 2017 -0500
2d99caa,Marc Shilling,Marc Shilling,Merge branch 'master' of github.com:marcshilling/react-native-image-picker,Wed Dec 21 18:26:26 2016 -0500
b0bb8a3,Marc Shilling,Marc Shilling,set ios example project to iOS 8 deployment target - iOS 7 no longer supported,Wed Dec 21 18:26:21 2016 -0500
e030ccb,GitHub,Marc Shilling,Update README.md,Fri Dec 16 16:31:15 2016 -0500
4c7db00,GitHub,Marc Shilling,Update README.md,Mon Dec 12 15:58:46 2016 -0500
4416ea9,GitHub,Marc Shilling,clarify automatic installation instructions,Fri Dec 2 17:07:38 2016 -0500
da25532,Janic Duplessis,Janic Duplessis,Update iOS RN header paths,Thu Dec 1 05:02:27 2016 -0500
eecacc5,Marc Shilling,Marc Shilling,0.24.1,Wed Nov 30 12:32:56 2016 -0500
03b66f9,Marc Shilling,Marc Shilling,use holo light dialog theme,Wed Nov 30 12:32:34 2016 -0500
9a4963e,Marc Shilling,Marc Shilling,0.24.0,Tue Nov 29 16:46:19 2016 -0500
6fbbb37,Marc Shilling,Marc Shilling,Merge branch 'master' of github.com:marcshilling/react-native-image-picker,Tue Nov 29 16:46:06 2016 -0500
1166020,Marc Shilling,Brandon Evans,Add support for sending filenames, location and timestamp in the response on iOS (#394),Tue Nov 29 13:46:02 2016 -0800
264fbeb,Marc Shilling,Marc Shilling,add the RN animation library to the example to silence warning,Tue Nov 29 16:45:53 2016 -0500
5bddf80,Marc Shilling,Jesse Sessler,Send originalRotation in response (#388),Mon Nov 28 14:38:02 2016 -0800
7a19a82,Marc Shilling,Marc Shilling,update example to RN 0.38,Mon Nov 28 11:54:29 2016 -0500
a9c036c,Marc Shilling,hktonylee,added typescript typing definition (#375),Mon Nov 28 08:17:27 2016 -0800
0c5df24,Marc Shilling,Eugene Sokovikov,Update .npmignore (#401),Fri Nov 25 00:33:52 2016 -0800
068baf5,GitHub,Yoann Fuks,Merge pull request #390 from feisan/dev-kvkv,Tue Nov 22 20:58:04 2016 +0100
1c7e53d,Kelvin Liang,Kelvin Liang,make the resized image not being stretched,Sat Nov 19 11:02:24 2016 -0400
fe9e328,GitHub,Marc Shilling,Update README.md,Wed Nov 16 16:07:54 2016 -0500
7921584,Marc Shilling,Marc Shilling,0.23.0,Thu Nov 10 11:23:04 2016 -0500
57a11ce,Marc Shilling,Marc Shilling,remove support for iOS 7,Thu Nov 10 11:18:09 2016 -0500
467bdb0,Marc Shilling,Marc Shilling,0.22.14,Wed Nov 9 12:08:08 2016 -0500
a5037ab,Marc Shilling,Marc Shilling,fix bug when cameraRoll: false is combined with waitUntilSaved: true,Wed Nov 9 12:07:59 2016 -0500
493aeed,Marc Shilling,Marc Shilling,0.22.13,Tue Nov 1 10:17:58 2016 -0400
121f074,Marc Shilling,Jérôme Mouneyrac,#329 Setting a Video Duration Limit Triggers an Error Modal (#377),Tue Nov 1 10:15:43 2016 -0400
f890b87,Marc Shilling,Marc Shilling,0.22.12,Mon Oct 24 13:44:36 2016 -0400
927efe6,Marc Shilling,Marc Shilling,Merge branch 'master' of github.com:marcshilling/react-native-image-picker,Mon Oct 24 13:43:43 2016 -0400
05aba5a,Marc Shilling,Marc Shilling,Merge branch 'pr',Mon Oct 24 13:43:32 2016 -0400
dc9d179,Marc Shilling,Marc Shilling,fix bugs with PRs,Mon Oct 24 13:43:16 2016 -0400
39710e6,GitHub,Yoann Fuks,Update README.md,Mon Oct 24 17:44:46 2016 +0200
38bd681,Marc Shilling,Marc Shilling,Merge branch 'add_waitUntilSaved_John' of https://github.com/BROUDING/react-native-image-picker into pr,Mon Oct 24 10:25:12 2016 -0400
cf5392f,Marc Shilling,Marc Shilling,0.22.11,Mon Oct 24 09:58:28 2016 -0400
d18fc6b,Marc Shilling,Marc Shilling,add .npmignore file to not publish the Example project to npm,Mon Oct 24 09:58:15 2016 -0400
3cce2ef,John Lee,John Lee,Attaching README.md for added option.,Mon Oct 24 20:39:24 2016 +0900
c4b1821,John Lee,John Lee,storageOption.waitUntilSaved option added.,Mon Oct 24 20:34:59 2016 +0900
4261184,Marc Shilling,owcs,Return video's reference url as origURL in response. (#361),Fri Oct 21 10:19:43 2016 -0400
d5938ec,Marc Shilling,Marc Shilling,Merge branch 'pr',Thu Oct 20 10:15:44 2016 -0400
aebf3e2,liuliangsir2016,liuliangsir2016,corrected word spelling,Thu Oct 20 18:28:16 2016 +0800
e6ab9e0,Yoann FUKS,Yoann FUKS,update prepublish script,Fri Oct 14 16:55:57 2016 +0200
f05f97a,Yoann FUKS,Yoann FUKS,0.22.10,Fri Oct 14 16:45:26 2016 +0200
61801bb,Yoann FUKS,Yoann FUKS,[Android] #343 + robustness code,Fri Oct 14 16:43:29 2016 +0200
f42acca,GitHub,Marc Shilling,change ordering of sections,Mon Oct 3 10:53:46 2016 -0400
16b303a,Marc Shilling,Marc Shilling,Merge branch 'pr',Mon Oct 3 10:51:22 2016 -0400
f432631,Marc Shilling,Marc Shilling,picker not packer,Mon Oct 3 10:51:08 2016 -0400
1dc2e66,GitHub,Ray Ch,Badges and Positioning content (#334),Wed Sep 28 16:10:01 2016 -0400
1312558,Marc Shilling,Marc Shilling,0.22.9,Wed Sep 28 12:11:47 2016 -0400
4d6f5c2,Marc Shilling,Marc Shilling,make request codes 16 bit ints,Wed Sep 28 12:11:30 2016 -0400
0988fff,Marc Shilling,Marc Shilling,Merge branch 'pr',Wed Sep 28 11:46:13 2016 -0400
4d60008,Marc Shilling,Marc Shilling,edit README,Wed Sep 28 11:45:57 2016 -0400
eb3be72,Marc Shilling,Marc Shilling,Merge branch 'patch-1' of https://github.com/iraycd/react-native-image-picker into pr,Wed Sep 28 11:44:26 2016 -0400
3ffb66c,Marc Shilling,Marc Shilling,exclude iml files,Wed Sep 28 11:44:03 2016 -0400
75492dd,GitHub,Ray Ch,Update README.md,Sun Sep 25 02:09:36 2016 +0530
806e9a6,Marc Shilling,Marc Shilling,0.22.8,Thu Sep 22 09:07:28 2016 -0400
bf116b8,Marc Shilling,Marc Shilling,Merge branch 'master' of github.com:marcshilling/react-native-image-picker,Thu Sep 22 09:07:22 2016 -0400
16a48d5,Marc Shilling,Marc Shilling,make request codes more unique,Thu Sep 22 09:07:17 2016 -0400
b38bfb9,GitHub,Marc Shilling,Update README.md,Mon Sep 19 09:46:18 2016 -0400
6cb7f6e,Marc Shilling,Marc Shilling,0.22.7,Fri Sep 16 12:37:14 2016 -0400
f370ac8,Marc Shilling,Marc Shilling,decode file after resizing to get the new width and height,Fri Sep 16 12:36:44 2016 -0400
6e9524c,Marc Shilling,Marc Shilling,0.22.6,Fri Sep 16 09:37:16 2016 -0400
c576182,Marc Shilling,Josh Swan,Fix empty initialWidth and initialHeight [Android] (#315),Fri Sep 16 09:34:28 2016 -0400
07b56be,Marc Shilling,Marc Shilling,0.22.5,Tue Sep 13 13:24:13 2016 -0400
05309a8,Marc Shilling,Marc Shilling,support for RN 0.33 with backwards compatibility,Tue Sep 13 13:24:09 2016 -0400
79302ee,Marc Shilling,Marc Shilling,0.22.3,Mon Sep 12 17:49:41 2016 -0400
3c72e1c,Marc Shilling,Marc Shilling,0.22.2,Thu Sep 8 17:02:31 2016 -0400
9d227c0,Marc Shilling,Marc Shilling,save images to cache unless storageOptions key is provided,Thu Sep 8 16:58:36 2016 -0400
38d8091,Marc Shilling,Marc Shilling,0.22.1,Fri Sep 2 13:56:02 2016 -0400
f70713b,Marc Shilling,Marc Shilling,fix crash,Fri Sep 2 13:55:52 2016 -0400
64560ca,Marc Shilling,Marc Shilling,0.22.0,Tue Aug 30 13:06:14 2016 -0400
0fdea9c,Marc Shilling,Andrew Shini,Use array for custom buttons to ensure order (#296),Tue Aug 30 13:02:53 2016 -0400
822df7e,Marc Shilling,yao,ios save video,android bug when save photo/video (#292),Wed Aug 24 12:08:30 2016 -0400
730d0c5,GitHub,Yoann Fuks,Merge pull request #283 from ivpusic/patch-1,Sun Aug 14 19:33:07 2016 +0200
85257f7,GitHub,Ivan Pusic,simplity "if",Wed Aug 10 10:36:41 2016 +0200
a942bab,Marc Shilling,Marc Shilling,0.21.5,Thu Aug 4 14:46:50 2016 -0400
faed7cf,Marc Shilling,Giles Van Gruisen,Save to camera roll option (#281),Thu Aug 4 14:45:20 2016 -0400
8dd61c2,Marc Shilling,Marc Shilling,0.21.4,Fri Jul 29 12:11:35 2016 -0400
f3bc6d8,Marc Shilling,Marc Shilling,use prepublish script to exclude the build folder. Delete .npmignore,Fri Jul 29 12:11:26 2016 -0400
5321385,Marc Shilling,Marc Shilling,0.21.3,Fri Jul 29 11:53:45 2016 -0400
f35f29d,Marc Shilling,Marc Shilling,bump example to RN 30,Fri Jul 29 11:53:41 2016 -0400
830237d,Marc Shilling,Marc Shilling,Merge branch 'pr',Fri Jul 29 11:47:43 2016 -0400
4b2eb55,Marc Shilling,Marc Shilling,add comment,Fri Jul 29 11:47:25 2016 -0400
146cf6e,Dmitry Gladkov,Dmitry Gladkov,implement empty onNewIntent method to fix #275,Fri Jul 29 15:40:49 2016 +0300
6d83f5a,Marc Shilling,Marc Shilling,0.21.2,Mon Jul 25 11:56:11 2016 -0400
a9a7ec1,Marc Shilling,Marc Shilling,adding redundant npmignore to hopefully fix this fucking build folder issue,Mon Jul 25 11:56:05 2016 -0400
f3f2a9e,GitHub,Marc Shilling,Update README.md,Tue Jul 19 15:44:03 2016 -0400
80d8378,Marc Shilling,Marc Shilling,0.21.1,Tue Jul 19 15:38:11 2016 -0400
baa88a7,Marc Shilling,Marc Shilling,Merge branch 'pr',Tue Jul 19 15:37:12 2016 -0400
50654c8,Marc Shilling,Marc Shilling,update README,Tue Jul 19 15:36:52 2016 -0400
20fc11b,Marc Shilling,Marc Shilling,Merge branch 'master' of https://github.com/michaelhelvey/react-native-image-picker into pr,Tue Jul 19 15:34:22 2016 -0400
395cad3,Marc Shilling,Marc Shilling,0.21.0,Tue Jul 19 15:20:34 2016 -0400
32dbd29,Marc Shilling,Marc Shilling,remove allowsEditing option from Android,Tue Jul 19 15:20:27 2016 -0400
46e6620,Michael Helvey,Michael Helvey,Adds "mixed" option to "mediaType" for iOS,Tue Jul 19 14:55:13 2016 -0400
19ac22c,Marc Shilling,Marc Shilling,update to React Native 0.29.2 and update the Android Example project accordingly,Tue Jul 19 12:51:05 2016 -0400
f716ec2,Marc Shilling,Marc Shilling,0.20.2,Tue Jul 12 11:17:22 2016 -0400
6bee329,Marc Shilling,Marc Shilling,update gitignore,Tue Jul 12 11:16:39 2016 -0400
5e425a8,Marc Shilling,Shane Rogers,Set source based on Platform (#258),Fri Jul 8 09:11:07 2016 -0400
a348873,Marc Shilling,Marc Shilling,0.20.1,Tue Jul 5 10:49:25 2016 -0400
86d877e,Marc Shilling,Marc Shilling,protect against null custom buttons,Tue Jul 5 10:49:09 2016 -0400
4484360,Marc Shilling,Marc Shilling,permissions checks prior to presenting the picker controllers, with an error response if permissions are not granted,Tue Jul 5 10:44:14 2016 -0400
efc57f5,Marc Shilling,Marc Shilling,0.20.0,Tue Jun 28 17:15:45 2016 -0400
9ccbcf0,GitHub,Marc Shilling,Update README.md,Tue Jun 28 17:13:34 2016 -0400
ea49922,Marc Shilling,Marc Shilling,Merge branch 'pr',Tue Jun 28 16:58:44 2016 -0400
903003a,Marc Shilling,Marc Shilling,some tweaks. update to 0.19.8,Tue Jun 28 16:58:26 2016 -0400
9d8a26a,Marc Shilling,Marc Shilling,set minimum ios target to 7.0,Tue Jun 28 16:30:19 2016 -0400
32ee302,Mark Vayngrib,Mark Vayngrib,set default opts for showImagePicker from javascript,Mon Jun 27 13:39:03 2016 -0400
ef048d0,yfuks,yfuks,0.19.7,Sun Jun 26 14:10:38 2016 +0200
d7f265f,yfuks,yfuks,[Android] fix quality issue,Sun Jun 26 14:09:16 2016 +0200
0545e21,Marc Shilling,Marc Shilling,0.19.6,Thu Jun 23 10:58:14 2016 -0400
324bc4c,Marc Shilling,Neo,fix #241 (#242),Thu Jun 23 10:57:49 2016 -0400
083bf02,Marc Shilling,Marc Shilling,0.19.5,Sun Jun 19 16:42:39 2016 -0700
b6d7a09,GitHub,Marc Shilling,Delete react-native-image-picker.iml,Sun Jun 19 16:37:57 2016 -0700
9f373aa,Marc Shilling,Marc Shilling,0.19.4,Thu Jun 16 17:23:53 2016 -0700
30a78cf,Marc Shilling,Marc Shilling,Merge branch 'master' of github.com:marcshilling/react-native-image-picker,Thu Jun 16 17:23:12 2016 -0700
dcd338f,Marc Shilling,Marc Shilling,0.19.3,Thu Jun 16 17:22:55 2016 -0700
0776648,Marc Shilling,Marc Shilling,set ios deployment target to 8.0,Thu Jun 16 17:22:48 2016 -0700
606782d,yfuks,yfuks,0.19.3,Mon Jun 13 15:35:50 2016 +0200
f43446a,GitHub,Yoann Fuks,Merge pull request #228 from Saturnyn/patch-1,Mon Jun 13 14:32:12 2016 +0200
4a85c65,GitHub,Saturnyn,fix crash after using the camera,Sun Jun 12 12:11:43 2016 +0700
92ea14a,Marc Shilling,Saro Vindigni,remove duplicate options (#225),Sat Jun 11 10:27:58 2016 -0400
5599e21,Marc Shilling,Saro Vindigni,FIX Dir in Readme.md (#226),Sat Jun 11 10:27:05 2016 -0400
5549931,Marc Shilling,Marc Shilling,0.19.2,Fri Jun 10 13:43:36 2016 -0400
d7e58b0,Marc Shilling,Marc Shilling,Merge branch 'pr',Fri Jun 10 13:43:17 2016 -0400
582d134,Marc Shilling,Marc Shilling,update README,Fri Jun 10 13:43:06 2016 -0400
b0730b4,Marc Shilling,Marc Shilling,UTC timestamp in ISO format,Fri Jun 10 13:42:03 2016 -0400
4ee547c,npomfret,npomfret,Do not include extraneous timestamp field, and do not include gps data if its not available.,Fri Jun 10 17:17:11 2016 +0100
de1c958,npomfret,npomfret,* Changed the type of the gps data to be numbers * Added a 2nd timestamp field which is the millis since 1970,Fri Jun 10 09:17:14 2016 +0100
9c808d3,Marc Shilling,Marc Shilling,updated iml files,Thu Jun 9 15:08:55 2016 -0400
f26208e,Marc Shilling,Marc Shilling,v0.19.1,Thu Jun 9 14:58:28 2016 -0400
ec41c95,Marc Shilling,Marc Shilling,run time permissions for android API 23,Thu Jun 9 14:56:32 2016 -0400
24b66b7,Marc Shilling,Marc Shilling,document the new way of importing,Thu Jun 9 12:30:35 2016 -0400
8335560,Marc Shilling,Marc Shilling,add new files,Thu Jun 9 12:02:43 2016 -0400
10d1667,Marc Shilling,Marc Shilling,0.19.0,Thu Jun 9 12:01:03 2016 -0400
8be67d0,Marc Shilling,Marc Shilling,add tiny js index file as to not have to deal with NativeModules directly,Thu Jun 9 12:00:59 2016 -0400
a56b7fb,Yoann Fuks,Yoann Fuks,Merge pull request #213 from revelrylabs/master,Tue Jun 7 15:55:45 2016 +0200
642ff19,Daniel Andrews,Daniel Andrews,Add latlng and timestamp to image picker response,Mon May 30 15:49:09 2016 -0500
a416aa4,Marc Shilling,Marc Shilling,Update README.md,Mon May 23 14:25:08 2016 -0400
7fb65bd,Marc Shilling,Marc Shilling,update ip,Wed May 18 17:15:48 2016 -0400
2da7c02,Marc Shilling,Marc Shilling,0.18.17,Wed May 18 17:07:58 2016 -0400
9179f18,Marc Shilling,Marc Shilling,fixed video logic,Wed May 18 17:07:24 2016 -0400
3404823,Marc Shilling,Marc Shilling,version 0.18.16,Wed May 18 14:32:31 2016 -0400
c26dceb,Marc Shilling,Marc Shilling,0.19.0,Wed May 18 14:31:58 2016 -0400
2245d4d,Marc Shilling,Marc Shilling,delete video file first if it already exists,Wed May 18 14:31:43 2016 -0400
e4c25ef,Yoann Fuks,Yoann Fuks,Merge pull request #203 from Keepsite/android-4.1-camera-support,Wed May 11 16:56:59 2016 +0200
9982e35,Andrew Shield,Andrew Shield,Adding support to take photo on Android API 16. PackageManager.FEATURE_CAMERA_ANY does not exist on API 16.,Wed May 11 15:05:06 2016 +0100
c54a394,Marc Shilling,Marc Shilling,Update README.md,Wed May 11 09:53:07 2016 -0400
c930fdc,yfuks,yfuks,[Android] add path to video info,Wed May 11 15:47:22 2016 +0200
e1cb359,Marc Shilling,Marc Shilling,Update README.md,Wed May 11 09:44:53 2016 -0400
c76911a,yfuks,yfuks,[Android] add path to video info,Wed May 11 15:40:28 2016 +0200
eb6eecd,Marc Shilling,Marc Shilling,A note about multiple image selection, landscape support, and rnpm,Mon May 9 09:50:58 2016 -0400
4c6abc0,Marc Shilling,Marc Shilling,0.18.15,Tue Apr 19 10:18:11 2016 -0400
94df966,Marc Shilling,Marc Shilling,fix origURL for camera photos,Tue Apr 19 10:18:02 2016 -0400
bede747,Yoann Fuks,Yoann Fuks,Update README.md,Mon Apr 18 21:16:06 2016 +0200
49103fc,yfuks,yfuks,0.18.14,Mon Apr 18 21:11:58 2016 +0200
f2761a4,yfuks,yfuks,[Android] return an error if camera isn't available in launchCamera method,Mon Apr 18 21:11:33 2016 +0200
6535ec9,Yoann Fuks,Yoann Fuks,Merge pull request #176 from chetstone/master,Mon Apr 18 20:59:41 2016 +0200
26ea4d5,Chester Wood,Chester Wood,Add ref to asset library version for color grabber,Thu Apr 14 21:42:00 2016 -0600
76212d1,yfuks,yfuks,update README.md,Wed Apr 13 03:42:21 2016 +0200
423fd23,yfuks,yfuks,0.18.13,Wed Apr 13 03:19:14 2016 +0200
abe0c7e,yfuks,yfuks,[Android] Check if the camera is available in code rather than in manifest,Wed Apr 13 03:18:46 2016 +0200
0609eca,yfuks,yfuks,[Android] remove useless line from module manifest since we already add them in the project manifest,Wed Apr 13 03:15:17 2016 +0200
2102277,yfuks,yfuks,0.18.12,Sat Apr 9 22:53:25 2016 +0200
49803e1,yfuks,yfuks,[Android] add some infos to response,Sat Apr 9 22:52:47 2016 +0200
3de82ee,yfuks,yfuks,0.18.11,Fri Apr 8 06:30:56 2016 +0200
5e9227a,yfuks,yfuks,[Android] use the uncropped file if the crop failed,Fri Apr 8 06:28:56 2016 +0200
11f0def,yfuks,yfuks,0.18.10,Thu Apr 7 00:57:04 2016 +0200
35e4c00,Yoann Fuks,Yoann Fuks,fix table of content,Thu Apr 7 00:22:59 2016 +0200
dc94d15,Yoann Fuks,Yoann Fuks,Update README.md,Thu Apr 7 00:20:20 2016 +0200
7162374,Yoann Fuks,Yoann Fuks,Add a table of contents and put images in a tab,Thu Apr 7 00:19:43 2016 +0200
fb82285,Yoann Fuks,Yoann Fuks,Merge pull request #143 from taskrabbit/reorient-image,Thu Apr 7 00:06:18 2016 +0200
663aea0,Marc Shilling,Marc Shilling,0.18.9,Wed Apr 6 17:56:03 2016 -0400
f134b91,yfuks,yfuks,[Android] Robustness code,Wed Apr 6 23:22:08 2016 +0200
79589cb,yfuks,yfuks,[Android] Fix image display in Example,Wed Apr 6 22:48:41 2016 +0200
c95d8cd,Marc Shilling,Marc Shilling,0.18.8,Wed Apr 6 11:36:18 2016 -0400
f05ea55,Marc Shilling,Marc Shilling,Fixed table format...oops,Wed Apr 6 11:34:31 2016 -0400
ddeca2c,Marc Shilling,Marc Shilling,Merge branch 'file-size',Wed Apr 6 11:31:13 2016 -0400
bb62586,Marc Shilling,Marc Shilling,changed size to fileSize and updated README,Wed Apr 6 11:30:58 2016 -0400
280943a,Marc Shilling,Marc Shilling,0.18.7,Wed Apr 6 11:16:59 2016 -0400
d9092a3,Marc Shilling,Marc Shilling,Merge branch 'duration-limit',Wed Apr 6 11:15:48 2016 -0400
611507a,Marc Shilling,Marc Shilling,durationLimit now available on iOS,Wed Apr 6 11:15:26 2016 -0400
6c0c822,Paul Chobert,Paul Chobert,Add duration limit option to iOS,Wed Apr 6 07:38:13 2016 +0545
7fe610a,Marc Shilling,Marc Shilling,0.18.6,Tue Apr 5 12:21:23 2016 -0400
7ee4911,Marc Shilling,Marc Shilling,update to react native 0.22,Tue Apr 5 12:21:19 2016 -0400
2896f48,Pavlo Aksonov,Pavlo Aksonov,publish new version,Fri Apr 1 13:44:36 2016 +0200
0c390a9,Pavlo Aksonov,Pavlo Aksonov,add picture size to response,Fri Apr 1 13:43:46 2016 +0200
8b3d036,Marc Shilling,Marc Shilling,0.18.5,Wed Mar 30 10:12:10 2016 -0400
5766369,Marc Shilling,Marc Shilling,consolidate cross-platform code into 1 file,Wed Mar 30 10:12:02 2016 -0400
4445c0a,Marc Shilling,Marc Shilling,0.18.4,Mon Mar 28 12:07:22 2016 -0400
f84e8fd,Marc Shilling,Marc Shilling,Remove unnecessary code,Mon Mar 28 12:06:50 2016 -0400
8caed67,Jeremy Eaton,Jeremy Eaton,reorient image if image disoriented,Wed Mar 9 14:38:48 2016 -0800
7508cb6,Marc Shilling,Marc Shilling,0.18.3,Wed Mar 9 11:04:31 2016 -0500
13df4f1,Marc Shilling,Marc Shilling,0.19.0,Wed Mar 9 11:04:02 2016 -0500
d0a7014,Marc Shilling,Marc Shilling,Merge branch 'master' of github.com:marcshilling/react-native-image-picker,Wed Mar 9 11:03:30 2016 -0500
970d8e3,Marc Shilling,Marc Shilling,new cross-platform example project on RN 0.21,Wed Mar 9 11:03:21 2016 -0500
e95e29d,yfuks,yfuks,0.18.2,Tue Mar 8 19:28:50 2016 +0100
2ee3f5b,yfuks,Jimmy Mayoukou,Add custom buttons feature on Android (cherry picked from commit cb556e4),Tue Mar 8 18:33:29 2016 +0100
8bb7d6f,Marc Shilling,Marc Shilling,Update README.md,Tue Mar 8 10:14:05 2016 -0500
7f8a791,Marc Shilling,Marc Shilling,0.18.1,Fri Mar 4 09:33:25 2016 -0500
00589fb,Marc Shilling,Marc Shilling,Merge pull request #128 from apprennet/ios-UIImagePickerController-error,Fri Mar 4 09:27:46 2016 -0500
aaf9920,PJ Cabrera,PJ Cabrera,ImagePickerManager response callbacks should only be called after the UIImagePickerController dismiss animation has completed.,Thu Mar 3 13:32:55 2016 -0800
9dcb257,Marc Shilling,Marc Shilling,Add note about absolute uri persistence on iOS,Mon Feb 29 12:01:17 2016 -0500
4c4620d,yfuks,yfuks,0.18.0,Mon Feb 29 00:39:58 2016 +0100
f777aba,yfuks,yfuks,[Android] use current Activity instead of mainActivity,Mon Feb 29 00:39:31 2016 +0100
19230e5,yfuks,yfuks,0.17.0,Sun Feb 28 16:43:23 2016 +0100
bfb8cb4,yfuks,yfuks,[Android] Add video picking,Sun Feb 28 16:41:05 2016 +0100
4cfe9f0,yfuks,yfuks,0.16.2,Sun Feb 28 00:43:46 2016 +0100
61d7d43,yfuks,yfuks,[Android] refactor cropping + lint,Sat Feb 27 23:44:02 2016 +0100
92922c5,yfuks,yfuks,0.16.1,Sat Feb 27 20:00:12 2016 +0100
a76c303,yfuks,yfuks,[Android] fix options override,Sat Feb 27 19:59:50 2016 +0100
5355d7c,yfuks,yfuks,[Android] read options in a function since the code is the same for library/camera,Sat Feb 27 15:56:56 2016 +0100
ba35fca,yfuks,yfuks,0.16.0,Sat Feb 27 15:19:51 2016 +0100
fbac95b,yfuks,yfuks,[Android] installation change,Sat Feb 27 15:19:00 2016 +0100
a21ca42,yfuks,yfuks,0.15.1,Wed Feb 24 23:33:06 2016 +0100
d7527e4,yfuks,yfuks,[Android] fix crop image cannot write Exception,Wed Feb 24 23:32:21 2016 +0100
7a7615b,Marc Shilling,Marc Shilling,0.15.0,Tue Feb 23 17:47:09 2016 -0500
04b09ea,Marc Shilling,Marc Shilling,changed native module name from UIImagePickerManager to ImagePickerManager,Tue Feb 23 17:47:04 2016 -0500
dd2734f,Marc Shilling,Marc Shilling,generic file name,Tue Feb 23 17:29:32 2016 -0500
7f1afbd,Marc Shilling,Marc Shilling,update Android installation instructions for React Native 0.18+,Tue Feb 23 17:28:10 2016 -0500
d4c15bb,Marc Shilling,Marc Shilling,0.14.3,Tue Feb 16 13:32:41 2016 -0500
7b7d3b2,Marc Shilling,Marc Shilling,add required authors field,Tue Feb 16 13:32:14 2016 -0500
b4ea534,Yoann Fuks,Yoann Fuks,Merge pull request #110 from incxventures/master,Tue Feb 16 13:27:14 2016 +0100
af77ffe,davidjeffries,davidjeffries,Added null checks,Mon Feb 15 22:47:08 2016 -0800
cbedef5,Marc Shilling,Marc Shilling,0.14.2,Mon Feb 15 10:26:41 2016 -0500
489c995,Marc Shilling,Marc Shilling,fixed issue with photos taken with camera,Mon Feb 15 10:26:33 2016 -0500
40f541f,Marc Shilling,Marc Shilling,0.14.1,Thu Feb 11 12:45:53 2016 -0500
c439a71,Marc Shilling,Marc Shilling,Update README.md,Thu Feb 11 12:45:30 2016 -0500
50b88d1,Marc Shilling,Marc Shilling,0.14.0,Thu Feb 11 12:38:10 2016 -0500
bd6c25c,Marc Shilling,Marc Shilling,added xcodeporj,Thu Feb 11 12:38:07 2016 -0500
ec8752b,Marc Shilling,Marc Shilling,version 0.13.6,Thu Feb 11 09:54:21 2016 -0500
3fa74ef,Marc Shilling,Marc Shilling,0.13.7,Thu Feb 11 09:53:49 2016 -0500
27d44e4,Marc Shilling,Marc Shilling,merge pull request,Thu Feb 11 09:53:40 2016 -0500
5ddc0c8,Marc Shilling,Marc Shilling,Merge pull request #105 from umfana/master,Thu Feb 11 09:51:03 2016 -0500
4eeb270,umfana,umfana,Fix iOS7 crash,Wed Feb 10 18:39:56 2016 +0100
3b314be,Yoann Fuks,Yoann Fuks,0.13.5,Thu Feb 4 12:31:14 2016 +0100
ff09909,Yoann Fuks,Yoann Fuks,[Android] fix java.lang.OutOfMemoryError Exception,Thu Feb 4 12:30:53 2016 +0100
376b90f,Yoann Fuks,Yoann Fuks,0.13.4,Sat Jan 30 21:58:10 2016 +0100
d713249,Yoann Fuks,Yoann Fuks,0.13.3,Sat Jan 30 21:46:03 2016 +0100
87edbfa,Yoann Fuks,Yoann Fuks,Update README.md,Sat Jan 30 21:44:59 2016 +0100
4eb072b,Yoann Fuks,Yoann Fuks,Merge pull request #99 from songyouwei/master,Sat Jan 30 21:43:55 2016 +0100
a0a047a,Marc Shilling,Marc Shilling,0.13.3,Fri Jan 29 17:34:16 2016 -0500
3037452,Marc Shilling,Marc Shilling,Merge branch 'master' of github.com:marcshilling/react-native-image-picker,Fri Jan 29 17:33:44 2016 -0500
839012d,Marc Shilling,Marc Shilling,Merge pull request #98 from apprennet/fix-ios-video-filepath-bugs,Fri Jan 29 17:33:27 2016 -0500
fe9529b,宋有伟,宋有伟,add options of image crop: aspectX & aspectY,Fri Jan 29 14:45:20 2016 +0800
8721a42,PJ Cabrera,PJ Cabrera,Fix bugs with skipBackup and moving video files to the Documents folder.,Tue Jan 26 18:03:39 2016 -0800
e367f54,Yoann Fuks,Yoann Fuks,[Android] add angle option,Tue Jan 26 13:14:14 2016 +0100
85d8d72,Yoann Fuks,Yoann Fuks,0.13.2,Tue Jan 26 12:26:42 2016 +0100
ff483b7,Yoann Fuks,Yoann Fuks,[Android] Update readme with last enhancements,Tue Jan 26 12:26:16 2016 +0100
f258cfa,Yoann Fuks,Yoann Fuks,[Android] allow editing,Tue Jan 26 12:23:34 2016 +0100
ad84eca,Yoann Fuks,Yoann Fuks,[Android] add comment and storage options to camera Launch,Tue Jan 26 11:15:19 2016 +0100
0880cf5,Yoann Fuks,Yoann Fuks,Merge pull request #93 from pedro/pedro-resize-tweaks,Tue Jan 26 11:00:47 2016 +0100
caa48de,Pedro Belo,Pedro Belo,keep previous behavior, check storageOptions before going for tmp,Tue Jan 19 13:45:12 2016 -0800
af740ca,Pedro Belo,Pedro Belo,use a temporary file for the resized image,Tue Jan 19 13:35:05 2016 -0800
f033e0e,Pedro Belo,Pedro Belo,fix file reference when resizing images,Tue Jan 19 13:35:05 2016 -0800
c12a958,Yoann Fuks,Yoann Fuks,minor,Tue Jan 19 14:40:20 2016 +0100
2f0c66f,Yoann Fuks,Yoann Fuks,Remove useless mark (RN Android Support Repository >= 17),Tue Jan 19 14:39:18 2016 +0100
28b6739,Yoann Fuks,Yoann Fuks,0.13.1,Mon Jan 18 23:53:07 2016 +0100
6424802,Yoann Fuks,Yoann Fuks,Merge pull request #89 from pedro/handle-null-path-v2,Mon Jan 18 23:51:39 2016 +0100
fc58442,Yoann Fuks,Yoann Fuks,Merge pull request #92 from pedro/pedro-handle-activity-not-found-v2,Mon Jan 18 23:37:33 2016 +0100
f03659b,Pedro Belo,Pedro Belo,call it just "path",Mon Jan 18 14:24:22 2016 -0800
c24002a,Pedro Belo,Pedro Belo,better error description here,Mon Jan 18 14:22:56 2016 -0800
d49b502,Pedro Belo,Pedro Belo,explicitly check if the library intent can execute,Mon Jan 18 14:22:38 2016 -0800
9357fc6,Pedro Belo,Pedro Belo,oops, cannot trigger the callback here,Mon Jan 18 14:21:15 2016 -0800
a32da75,Yoann Fuks,Yoann Fuks,Merge pull request #91 from pedro/pedro-handle-activity-not-found,Mon Jan 18 22:55:00 2016 +0100
8cef8ea,Pedro Belo,Pedro Belo,attempt to create a file off url paths too,Mon Jan 18 13:50:59 2016 -0800
3f4da32,Pedro Belo,Pedro Belo,send the uri here regardless,Mon Jan 18 13:47:11 2016 -0800
579d95c,Pedro Belo,Pedro Belo,handle ActivityNotFoundException,Mon Jan 18 13:36:30 2016 -0800
fd1a510,Pedro Belo,Pedro Belo,no need for special isUrl handler,Fri Jan 15 19:08:01 2016 -0800
ef490b6,Pedro Belo,Pedro Belo,handle different types of image urls,Fri Jan 15 19:07:04 2016 -0800
19c45e9,Pedro Belo,Pedro Belo,always render the urlPath,Fri Jan 15 19:06:50 2016 -0800
7910e76,Yoann Fuks,Yoann Fuks,minor,Thu Jan 14 20:51:11 2016 +0100
b2d9e9c,Marc Shilling,Marc Shilling,code cleanup,Thu Jan 14 14:10:24 2016 -0500
fc4f56f,Marc Shilling,Marc Shilling,0.13.0,Thu Jan 14 14:05:41 2016 -0500
9840e50,Marc Shilling,Marc Shilling,Merge branch 'gifs',Thu Jan 14 14:04:09 2016 -0500
f2b4173,Marc Shilling,Marc Shilling,gif support and code cleanup,Thu Jan 14 14:03:06 2016 -0500
fd4714b,Marc Shilling,Marc Shilling,replace my IP with localhost...this probably stumped people,Thu Jan 14 14:02:58 2016 -0500
ba45142,Keith Grennan,Keith Grennan,add support for animated gifs,Thu Jan 14 01:24:50 2016 -0800
50daf87,Marc Shilling,Marc Shilling,0.12.4,Mon Jan 11 11:05:47 2016 -0500
9cd2e88,Marc Shilling,Marc Shilling,Merge branch 'ios7',Mon Jan 11 11:04:08 2016 -0500
da686b8,Marc Shilling,Marc Shilling,fixed indentation and other styling. Add modal presentation fix to the iOS 7 implementation,Mon Jan 11 11:03:49 2016 -0500
d4a387c,Kevin Stumpf,Kevin Stumpf,Removed "Required iOS 8 or higher" note,Sat Jan 9 17:16:17 2016 -0800
1ffff2d,Kevin Stumpf,Kevin Stumpf,Added cancel callback to iOS 7 support,Sat Jan 9 17:15:28 2016 -0800
1a63dd2,Kevin Stumpf,Kevin Stumpf,Added iOS 7 support,Sat Jan 9 17:11:42 2016 -0800
5352dd7,Yoann Fuks,Yoann Fuks,[Android] Library open a gallery app,Sat Jan 9 23:12:24 2016 +0100
5e926e0,Yoann Fuks,Yoann Fuks,Fix .xml comment,Sat Jan 9 01:31:20 2016 +0100
2a163b8,Yoann Fuks,Yoann Fuks,0.12.3,Sat Jan 9 01:24:57 2016 +0100
01406f2,Yoann Fuks,Yoann Fuks,[Android] multiples fix and enhancements,Sat Jan 9 01:17:47 2016 +0100
83b7cac,Marc Shilling,Marc Shilling,0.12.2,Fri Jan 8 11:46:47 2016 -0500
0ff68ef,Marc Shilling,Marc Shilling,Update README.md,Fri Jan 8 11:46:38 2016 -0500
703c35b,Marc Shilling,Marc Shilling,0.12.1,Fri Jan 8 11:45:06 2016 -0500
a99e2b7,Marc Shilling,Marc Shilling,updated for new response object structure,Fri Jan 8 11:44:53 2016 -0500
5a138f0,Marc Shilling,Marc Shilling,0.12.0,Fri Jan 8 11:36:30 2016 -0500
a466769,Marc Shilling,Marc Shilling,Updated based on video support addition,Fri Jan 8 11:31:07 2016 -0500
705c5f8,Marc Shilling,Marc Shilling,Merge branch 'videoSupport',Fri Jan 8 11:16:11 2016 -0500
5ddf07e,Marc Shilling,Marc Shilling,video support merge and fixes,Fri Jan 8 11:15:54 2016 -0500
cd0bf3e,Marc Shilling,Marc Shilling,0.11.3,Fri Jan 8 09:47:10 2016 -0500
30495cc,Marc Shilling,Marc Shilling,return the correct width and height of a scaled image in the response,Fri Jan 8 09:47:01 2016 -0500
a22e7f5,Yoann Fuks,Yoann Fuks,fix @yfuks,Fri Jan 8 09:39:22 2016 +0100
62048fc,Marc Shilling,Marc Shilling,0.11.2,Thu Jan 7 15:09:45 2016 -0500
c4d7c5e,Marc Shilling,Marc Shilling,fixed modal presentation,Thu Jan 7 15:07:40 2016 -0500
3bebab3,Yoann Fuks,Yoann Fuks,Fix IOException when no DIRECTORY_PICTURES,Thu Jan 7 14:15:10 2016 +0100
3574f23,Marc Shilling,Marc Shilling,0.11.1,Wed Dec 30 10:20:34 2015 -0500
5438f38,Marc Shilling,Marc Shilling,refactored repo to have ios and android folders at the root,Wed Dec 30 10:18:59 2015 -0500
d0a5439,PJ Cabrera,PJ Cabrera,Add video support,Mon Dec 28 13:21:27 2015 -0800
e632644,Marc Shilling,Marc Shilling,Merge pull request #60 from surialabs/master,Sat Dec 12 09:45:42 2015 -0500
827433b,Robert Strobl,Robert Strobl,Allow null value for title option,Sat Dec 12 22:10:32 2015 +0800
aa04d2e,Marc Shilling,Marc Shilling,0.10.0,Tue Dec 8 09:34:23 2015 -0500
e78144a,Marc Shilling,Marc Shilling,Update README.md,Tue Dec 8 09:32:54 2015 -0500
93f7c3f,Marc Shilling,Marc Shilling,Merge pull request #56 from yfuks/master,Tue Dec 8 09:30:50 2015 -0500
2525139,Yoann Fuks,Yoann Fuks,[android] Add options maxWidth, maxHeight and quality,Wed Dec 2 18:46:21 2015 +0100
7362844,Yoann Fuks,Yoann Fuks,[android] Add options maxWidth, maxHeight and quality,Wed Dec 2 18:45:54 2015 +0100
03a01c1,Marc Shilling,Marc Shilling,Merge pull request #55 from yfuks/master,Wed Dec 2 09:57:07 2015 -0500
1792ec6,Yoann Fuks,Yoann Fuks,Update README.md,Wed Dec 2 14:58:18 2015 +0100
1b3b9ee,Yoann Fuks,Yoann Fuks,Update README.md,Wed Dec 2 14:04:00 2015 +0100
1dec634,Yoann Fuks,Yoann Fuks,[android] add width, height and isAlign data on response,Wed Dec 2 12:25:34 2015 +0100
c2bf930,Yoann Fuks,Yoann Fuks,[android] add noData option,Wed Dec 2 11:50:16 2015 +0100
709053a,Yoann Fuks,Yoann Fuks,[android] add cancelButtonTitle, takeButtonTitle and chooseFromLibraryButtonTitle options and override onCancel method to handle all cancel cases,Wed Dec 2 11:29:36 2015 +0100
cb81aeb,Yoann Fuks,Yoann Fuks,Merge branch 'master' of https://github.com/yfuks/react-native-image-picker,Wed Dec 2 10:04:43 2015 +0100
f22c095,Marc Shilling,Marc Shilling,Merge pull request #54 from yfuks/master,Tue Dec 1 11:09:38 2015 -0500
a47bb66,Yoann Fuks,Yoann Fuks,update version,Tue Dec 1 15:47:45 2015 +0100
6e950c0,Yoann Fuks,Yoann Fuks,Update README.md,Tue Dec 1 15:40:19 2015 +0100
c829c5a,Yoann Fuks,Yoann Fuks,Update README.md,Tue Dec 1 15:39:16 2015 +0100
fa4e415,Yoann Fuks,Yoann Fuks,Update README.md,Tue Dec 1 15:37:21 2015 +0100
d77b3c2,Yoann Fuks,Yoann Fuks,Update README.md,Tue Dec 1 15:36:54 2015 +0100
0446242,Yoann Fuks,Yoann Fuks,Update README.md,Tue Dec 1 15:36:16 2015 +0100
5548d7e,Yoann Fuks,Yoann Fuks,Add base64 data response and the showImagePicker method to android using an alert,Tue Dec 1 15:11:59 2015 +0100
ab56b85,Yoann Fuks,Yoann Fuks,Update .gitignore,Tue Dec 1 01:13:56 2015 +0100
730ee9e,Yoann Fuks,Yoann Fuks,minor fix,Tue Dec 1 00:48:44 2015 +0100
4f09604,Yoann Fuks,Yoann Fuks,Delete encodings.xml,Tue Dec 1 00:12:34 2015 +0100
2010422,Yoann Fuks,Yoann Fuks,initial work for android,Tue Dec 1 00:00:53 2015 +0100
bdbd953,Marc Shilling,Marc Shilling,Merge pull request #53 from sprightco/master,Fri Nov 20 12:05:07 2015 -0500
7b35f9d,Keith Grennan,Keith Grennan,Add podspec,Thu Nov 19 14:58:53 2015 -0800
df31e3a,Marc Shilling,Marc Shilling,0.9.0,Wed Oct 28 10:58:32 2015 -0400
b2168c3,Marc Shilling,Marc Shilling,response now contains the photo's width and height,Wed Oct 28 10:58:26 2015 -0400
5720a18,Marc Shilling,Marc Shilling,Merge pull request #44 from nevir/nevir/nob64,Tue Oct 27 10:23:28 2015 -0400
1522f38,Ian,Ian,Add an option to disable base64 serialization,Sun Oct 25 16:44:41 2015 -0700
fd79815,Marc Shilling,Marc Shilling,Merge pull request #41 from nevir/patch-1,Fri Oct 23 09:46:02 2015 -0400
9910d0f,Ian MacLeod,Ian MacLeod,Use an ellipsis for the default button titles,Thu Oct 22 18:05:16 2015 -0700
a885794,Marc Shilling,Marc Shilling,0.8.0,Mon Oct 19 12:14:29 2015 -0400
4bbb827,Marc Shilling,Marc Shilling,consolodated some options - for example, rather than having a takePhotoButtonHidden option, just set takePhotoButtonTitle to null or empty string. Also, changed the response object to always return data, uri, and isVertical,Mon Oct 19 12:11:20 2015 -0400
06b4402,Marc Shilling,Marc Shilling,Merge pull request #36 from sgonyea/add_bypass_alert_controller,Mon Oct 19 10:28:18 2015 -0400
ab4f499,Scott Gonyea,Scott Gonyea,Add README notes on how to bypass alert dialog,Sat Oct 17 14:14:39 2015 -0700
a00f128,Scott Gonyea,Scott Gonyea,Add ability to directly launch Camera / Library,Sat Oct 17 13:58:20 2015 -0700
715d68f,Marc Shilling,Marc Shilling,Update README.md,Fri Sep 25 15:19:00 2015 -0400
b966f7d,Marc Shilling,Marc Shilling,Create LICENSE.md,Fri Sep 25 09:54:18 2015 -0400
35e23c3,Marc Shilling,Marc Shilling,0.7.1,Mon Sep 21 14:05:46 2015 -0400
32a03ea,Marc Shilling,Marc Shilling,Merge branch 'levic92-patch-3',Mon Sep 21 14:02:32 2015 -0400
9c28f64,Marc Shilling,Marc Shilling,fix indentation,Mon Sep 21 13:57:51 2015 -0400
44bde05,Marc Shilling,Marc Shilling,Merge branch 'patch-3' of https://github.com/levic92/react-native-image-picker into levic92-patch-3,Mon Sep 21 13:49:14 2015 -0400
540e2af,Marc Shilling,Marc Shilling,oops forgot to merge PR first,Mon Sep 21 13:45:54 2015 -0400
82475f4,Marc Shilling,Marc Shilling,0.7.0,Mon Sep 21 13:45:00 2015 -0400
7dde3e6,Marc Shilling,Marc Shilling,update README to show how to display the image if the local file URI was returned,Mon Sep 21 13:44:49 2015 -0400
5b1cc78,Marc Shilling,Marc Shilling,update example,Mon Sep 21 13:44:23 2015 -0400
bd9ef4f,Marc Shilling,Marc Shilling,now uses UIAlertController rather than UIActionSheet. UIActionSheet is deprecated and UIAlertController works on both iPhone and iPad. As a result, iOS 8 is now required to use this library,Mon Sep 21 13:44:14 2015 -0400
a93811d,Marc Shilling,Marc Shilling,Merge pull request #29 from levic92/patch-4,Mon Sep 21 11:06:44 2015 -0400
d6bb56a,levic92,levic92,Fix presentation on iPad,Mon Sep 21 01:02:37 2015 -0700
d181934,levic92,levic92,Add option to save image to documents dir,Sun Sep 20 15:31:17 2015 -0700
6ba7dff,Marc Shilling,Marc Shilling,0.6.1,Fri Sep 18 09:51:07 2015 -0400
6149302,Marc Shilling,Marc Shilling,update README,Fri Sep 18 09:51:05 2015 -0400
b19d169,Marc Shilling,Marc Shilling,Merge pull request #27 from levic92/patch-2,Fri Sep 18 09:42:21 2015 -0400
1ff2e46,levic92,levic92,Make allowsEditing a configurable option,Thu Sep 17 17:18:50 2015 -0700
4d4a5bb,Marc Shilling,Marc Shilling,0.6.0,Thu Sep 17 16:52:25 2015 -0400
0e69cf6,Marc Shilling,Marc Shilling,cleaned up code, fixed indentations,Thu Sep 17 16:51:52 2015 -0400
f45be34,Marc Shilling,Marc Shilling,updated README for recently merged pull requests,Thu Sep 17 16:51:31 2015 -0400
cfdeda5,Marc Shilling,Marc Shilling,changed vars to consts,Thu Sep 17 16:51:16 2015 -0400
c96c40d,Marc Shilling,Marc Shilling,Merge branch 'levic92-patch-1',Thu Sep 17 16:38:19 2015 -0400
d26d4a2,Marc Shilling,Marc Shilling,fix conflicts,Thu Sep 17 16:37:55 2015 -0400
cf2221b,Marc Shilling,Marc Shilling,Merge pull request #25 from udfalkso/modal-fix-and-max-dimensions,Thu Sep 17 16:34:30 2015 -0400
b579ddd,Marc Shilling,Marc Shilling,Merge pull request #23 from MikaelCarpenter/patch-1,Thu Sep 17 16:04:05 2015 -0400
aa959d3,levic92,levic92,Update UIImagePickerManager.m,Thu Sep 17 12:31:32 2015 -0700
6fccd6a,Udi Falkson,Udi Falkson,remove unecessary import,Wed Sep 16 11:08:00 2015 -0400
0f43987,Udi Falkson,Udi Falkson,add support for maxWidth, maxHeight.  Use file:/// result url in tmp directory rather than direct access to asset-library, easier to work with later, upload, etc.,Wed Sep 16 11:01:15 2015 -0400
06eb25d,Udi Falkson,Udi Falkson,Use root.presentedViewController to prevent error when opening the image picker inside a Modal.  [Issue #22],Tue Sep 15 17:23:40 2015 -0400
c8deab3,Mikael Carpenter,Mikael Carpenter,Update README.md,Thu Sep 10 13:12:51 2015 -0700
5bc1024,Marc Shilling,Marc Shilling,Merge pull request #21 from Spikef/patch-1,Tue Sep 8 12:40:32 2015 -0400
9ee6335,Spikef,Spikef,Update UIImagePickerManager.m,Wed Sep 2 00:50:52 2015 +0800
45bf412,Marc Shilling,Marc Shilling,Merge branch 'master' of github.com:marcshilling/react-native-image-picker,Wed Aug 26 14:07:56 2015 -0400
18a0a92,Marc Shilling,Marc Shilling,0.5.0,Wed Aug 26 14:07:22 2015 -0400
df1ce76,Marc Shilling,Marc Shilling,add ability to hide either of the buttons,Wed Aug 26 14:07:16 2015 -0400
1399557,Marc Shilling,Marc Shilling,Update README.md,Thu Aug 20 09:52:41 2015 -0400
38b2969,Marc Shilling,Marc Shilling,0.4.1,Tue Aug 18 15:24:20 2015 -0400
b758f45,Marc Shilling,Marc Shilling,:wq erge branch 'master' of github.com:marcshilling/react-native-image-picker,Tue Aug 18 15:23:53 2015 -0400
e6c09cc,Marc Shilling,Marc Shilling,Update README.md,Tue Aug 18 15:23:17 2015 -0400
bc590e2,Marc Shilling,Marc Shilling,0.4.0,Tue Aug 18 15:19:18 2015 -0400
030c17d,Marc Shilling,Marc Shilling,created example project,Tue Aug 18 15:18:12 2015 -0400
85dbffd,Marc Shilling,Marc Shilling,put files into a folder,Tue Aug 18 15:18:07 2015 -0400
ecc7879,Marc Shilling,Marc Shilling,Update README.md,Tue Aug 18 15:17:54 2015 -0400
3fa4ca9,Marc Shilling,Marc Shilling,Merge pull request #17 from fixdio/master,Tue Aug 18 09:49:55 2015 -0400
cb92a03,ashleydw,ashleydw,Add quality as an option,Tue Aug 18 12:15:01 2015 +0200
ba05bf1,Marc Shilling,Marc Shilling,0.3.2,Tue Jul 21 12:35:03 2015 -0400
5e8c80e,Marc Shilling,Marc Shilling,Merge pull request #12 from darkrishabh/cameraPhotoURL,Tue Jul 21 12:34:46 2015 -0400
8a7d546,darkrishabh,darkrishabh,adding URL for the image captured from the camera,Mon Jul 20 22:41:12 2015 -0700
ac74ccb,Marc Shilling,Marc Shilling,Merge pull request #11 from olivierlesnicki/patch-1,Sun Jul 19 11:10:54 2015 -0400
ca33bb0,Olivier Lesnicki,Olivier Lesnicki,Update README.md,Sun Jul 19 15:37:55 2015 +0100
fa41e9f,Marc Shilling,Marc Shilling,0.3.1,Fri Jul 17 15:33:54 2015 -0400
a3f741f,Marc Shilling,Marc Shilling,Update README.md,Fri Jul 17 15:32:53 2015 -0400
ac2cf8b,Marc Shilling,Marc Shilling,0.3.0,Fri Jul 17 15:21:47 2015 -0400
c41e068,Marc Shilling,Marc Shilling,Merge branch 'carlykube-master',Fri Jul 17 15:20:19 2015 -0400
870db06,Marc Shilling,Marc Shilling,Merge branch 'master' of https://github.com/carlykube/react-native-image-picker into carlykube-master,Fri Jul 17 15:15:54 2015 -0400
7e290ea,Carly Kubacak,Carly Kubacak,Adding ability to return base64 image with image orientation.,Fri Jul 17 13:53:15 2015 -0500
50364f7,Marc Shilling,Marc Shilling,0.2.1,Mon Jul 13 16:27:08 2015 -0400
f7d8e25,Marc Shilling,Marc Shilling,remove peer dependencies,Mon Jul 13 16:25:42 2015 -0400
97fa0db,Marc Shilling,Marc Shilling,updated formatting, comments,Mon Jul 6 09:40:27 2015 -0400
af24fd6,Marc Shilling,Marc Shilling,Merge branch 'vorjdux-master',Mon Jul 6 09:37:02 2015 -0400
4ee3744,Matheus Santos,Matheus Santos,v0.2.0,Wed Jul 1 21:33:17 2015 -0300
05a0321,Matheus Santos,Matheus Santos,Method signature changed and callback params for improve functionality and extensibility for i18n and more smart feedback component,Wed Jul 1 21:29:18 2015 -0300
e0dcfc1,Marc Shilling,Marc Shilling,Merge pull request #4 from vorjdux/master,Tue Jun 30 11:51:10 2015 -0400
8c58ac4,Matheus Santos,Matheus Santos,0.1.1,Tue Jun 30 12:21:54 2015 -0300
0b8823e,Matheus Santos,Matheus Santos,Fix README, remove node_modules and add .gitignore,Tue Jun 30 11:03:05 2015 -0300
f4b548a,Marc Shilling,Marc Shilling,var instead of let for non-ES6ers,Mon Jun 29 17:44:04 2015 -0400
b19e1dd,Marc Shilling,Marc Shilling,0.1.0,Mon Jun 29 17:33:38 2015 -0400
e0a5ff8,Marc Shilling,Marc Shilling,lower version,Mon Jun 29 17:33:33 2015 -0400
798c61f,Marc Shilling,Marc Shilling,bumped version,Mon Jun 29 17:25:36 2015 -0400
642d62d,Marc Shilling,Marc Shilling,fixed crash when attempting to select Take Photo from the simulator,Mon Jun 29 17:24:56 2015 -0400
b5263ec,Marc Shilling,Marc Shilling,Merge branch 'vorjdux-master',Mon Jun 29 11:14:10 2015 -0400
0cace80,Matheus Santos,Matheus Santos,Change keywords,Mon Jun 29 11:49:10 2015 -0300
4ba22da,Matheus Santos,Matheus Santos,Added package.json and version for work with npm install,Mon Jun 29 11:48:14 2015 -0300
cc840a9,Marc Shilling,Marc Shilling,Update README.md,Mon Jun 8 17:33:24 2015 -0400
b63f26c,Marc Shilling,Marc Shilling,Merge branch 'master' of github.com:marcshilling/react-native-image-picker,Mon Jun 8 17:32:22 2015 -0400
f3dc978,Marc Shilling,Marc Shilling,added screenshot,Mon Jun 8 17:31:11 2015 -0400
3a687c1,Marc Shilling,Marc Shilling,Update README.md,Mon Jun 8 17:28:45 2015 -0400
05d2614,Marc Shilling,Marc Shilling,initial commit,Mon Jun 8 17:10:42 2015 -0400
54ad42a,Marc Shilling,Marc Shilling,Initial commit,Mon Jun 8 16:25:31 2015 -0400