ad64dd7,Leonid Pliushch,Leonid Pliushch,update bootstrap archives,Mon Oct 12 20:39:28 2020 +0300
dfc4595,Fredrik Fornwall,Fredrik Fornwall,version 0.102,Fri Oct 2 10:30:18 2020 +0200
8c80efb,Fredrik Fornwall,Fabian Henneke,Add an "Autofill password" context menu action,Fri Oct 2 10:21:34 2020 +0200
564079c,Leonid Pliushch,Leonid Pliushch,update .gitattributes,Thu Oct 1 01:08:39 2020 +0300
5b6fd9b,Leonid Pliushch,Leonid Pliushch,version 0.101,Mon Sep 28 03:30:21 2020 +0300
63bfe95,Leonid Pliushch,Leonid Pliushch,update bootstrap archives again,Mon Sep 28 03:28:49 2020 +0300
af95a99,Leonid Pliushch,Leonid Pliushch,version 0.100,Mon Sep 28 00:59:52 2020 +0300
25523ae,Leonid Pliushch,Leonid Pliushch,fix bootstrap archive checksum for arm,Mon Sep 28 00:52:44 2020 +0300
665adb6,Leonid Pliushch,Leonid Pliushch,update bootstrap archives,Mon Sep 28 00:46:38 2020 +0300
eb7fda2,GitHub,Henrik Grimler,Merge pull request #1764 from agnostic-apollo/termux-run-command-crash-and-foreground-patch,Sun Sep 27 21:02:56 2020 +0200
7063a3a,agnostic-apollo,agnostic-apollo,Add @override annotation to onStartCommand() function of RunCommandService.,Fri Sep 18 22:25:05 2020 +0500
6e02b99,agnostic-apollo,agnostic-apollo,Update RunCommandService docs.,Fri Sep 18 22:22:35 2020 +0500
9aae665,agnostic-apollo,agnostic-apollo,Fix issue where termux session does not come to foreground automatically in android >= 10 unless user manually clicks termux notification for "RUN_COMMAND" intents and "Termux:Tasker" plugin actions that have background mode "false" because of new restrictions of starting activities from background. This is done by adding "android.permission.SYSTEM_ALERT_WINDOW" permission in AndroidManifest.xml so that the user may optionally grant "Draw Over Apps" permission to termux to fix the issue.,Fri Sep 18 22:21:58 2020 +0500
52ce6cc,agnostic-apollo,agnostic-apollo,Add support for "$PREFIX/" and "~/" prefix in "RUN_COMMAND" intent extras for paths.,Fri Sep 18 22:21:31 2020 +0500
f91168e,agnostic-apollo,agnostic-apollo,Fix issue where termux crashes occasionally in android >= 8 because "startForeground()" function is not being called before running "startForegroundService()" in RunCommandService.,Fri Sep 18 22:20:23 2020 +0500
8faa5b2,Henrik Grimler,Henrik Grimler,TerminalEmulator: fix bug in DECRQM handling,Sat Sep 12 21:27:24 2020 +0200
216cc10,Leonid Pliushch,Leonid Pliushch,Revert "add gradle distribution sha256",Sat Sep 12 19:06:54 2020 +0000
cba80b6,Leonid Pliushch,Leonid Pliushch,add gradle distribution sha256,Tue Sep 1 03:38:53 2020 +0300
850faa2,Leonid Pliushch,Leonid Pliushch,version 0.99,Wed Aug 26 20:51:05 2020 +0300
a108b2b,Leonid Pliushch,Leonid Pliushch,gradle 6.6.1,Wed Aug 26 20:40:29 2020 +0300
b95823d,Leonid Pliushch,Leonid Pliushch,update bootstrap archives,Wed Aug 26 20:27:47 2020 +0300
382da7e,Leonid Pliushch,Leonid Pliushch,terminal view: provide a workaroud for issue with some keyboards,Wed Aug 26 20:04:22 2020 +0300
ba9c118,GitHub,blackcat-917,readme: fix a copy-paste typo (#1720),Sat Aug 22 00:17:45 2020 +0300
531c32f,Leonid Pliushch,Leonid Pliushch,CI: do builds for android-10 branch,Sun Aug 16 22:56:55 2020 +0300
db2f50c,Leonid Pliushch,Leonid Pliushch,extra keys: use TextUtils.join instead of String.join,Fri Aug 14 15:08:32 2020 +0300
784affe,Leonid Pliushch,Leonid Pliushch,linter: fix wakelock log tag,Fri Aug 14 15:03:51 2020 +0300
b486d29,GitHub,Leonid Pliushch,fix RUN_COMMAND permission description,Fri Aug 14 14:50:34 2020 +0300
332f110,Fredrik Fornwall,Fredrik Fornwall,Update drawerlayout library,Sun Aug 9 00:07:35 2020 +0200
5a70be1,Leonid Pliushch,Leonid Pliushch,terminal emulator: flush remaining process output data when terminating session,Sat Aug 8 02:22:47 2020 +0300
619552e,Leonid Pliushch,Leonid Pliushch,version 0.98 (v0.97 is non-release, so updating from 0.96 to 0.98),Fri Aug 7 15:39:44 2020 +0300
70580ab,Leonid Pliushch,Leonid Pliushch,update bootstrap archives,Fri Aug 7 15:39:11 2020 +0300
f191c35,GitHub,Henrik Grimler,Merge pull request #1693 from landfillbaby/patch-1,Fri Aug 7 13:39:33 2020 +0200
bd7ed28,Lucy Phipps,lucy phipps,update WcWidth.java, add note about c version,Fri Aug 7 07:38:06 2020 +0100
b68bd10,GitHub,hannesa2,Gradle 6.5.1 (#1686),Tue Aug 4 15:37:18 2020 +0300
5075273,GitHub,hannesa2,Android Studio 4.0.1 (#1687),Tue Aug 4 15:36:41 2020 +0300
04268f4,GitHub,cn,move sdk version configs to gradle.properties (#1685),Tue Aug 4 15:36:14 2020 +0300
6f24628,Leonid Pliushch,Leonid Pliushch,version 0.96,Thu Jul 30 23:56:27 2020 +0300
debbe44,Leonid Pliushch,Leonid Pliushch,update bootstrap archives,Thu Jul 30 23:47:26 2020 +0300
b2ff0e4,Leonid Pliushch,Agnostic Apollo,Changed static string "EXTRA_EXECUTE_IN_BACKGROUND" access to public,Thu Jul 30 21:39:41 2020 +0300
9e7029b,Leonid Pliushch,Agnostic Apollo,Receive "RUN_COMMAND_ARGUMENTS" extra for "RUN_COMMAND_ACTION" intent as a string array extra instead of a string extra since TermuxService expects it that way.,Thu Jul 30 21:39:41 2020 +0300
5137079,Leonid Pliushch,Egor Zhdanov,update notification icon,Tue Jul 14 12:36:56 2020 +0300
0910844,Leonid Pliushch,Danny Lin,Invert selected text instead of highlighting,Sun Jul 12 17:54:47 2020 +0300
f33ebf8,Leonid Pliushch,Danny Lin,Fix selection rendering with alternate cursor styles,Sat Jul 4 15:31:45 2020 +0300
930029b,Leonid Pliushch,Felix C. Stegerman,export COLORTERM=truecolor,Mon Jun 22 02:07:20 2020 +0300
33def92,Leonid Pliushch,Leonid Pliushch,add DEX2OATBOOTCLASSPATH environment variable,Fri Jun 19 22:25:51 2020 +0300
fc04a93,Leonid Pliushch,Leonid Pliushch,get rid of Android 5 legacy stuff,Fri Jun 19 22:18:28 2020 +0300
8d302aa,Leonid Pliushch,Leonid Pliushch,fix am on Android R,Fri Jun 19 22:18:21 2020 +0300
2224d91,Leonid Pliushch,Leonid Pliushch,update ndk version,Wed Jun 17 14:08:58 2020 +0300
664ec43,Leonid Pliushch,Leonid Pliushch,version 0.95,Tue Jun 9 23:08:23 2020 +0300
6cf7424,Leonid Pliushch,Leonid Pliushch,extra keys: make popup & pressed button no longer transparent,Tue Jun 9 22:54:57 2020 +0300
72981fb,Leonid Pliushch,Leonid Pliushch,Use vector drawables for text selection handle,Tue Jun 9 21:47:11 2020 +0300
2c5534e,Leonid Pliushch,Leonid Pliushch,RunCommandService: update information about usage,Tue Jun 9 16:07:42 2020 +0300
5b32540,Leonid Pliushch,Leonid Pliushch,minor refactoring: RunCommand => RunCommandService,Tue Jun 9 15:48:56 2020 +0300
db3ff7b,Leonid Pliushch,Leonid Pliushch,Provide a service for executing commands by third-party applications,Tue Jun 9 15:36:08 2020 +0300
5f71e3e,Leonid Pliushch,Trygve Aaberge,Join lines that fills the width when selecting urls,Tue Jun 9 13:41:36 2020 +0300
3e04ea4,Leonid Pliushch,Josh Home,Add Log file to view intent #1497,Tue Jun 9 12:31:59 2020 +0300
0af8236,GitHub,Trygve Aaberge,Improvements to extra keys (#1479),Tue Jun 9 12:17:07 2020 +0300
4d9c0c3,Leonid Pliushch,Trygve Aaberge,Update notification icon to match launcher icon,Tue Jun 9 12:11:49 2020 +0300
9c32935,GitHub,Leonid Pliushch,fix ndk version for terminal-emulator module,Tue Jun 9 12:08:13 2020 +0300
669c336,GitHub,Leonid Pliushch,update ndk version,Tue Jun 9 12:02:41 2020 +0300
35842cf,GitHub,Trygve Aaberge,Set orientation of HandleView in show (#1477),Tue Jun 9 11:59:59 2020 +0300
b086270,Leonid Pliushch,Trygve Aaberge,Support auto detection of dark theme,Tue Jun 9 11:59:07 2020 +0300
f39f06a,Leonid Pliushch,Leonid Pliushch,update bootstraps again,Sun Jun 7 22:36:14 2020 +0300
58440bc,Leonid Pliushch,Leonid Pliushch,update bootstraps again,Sun Jun 7 03:56:51 2020 +0300
9f438e2,Leonid Pliushch,Leonid Pliushch,update bootstraps,Sat Jun 6 22:42:29 2020 +0300
f794bfc,GitHub,Leonid Pliushch,Handle all exceptions when loading termux.properties (#1590),Sat Jun 6 21:20:05 2020 +0300
b6d7831,GitHub,hannesa2,Fix CI build and see result in pull request (#1565),Sun May 24 02:05:24 2020 +0200
d212198,Leonid Pliushch,Leonid Pliushch,update bootstraps,Sun May 24 02:44:06 2020 +0300
c284389,Fredrik Fornwall,Fredrik Fornwall,Fix build by specifying ndkVersion,Sun May 24 01:27:01 2020 +0200
c4c4912,Fredrik Fornwall,Fredrik Fornwall,Avoid specifying ndk version,Sun May 24 01:22:33 2020 +0200
38a3319,Fredrik Fornwall,Hannes Achleitner,show result in pull request,Sun May 24 01:08:01 2020 +0200
7e13b8a,Fredrik Fornwall,Hannes Achleitner,Verify Gradle,Sun May 24 01:08:01 2020 +0200
6dca19a,Fredrik Fornwall,Frieder Bluemle,Update Android Gradle plugin to 3.6.3,Sun May 24 01:06:15 2020 +0200
2659c06,GitHub,Leonid Plyushch,Remove irrelevant message from bootstrap installation error,Thu Apr 30 14:34:35 2020 +0300
9b7c710,Fredrik Fornwall,Fredrik Fornwall,Bump version to 0.94,Tue Mar 24 23:25:49 2020 +0100
1819087,Fredrik Fornwall,Daniel Lublin,Add tests for URL fragment,Tue Mar 24 23:13:14 2020 +0100
366a61f,Fredrik Fornwall,Daniel Lublin,Grab fragment when extracting URLs for selection,Tue Mar 24 23:13:14 2020 +0100
6e224ca,Leonid Plyushch,Leonid Plyushch,set ndk version in build.gradle,Sat Mar 21 11:31:52 2020 +0200
8c8fa96,Leonid Plyushch,Leonid Plyushch,update bootstraps,Sat Mar 21 10:35:17 2020 +0200
537f2ed,Fredrik Fornwall,Fredrik Fornwall,Update gradle wrapper,Fri Mar 20 14:42:43 2020 +0100
0e23315,Fredrik Fornwall,Fredrik Fornwall,Add android.useAndroidX=true to gradle.properties,Fri Mar 20 10:44:24 2020 +0100
2cde986,Fredrik Fornwall,Fredrik Fornwall,Update Android gradle plug-in,Mon Mar 16 13:58:34 2020 +0100
d289398,Fredrik Fornwall,Fredrik Fornwall,Update Robolectric from 4.3 to 4.3.1,Fri Feb 21 14:02:53 2020 +0100
93724b7,Fredrik Fornwall,Fredrik Fornwall,Bump version to 0.92,Sun Feb 9 22:59:33 2020 +0100
5d06f04,Fredrik Fornwall,x0b,Fix deletable flags in DocumentProvider,Sun Feb 9 22:57:27 2020 +0100
ed9afa0,Fredrik Fornwall,x0b,Fix #1350: Support createDocument(...),Sun Feb 9 22:57:27 2020 +0100
9703bd3,Fredrik Fornwall,x0b,Fix #1424: Support ACTION_OPEN_DOCUMENT_TREE,Sun Feb 9 22:57:27 2020 +0100
9749f25,Leonid Plyushch,Leonid Plyushch,update bootstrap archives,Sun Feb 9 12:34:11 2020 +0200
453b838,Leonid Plyushch,Leonid Plyushch,update bootstrap archives,Sat Feb 8 20:33:34 2020 +0200
9fdf2a4,Leonid Plyushch,Leonid Plyushch,update readme,Fri Feb 7 15:48:32 2020 +0200
3270506,Leonid Plyushch,Leonid Plyushch,update issue templates,Fri Feb 7 15:05:16 2020 +0200
a240f4c,Leonid Plyushch,Leonid Plyushch,CI: fix job name in run_tests.yml,Fri Feb 7 14:02:34 2020 +0200
4647beb,Leonid Plyushch,Leonid Plyushch,update readme,Fri Feb 7 13:57:08 2020 +0200
d92e806,Leonid Plyushch,Leonid Plyushch,CI: update workflow labels,Fri Feb 7 13:55:45 2020 +0200
b75cf0b,Leonid Plyushch,Leonid Plyushch,CI: add configuration for running terminal emulator unit tests,Fri Feb 7 13:50:12 2020 +0200
f928efe,Leonid Plyushch,Leonid Plyushch,CI: switch to Github Actions,Fri Feb 7 13:47:22 2020 +0200
36db64d,Fredrik Fornwall,Fredrik Fornwall,Bump version to 0.90,Sun Feb 2 03:36:52 2020 +0100
b8f0430,Fredrik Fornwall,Jean Schurger,Prevent kill by Samsung Dex on plug/unplug.,Sun Feb 2 03:36:13 2020 +0100
90e6260,Fredrik Fornwall,Edontin,Allow the user to disable virtual key emulation.,Mon Jan 6 10:21:32 2020 +0100
566d656,Fredrik Fornwall,Fredrik Fornwall,Avoid trailing slash in CWD (fixes #1413),Sun Jan 5 19:14:52 2020 +0100
b729085,Fredrik Fornwall,Fredrik Fornwall,Bump version to 0.88,Sun Jan 5 19:14:35 2020 +0100
a94bcb0,Fredrik Fornwall,Fredrik Fornwall,Bump version to 0.86,Sun Jan 5 02:02:05 2020 +0100
e28be01,Fredrik Fornwall,Fredrik Fornwall,Create new terminal sessions with directory of active session,Sun Jan 5 02:00:25 2020 +0100
7f7c1ef,Fredrik Fornwall,Archenoth,Add PendingIntent in TermuxService to return data from execution,Sun Jan 5 01:07:11 2020 +0100
76df44e,Fredrik Fornwall,Archenoth,Start stderr BackgroundJob Thread,Sun Jan 5 01:07:11 2020 +0100
fd13f3f,Fredrik Fornwall,Fredrik Fornwall,Handle magnet links with termux-url-opener,Sun Jan 5 01:02:47 2020 +0100
269c3ca,Fredrik Fornwall,Leonid Plyushch,properly set bootclasspath environment variable,Sun Jan 5 00:38:49 2020 +0100
662b5ca,Fredrik Fornwall,Fredrik Fornwall,Update gradle wrapper,Wed Jan 1 22:57:52 2020 +0100
3c01b09,Fredrik Fornwall,Fredrik Fornwall,Bump version to 0.85,Sun Dec 29 18:53:00 2019 +0100
1ce2db9,Fredrik Fornwall,Fredrik Fornwall,Merge branch 'maoabc-master',Sun Dec 29 18:50:34 2019 +0100
c987ff7,Fredrik Fornwall,Fredrik Fornwall,Update Android Gradle plug-in,Sun Dec 29 18:49:41 2019 +0100
9e295b1,Fredrik Fornwall,Leonid Plyushch,terminal emulator: clear scrollback buffer when resetting to initial state,Sun Dec 29 18:49:41 2019 +0100
37b3a9f,Fredrik Fornwall,Fredrik Fornwall,Update Android Gradle plug-in,Sun Dec 29 18:49:10 2019 +0100
490853e,Fredrik Fornwall,Leonid Plyushch,terminal emulator: clear scrollback buffer when resetting to initial state,Tue Dec 24 00:32:40 2019 +0100
9ebedc4,mao,mao,Merge remote-tracking branch 'remotes/origin/master',Thu Dec 19 00:43:45 2019 +0800
82730d9,mao,mao,confict,Thu Dec 19 00:34:14 2019 +0800
3d2756f,mao,mao,Optimize handleView move.,Wed Dec 18 23:50:23 2019 +0800
6db51bd,Leonid Plyushch,Leonid Plyushch,remove SDK_INT conditionals,Wed Dec 18 14:06:06 2019 +0200
c238c8b,Leonid Plyushch,mao,Optimize handle view,Wed Dec 18 14:00:58 2019 +0200
60e1556,Leonid Plyushch,mao,Stop selection mode on enter,Wed Dec 18 14:00:57 2019 +0200
e47bd31,Leonid Plyushch,mao,Selection mode fling,Wed Dec 18 14:00:57 2019 +0200
951df6b,Leonid Plyushch,mao,Add selection mode cursor controller,Wed Dec 18 14:00:32 2019 +0200
fcd3bc1,Leonid Plyushch,Leonid Plyushch,update gradle wrapper,Mon Dec 2 17:19:17 2019 +0200
f4db9ff,Fredrik Fornwall,Fredrik Fornwall,Bump version to 0.84,Sun Nov 24 19:10:10 2019 +0100
8784188,Fredrik Fornwall,Leonid Plyushch,extra keys: improve handling of DnD mode,Sun Nov 24 19:08:32 2019 +0100
cf883f5,Fredrik Fornwall,Leonid Plyushch,extra keys: handle actions UP & CANCEL separately,Sun Nov 24 19:08:32 2019 +0100
677d75e,Fredrik Fornwall,Fredrik Fornwall,Remove outdated tests,Sun Nov 24 19:07:34 2019 +0100
cdccc2c,Fredrik Fornwall,Fredrik Fornwall,Do not limit cursor movement to scroll region,Sun Nov 10 22:05:06 2019 +0100
070436a,Fredrik Fornwall,Fredrik Fornwall,Bump version to 0.82,Sun Nov 10 19:26:10 2019 +0100
69ded4b,Fredrik Fornwall,Fredrik Fornwall,Update Android gradle plug-in,Sun Nov 10 19:26:01 2019 +0100
e5a8c0e,Fredrik Fornwall,Fredrik Fornwall,Cleanup after requiring Android 7.0,Sun Nov 3 22:39:21 2019 +0100
29815fb,Fredrik Fornwall,Fredrik Fornwall,Fix gradle deprecation warning,Sun Nov 3 22:35:52 2019 +0100
e930ac0,Fredrik Fornwall,Fredrik Fornwall,Bump version to 0.78,Sun Nov 3 19:18:31 2019 +0100
3b969a0,Fredrik Fornwall,Fredrik Fornwall,Bump version to 0.77,Mon Oct 28 01:54:50 2019 +0100
ae717d8,Fredrik Fornwall,Leonid Plyushch,do not allow to backup data by Google,Sun Oct 27 20:33:12 2019 +0100
6c55c3c,GitHub,Leonid Plyushch,bootstraps: update to v18,Sun Oct 20 22:06:18 2019 +0300
c0a0822,Fredrik Fornwall,Fredrik Fornwall,Do not set LD_LIBRARY_PATH by default,Sun Oct 20 20:48:10 2019 +0200
08b08d1,Fredrik Fornwall,Fredrik Fornwall,Bump version to 0.76,Sun Oct 20 20:16:48 2019 +0200
c76cec1,Fredrik Fornwall,Fredrik Fornwall,Include bootstrap zips as shared libraries,Sun Oct 20 20:15:50 2019 +0200
5ba3f7c,Fredrik Fornwall,Leon Omelan,Made Black UI an option to configure,Sun Oct 20 20:05:48 2019 +0200
468f878,Fredrik Fornwall,Leon Omelan,Unified UI colors across the app. Dark sidebar and dark app theme for dark Alert Dialogs,Sun Oct 20 20:05:48 2019 +0200
c50a367,Fredrik Fornwall,Fredrik Fornwall,Add .cxx folder to gitignore,Sun Oct 13 20:48:24 2019 +0200
4189f59,Fredrik Fornwall,Leonid Plyushch,add permission ACCESS_NETWORK_STATE,Sun Oct 13 20:05:55 2019 +0200
fdb3764,mao,mao,Optimize handle view,Fri Oct 11 07:37:57 2019 +0800
cb67e80,Leonid Plyushch,Leonid Plyushch,update readme,Mon Oct 7 15:32:21 2019 +0300
3f83368,Leonid Plyushch,Leonid Plyushch,CI: update .cirrus.yml,Mon Oct 7 15:01:22 2019 +0300
8c74626,Leonid Plyushch,Leonid Plyushch,update readme,Mon Oct 7 00:21:57 2019 +0300
6f11390,Leonid Plyushch,Leonid Plyushch,update readme,Mon Oct 7 00:20:33 2019 +0300
33d390a,Leonid Plyushch,Leonid Plyushch,CI: development builds are now signed with publically-shared key,Sun Oct 6 23:24:15 2019 +0300
937eb35,mao,mao,Stop selection mode on enter,Sat Oct 5 18:54:15 2019 +0800
3b4ece6,mao,mao,Selection mode fling,Sat Oct 5 18:30:54 2019 +0800
35a4fda,mao,mao,Add selection mode cursor controller,Sat Oct 5 18:05:42 2019 +0800
0332779,Leonid Plyushch,Leonid Plyushch,update readme,Fri Oct 4 23:50:46 2019 +0300
f19575b,Leonid Plyushch,Leonid Plyushch,readme: update status badge url,Fri Oct 4 02:16:22 2019 +0300
6a95809,Leonid Plyushch,Leonid Plyushch,CI: add test keystore,Fri Oct 4 02:08:44 2019 +0300
ac8dab7,Leonid Plyushch,Leonid Plyushch,CI: add initial configuration for Cirrus,Fri Oct 4 01:59:49 2019 +0300
243285f,Leonid Plyushch,Leonid Plyushch,CI: remove Travis setup,Fri Oct 4 01:59:49 2019 +0300
b618221,Fredrik Fornwall,Fredrik Fornwall,Update android gradle plug-in,Wed Oct 2 21:37:23 2019 +0200
e206121,Fredrik Fornwall,Fredrik Fornwall,Bump version to 0.75,Sun Sep 8 21:43:52 2019 +0200
deceffa,Fredrik Fornwall,Fredrik Fornwall,Update gradle configuration,Sun Sep 8 21:43:07 2019 +0200
c19909c,Fredrik Fornwall,Leonid Plyushch,improve url matching regex,Sun Sep 8 20:10:26 2019 +0200
5b7e406,Fredrik Fornwall,Leonid Plyushch,handle possible ActivityNotFoundException when requesting to disable battery optimizations,Sun Sep 8 20:10:15 2019 +0200
a3673d1,Fredrik Fornwall,Leonid Plyushch,extra keys: follow DnD mode and haptic feedback Android settings,Sun Sep 8 20:08:16 2019 +0200
d5f9cf8,Fredrik Fornwall,Fredrik Fornwall,Bump version to 0.74,Sun Aug 18 22:11:21 2019 +0200
549f095,Fredrik Fornwall,hungphd,Change method name 'with' to 'getInstance',Sun Aug 18 20:30:34 2019 +0200
94e5bc8,Fredrik Fornwall,Daniil Gentili,Ignore battery optimization settings to prevent suspension,Sun Aug 18 20:23:00 2019 +0200
370ac2b,Fredrik Fornwall,Fredrik Fornwall,Avoid joining lines for shared transcript (#1166),Sun Aug 4 19:42:36 2019 +0200
7041f41,Fredrik Fornwall,Fredrik Fornwall,Bump version to 0.73,Sun Aug 4 17:03:41 2019 +0200
dd6a212,Fredrik Fornwall,Fredrik Fornwall,Update the Android Gradle plugin,Sun Aug 4 16:44:58 2019 +0200
445da0c,Fredrik Fornwall,Fredrik Fornwall,Fix problem with sharing large terminal transcript,Sun Jul 14 20:26:16 2019 +0200
9298082,Fredrik Fornwall,Sacha Chua,Add function keys F1 to F12 as keyboard options,Thu Jul 4 23:27:13 2019 +0200
7d42b07,Fredrik Fornwall,Michal Bednarski,Also export ANDROID_TZDATA_ROOT,Thu Jul 4 23:26:55 2019 +0200
e502b91,Fredrik Fornwall,Fredrik Fornwall,Respect failsafe sessions in ACTION_EXECUTE,Sun Jun 9 20:00:17 2019 +0200
9f2d887,GitHub,Leonid Plyushch,minor fix for log message while removing tmpdir,Sun Jun 9 14:31:09 2019 +0300
e6aacc5,Fredrik Fornwall,Fredrik Fornwall,Update Android Gradle plug-in,Mon May 27 14:07:50 2019 +0200
ff935be,Fredrik Fornwall,Fredrik Fornwall,Add versionName gradle task,Mon May 27 00:07:41 2019 +0200
4e76162,Fredrik Fornwall,Fredrik Fornwall,Bump version to 0.72,Mon May 27 00:03:42 2019 +0200
5fa4f26,Fredrik Fornwall,Leonid Plyushch,set BOOTCLASSPATH environment variable,Sun May 26 20:05:03 2019 +0200
81b5889,Fredrik Fornwall,Fredrik Fornwall,Bump version to 0.71,Tue May 21 21:52:39 2019 +0200
514f592,Fredrik Fornwall,Leonid Plyushch,let $PREFIX/tmp be cleaned when TermuxService is going to be stopped,Tue May 21 21:52:14 2019 +0200
9f79393,Fredrik Fornwall,Leonid Plyushch,Revert "clean /tmp directory on cold start",Tue May 21 21:52:14 2019 +0200
e49d514,Fredrik Fornwall,Leonid Plyushch,Revert "sessions: do not clear TMPDIR if application was not started",Tue May 21 21:52:14 2019 +0200
4e14623,Fredrik Fornwall,Leonid Plyushch,remove intent category "default",Tue May 21 21:52:14 2019 +0200
b0f1773,Fredrik Fornwall,Fredrik Fornwall,Bump version to 0.70,Mon May 20 13:32:35 2019 +0200
af9f28c,Fredrik Fornwall,Fredrik Fornwall,Remove the failsafe activity,Mon May 20 13:32:03 2019 +0200
fef0c66,Fredrik Fornwall,Nishith Khanna,Tweak notification icon color to make it work with dark notifcations,Mon May 20 13:27:58 2019 +0200
7a5da83,Fredrik Fornwall,Fredrik Fornwall,Bump version to 0.69,Sun May 12 00:18:02 2019 +0200
97f0138,Fredrik Fornwall,Fredrik Fornwall,Update Android Gradle plugin,Sun May 12 00:17:16 2019 +0200
012ff83,Fredrik Fornwall,Jonas L,Add limit for the bell (vibration),Sun May 12 00:13:54 2019 +0200
a082c63,Fredrik Fornwall,Michal Bednarski,Make am work on Android Q,Sun May 12 00:10:27 2019 +0200
8c27084,Fredrik Fornwall,Fredrik Fornwall,Bump version to 0.68,Mon Apr 22 00:54:27 2019 +0200
f4fb45c,Fredrik Fornwall,Fredrik Fornwall,Add the label attribute on TermuxActivity,Sun Apr 21 20:19:34 2019 +0200
0605fc4,Leonid Plyushch,Leonid Plyushch,reformat res/values/strings.xml,Thu Apr 18 20:22:40 2019 +0300
3bbd61f,Leonid Plyushch,Leonid Plyushch,extra keys view: fix crash in some cases,Wed Apr 17 03:13:32 2019 +0300
42fc0ea,Fredrik Fornwall,Fredrik Fornwall,Bump version to 0.67,Sun Apr 14 20:55:52 2019 +0200
6218d08,Fredrik Fornwall,Fredrik Fornwall,Use https://termux.org/bootstrap-${ARCH}.zip,Mon Apr 8 19:06:57 2019 +0200
10fe238,Fredrik Fornwall,Leonid Plyushch,termux service: make sure that styling is always applied whenever session starts,Sun Apr 7 20:53:38 2019 +0200
fe41cd4,Fredrik Fornwall,Leonid Plyushch,sessions: failsafe session is now accessible via separate launcher icon,Sun Apr 7 20:51:25 2019 +0200
bda8054,Fredrik Fornwall,Fredrik Fornwall,Do not export LD_LIBRARY_PATH if bintray is used,Wed Apr 3 23:20:08 2019 +0200
70a7866,Fredrik Fornwall,Fredrik Fornwall,Install from bintray on Android 7 and later,Wed Apr 3 23:02:31 2019 +0200
e4220a7,Fredrik Fornwall,Fredrik Fornwall,Update the Android gradle plugin,Wed Apr 3 23:02:31 2019 +0200
bd45837,Fredrik Fornwall,Leonid Plyushch,sessions: do not clear TMPDIR if application was not started,Sun Feb 24 22:01:31 2019 +0200
ddf5341,Fredrik Fornwall,Leonid Plyushch,native text input: make text selection visible,Sun Feb 24 22:01:22 2019 +0200
85a48a7,Leonid Plyushch,Yuvraj Saxena,termux-app: Fix a typo in TermuxPreferences,Tue Feb 19 20:22:26 2019 +0200
e3512c9,Fredrik Fornwall,Tom Yan,fix termux/termux-app#995 on the java side,Wed Feb 13 22:50:29 2019 +0100
3303018,Fredrik Fornwall,Fredrik Fornwall,Send \r instead of \n from native input text view (fixes #1020),Sat Feb 9 23:14:44 2019 +0100
2a36b91,Fredrik Fornwall,iamahuman,Implement CSI 3 J - Clear transcript,Tue Feb 5 23:27:25 2019 +0100
c986a46,Fredrik Fornwall,Leonid Plyushch,extra keys: fix crash when clicking on "empty" (undefined) key,Tue Feb 5 23:26:08 2019 +0100
ed8bd4b,Fredrik Fornwall,Fredrik Fornwall,Update gradle wrapper,Sun Feb 3 22:38:55 2019 +0100
7f4df83,Fredrik Fornwall,Fredrik Fornwall,Toggle the extra keys view with VolumeUp+K,Mon Jan 21 00:52:24 2019 +0100
ad1ce58,Fredrik Fornwall,Fredrik Fornwall,Bump version to 0.66,Mon Jan 21 00:37:39 2019 +0100
158908a,Fredrik Fornwall,Fredrik Fornwall,Keep help context menu item as last item,Mon Jan 21 00:34:02 2019 +0100
d8f066d,Fredrik Fornwall,Fredrik Fornwall,Minor restructuring of TermuxPreferences,Mon Jan 21 00:33:03 2019 +0100
743225a,Fredrik Fornwall,Leonid Plyushch,feature: allow to keep screen on,Mon Jan 21 00:24:49 2019 +0100
b38ae24,Fredrik Fornwall,Fredrik Fornwall,Make termux-reload-settings reload the extra keys directly,Mon Jan 21 00:12:07 2019 +0100
70c1bdd,Fredrik Fornwall,Fredrik Fornwall,Use constant for utf-8 encoding,Sun Jan 20 23:58:04 2019 +0100
4df2850,Fredrik Fornwall,Fredrik Fornwall,Use constant for utf-8 encoding,Sun Jan 20 23:50:49 2019 +0100
1e4fa8c,Fredrik Fornwall,Fredrik Fornwall,Update the android gradle plugin,Sun Jan 20 23:49:03 2019 +0100
31f2dc3,Fredrik Fornwall,Fredrik Fornwall,Fix Android Studio lint warning,Sun Jan 20 23:48:23 2019 +0100
fbb048c,Fredrik Fornwall,Henrik Grimler,Add issue templates,Sun Jan 20 23:46:20 2019 +0100
8c3a300,Fredrik Fornwall,Fredrik Fornwall,Migrate to AndroidX,Fri Jan 11 21:19:06 2019 +0100
a8c270f,Fredrik Fornwall,Fredrik Fornwall,Use size in icon name in big icon,Fri Jan 11 00:36:47 2019 +0100
829414a,Fredrik Fornwall,Trygve Aaberge,Reduce the height of viewpager/ExtraKeysView to previous height,Fri Jan 11 00:32:22 2019 +0100
8e0b862,Fredrik Fornwall,Fredrik Fornwall,Update art/copy-to-other-apps.sh,Thu Jan 10 23:58:18 2019 +0100
e2bda2b,Fredrik Fornwall,Fredrik Fornwall,Add art/generate-big-icon.sh script,Fri Nov 23 02:22:38 2018 +0100
8c7b1a6,Fredrik Fornwall,Fredrik Fornwall,Minor icon tweaks,Fri Nov 23 02:12:57 2018 +0100
cb0710b,Fredrik Fornwall,Fredrik Fornwall,Use a solid color as background for adaptive icon,Sat Nov 17 23:34:14 2018 +0100
b54c827,Fredrik Fornwall,Fredrik Fornwall,Add .swp to gitignore,Sat Nov 17 23:26:26 2018 +0100
7056945,Fredrik Fornwall,Fredrik Fornwall,Move to vector icon also on pre-26,Sat Nov 17 23:19:22 2018 +0100
063ef02,Fredrik Fornwall,Fredrik Fornwall,Let the installer create directories when necessary,Sat Nov 17 22:50:27 2018 +0100
6e6e4fd,Fredrik Fornwall,Fredrik Fornwall,Use vector drawables for the launcher icon,Wed Nov 14 00:21:59 2018 +0100
406438e,Fredrik Fornwall,Fredrik Fornwall,Fix Android Studio lint warnings,Sat Nov 10 23:16:54 2018 +0100
d197747,Fredrik Fornwall,Fredrik Fornwall,Update the Android Gradle plugin,Sat Nov 10 23:16:27 2018 +0100
b456302,Fredrik Fornwall,Fredrik Fornwall,Add casts in termux.c to silence lint warning,Thu Nov 8 22:31:06 2018 +0100
095ed8b,Fredrik Fornwall,Fredrik Fornwall,Use jint as return value from native function,Thu Nov 8 22:28:37 2018 +0100
af445f9,Fredrik Fornwall,Markus Gräb,Improve config parsing,Thu Oct 25 23:31:38 2018 +0200
82f977f,Fredrik Fornwall,Fredrik Fornwall,Remove unused function,Sun Oct 7 20:08:41 2018 +0200
4b52cfb,Fredrik Fornwall,Fredrik Fornwall,Drop the round launcher icon,Tue Oct 2 21:54:03 2018 +0200
b61da23,Fredrik Fornwall,Fredrik Fornwall,Enable java 8,Sat Sep 29 00:49:05 2018 +0200
35df3f7,Fredrik Fornwall,Fredrik Fornwall,Revert to java 8 for travis build,Sat Sep 29 00:32:43 2018 +0200
d584502,Fredrik Fornwall,Fredrik Fornwall,Update .travis.yml,Sat Sep 29 00:27:25 2018 +0200
a691333,Fredrik Fornwall,Fredrik Fornwall,Update the gradle wrapper,Sat Sep 29 00:25:24 2018 +0200
e053cf8,Fredrik Fornwall,Fredrik Fornwall,Update the Android Gradle plugin,Sat Sep 29 00:22:44 2018 +0200
076176a,Fredrik Fornwall,Fredrik Fornwall,Add whole of .idea/ to .gitignore,Sat Sep 29 00:22:22 2018 +0200
08c72f9,Fredrik Fornwall,Fredrik Fornwall,Remove .idea/ folder,Sat Sep 29 00:17:25 2018 +0200
7593ddd,GitHub,Fredrik Fornwall,Update README.md,Sun Sep 23 16:57:58 2018 +0200
6dce32a,Fredrik Fornwall,Matthew Klein,Use 2 spaces for yaml files (.travis.yml),Thu Aug 30 13:51:24 2018 +0200
5ff801c,Fredrik Fornwall,Matthew Klein,Use sdkmanager to download ndk-bundle,Wed Aug 29 13:54:09 2018 +0200
2210467,Fredrik Fornwall,Matthew Klein,Update travis to android 28,Wed Aug 29 13:54:09 2018 +0200
07d6c9b,Fredrik Fornwall,Fredrik Fornwall,Remove unused import,Tue Aug 28 02:51:11 2018 +0200
a9eddce,Fredrik Fornwall,Fredrik Fornwall,compileSdkVersion = targetSdkVersion = 28,Tue Aug 28 02:50:52 2018 +0200
26c95f1,Fredrik Fornwall,Leonid Plyushch,reduce padding to 3dp (5 dp seems too many),Tue Aug 28 02:39:41 2018 +0200
4eca639,Fredrik Fornwall,Leonid Plyushch,add some padding for TerminalView,Tue Aug 28 02:39:41 2018 +0200
beb8a00,Fredrik Fornwall,Leonid Plyushch,clean /tmp directory on cold start,Tue Aug 28 02:37:03 2018 +0200
3693e3c,Fredrik Fornwall,Robert Vanden Eynde,Default extra-keys has TAB after ESC and UP/DOWN arrow keys,Tue Aug 28 02:34:36 2018 +0200
99e8ffc,Fredrik Fornwall,Robert Vanden Eynde,Add aliases for BACKSLASH QUOTE and APOSTROPHE,Tue Aug 28 02:34:36 2018 +0200
0807600,Fredrik Fornwall,Henrik Grimler,ExtraKeys: use ' instead of \" in default key string,Tue Aug 28 02:34:36 2018 +0200
f74293e,Fredrik Fornwall,Robert Vanden Eynde,Use extra-keys spelling and correct default setting,Tue Aug 28 02:34:36 2018 +0200
b99d092,Fredrik Fornwall,Henrik Grimler,ExtraKeys: Prevent app crash if user specifies different row lengths,Tue Aug 28 02:34:36 2018 +0200
af75152,Fredrik Fornwall,Robert Vanden Eynde,Fix refactoring, Ctrl, Alt, Fn keys work again,Tue Aug 28 02:34:36 2018 +0200
ec77be0,Fredrik Fornwall,Henrik Grimler,state -> SpecialButtonState state,Tue Aug 28 02:34:36 2018 +0200
a854960,Fredrik Fornwall,Henrik Grimler,Declare buttonText final String, dont't change value inside reload,Tue Aug 28 02:34:36 2018 +0200
9db8948,Fredrik Fornwall,Henrik Grimler,Fix typos and build errors,Tue Aug 28 02:34:36 2018 +0200
c24167f,Fredrik Fornwall,Robert Vanden Eynde,Use utf-8 for config, Activate defaultCharDisplay, Fix Typo,Tue Aug 28 02:34:36 2018 +0200
49c051c,Fredrik Fornwall,Robert Vanden Eynde,Fix Typo (KeyEvent.KEYCODE_DEL and others),Tue Aug 28 02:34:36 2018 +0200
55efdb2,Fredrik Fornwall,Robert Vanden Eynde,Refactor Ctrl, Alt, Fn code,Tue Aug 28 02:34:36 2018 +0200
d03e420,Fredrik Fornwall,Robert Vanden Eynde,Use LEFT instead of arrow keys in config, and include arrows characters for special keys (will be easily changed in the properties after),Tue Aug 28 02:34:36 2018 +0200
06968a9,Fredrik Fornwall,Henrik Grimler,Extrakeys: fix typo,Tue Aug 28 02:34:36 2018 +0200
244248b,Fredrik Fornwall,Henrik Grimler,Extrakeys: make ― the same as - in some more places,Tue Aug 28 02:34:36 2018 +0200
7187ed6,Fredrik Fornwall,Henrik Grimler,Extrakeys: fix rebase error,Tue Aug 28 02:34:36 2018 +0200
b3eabd9,Fredrik Fornwall,Henrik Grimler,ExtraKeys: fix so app doesn't crash if ctrl/alt aren't in extrakeys,Tue Aug 28 02:34:36 2018 +0200
b51dd4f,Fredrik Fornwall,Henrik Grimler,Extrakeys: show extra key row per default,Tue Aug 28 02:34:36 2018 +0200
f88b9c4,Fredrik Fornwall,Henrik Grimler,ExtraKeys: add possibility for insert, delete, enter and -,Tue Aug 28 02:34:36 2018 +0200
f0eeb47,Fredrik Fornwall,neverwin,add support of configurable extra keys,Tue Aug 28 02:34:36 2018 +0200
57a3a9b,Fredrik Fornwall,Fredrik Fornwall,Request the FOREGROUND_SERVICE permission,Sun Aug 26 01:07:33 2018 +0200
8df73a3,Fredrik Fornwall,Fredrik Fornwall,Set targetSdkVersion 28,Tue Aug 14 01:07:51 2018 +0200
963663e,Fredrik Fornwall,Leonid Plyushch,close sessions without waiting for user input except the last one,Sat Aug 11 23:09:16 2018 +0200
68a83cc,Fredrik Fornwall,Lokesh Krishna,replaces foreground and background layers with nord color variants,Mon Aug 6 21:53:30 2018 +0200
db13ea0,Fredrik Fornwall,Lokesh Krishna,Adds foreground and background layers,Thu Aug 2 00:41:18 2018 +0200
61a44db,Fredrik Fornwall,Lokesh Krishna,Adds alternative drawable resource,Thu Aug 2 00:41:18 2018 +0200
aaa9227,Fredrik Fornwall,Fredrik Fornwall,Bump version to 0.65,Thu Aug 2 00:38:21 2018 +0200
365f972,Fredrik Fornwall,Ico Doornekamp,- in onKeyDown() ignore keys when the Fn key is pressed,Thu Aug 2 00:36:44 2018 +0200
fdae272,Fredrik Fornwall,Fredrik Fornwall,Bump version to 0.64,Mon Jul 2 00:05:04 2018 +0200
b7864d6,Fredrik Fornwall,Leonid Plyushch,deleteFolder(): check if passed argument is a symlink,Sun Jul 1 18:00:54 2018 +0200
d1f0c76,Fredrik Fornwall,Peter Vágner,TerminalView: only use accessibility features when accessibility is enabled when starting the view,Fri Jun 29 12:31:15 2018 +0200
5652624,Fredrik Fornwall,Peter Vágner,Call setContentDescription in onScreenUpdated rather than in onDraw. That will be much less expensive.,Fri Jun 29 12:31:15 2018 +0200
35a9101,Fredrik Fornwall,Peter Vágner,terminalview: add contentDescription to the view so accessibility services can get the text currently being shown.,Fri Jun 29 12:31:15 2018 +0200
2b6a107,Fredrik Fornwall,David xu,fix button background and row height bug in api 21,Fri Jun 29 12:30:02 2018 +0200
c80e126,Fredrik Fornwall,Matthew Klein,Add a .gitattributes file,Thu Jun 28 11:57:12 2018 +0200
8904827,Fredrik Fornwall,Fredrik Fornwall,Bump version to 0.63,Mon Jun 25 14:08:50 2018 +0200
d3b4d35,Fredrik Fornwall,Leonid Plyushch,deleteFolder(): don't treat symlinks as directory,Mon Jun 25 14:08:28 2018 +0200
4080f41,Fredrik Fornwall,Fredrik Fornwall,Bump version to 0.62,Sun Jun 24 01:56:43 2018 +0200
b4e2c99,Fredrik Fornwall,Tom Yan,Stop exporting PS1,Fri Jun 22 01:11:51 2018 +0200
c592320,Fredrik Fornwall,Quasic,fix indent with vim on termux,Fri Jun 22 00:33:35 2018 +0200
bafd21b,Fredrik Fornwall,Quasic,fmt indentation,Fri Jun 22 00:33:35 2018 +0200
0f20fab,Fredrik Fornwall,Quasic,I think this is it,Fri Jun 22 00:33:35 2018 +0200
c5ae5bb,Fredrik Fornwall,Quasic,oops, should have local Java,Fri Jun 22 00:33:35 2018 +0200
bbd46a7,Fredrik Fornwall,Quasic,Fix for #572 using recursive delete,Fri Jun 22 00:33:35 2018 +0200
dc145d6,Fredrik Fornwall,David xu,minify long press interval,Fri Jun 22 00:29:51 2018 +0200
ce2d1c0,Fredrik Fornwall,David xu,restore terminalview,Fri Jun 22 00:29:51 2018 +0200
f2f7f96,Fredrik Fornwall,David xu,feat for - ―,Fri Jun 22 00:29:51 2018 +0200
2e53ef0,Fredrik Fornwall,David xu,fix popup bug,Fri Jun 22 00:29:51 2018 +0200
8c82f43,Fredrik Fornwall,xqdoo00o,delete unnecss code,Fri Jun 22 00:29:51 2018 +0200
3a16f46,Fredrik Fornwall,david,add symbol popup,Fri Jun 22 00:29:51 2018 +0200
594a5df,Fredrik Fornwall,xqdoo00o,comment unnecss code,Fri Jun 22 00:29:51 2018 +0200
d5e007d,Fredrik Fornwall,david,feat button color,Fri Jun 22 00:29:51 2018 +0200
f4335d3,Fredrik Fornwall,david,add some functional keys,Fri Jun 22 00:29:51 2018 +0200
90b6f93,Fredrik Fornwall,Michał Bednarski,Add fast path for TerminalRow.setChar,Fri Jun 22 00:21:31 2018 +0200
17c4a45,Fredrik Fornwall,Fredrik Fornwall,Bump gradle dependencies,Fri Jun 15 00:22:52 2018 +0200
6d9ffb6,Fredrik Fornwall,Fredrik Fornwall,Bump version to 0.61,Fri Jun 15 00:21:27 2018 +0200
8472fce,Fredrik Fornwall,Fredrik Fornwall,Use lower when looking up mime type from extension,Fri Jun 15 00:19:47 2018 +0200
69d954a,Fredrik Fornwall,Fredrik Fornwall,Update gradle configuration,Thu Jun 14 23:58:41 2018 +0200
ec1087d,Fredrik Fornwall,easyaspi314 (Devin),Replace CRLF with CR as well.,Wed Jun 13 22:45:37 2018 +0200
be6a73d,Fredrik Fornwall,easyaspi314 (Devin),Replace \n with \r when pasting (Fixes #678),Wed Jun 13 22:45:37 2018 +0200
80c81b2,Fredrik Fornwall,l-jonas,Update build.gradle,Mon Jun 11 12:26:35 2018 +0200
cd9dbac,Fredrik Fornwall,Jonas L,Add Google Repository,Mon Jun 11 12:26:35 2018 +0200
0c83779,Fredrik Fornwall,Fredrik Fornwall,Update Android plugin for Gradle,Mon Jun 11 12:23:52 2018 +0200
3417e37,Fredrik Fornwall,Fredrik Fornwall,Update gitignore for Android Studio 3.1,Mon Apr 2 01:38:47 2018 +0200
31ba36e,Fredrik Fornwall,Fredrik Fornwall,Remove explicit buildToolsVersion,Mon Apr 2 00:58:02 2018 +0200
c444f1f,Fredrik Fornwall,Fredrik Fornwall,Update gradle configuration,Mon Apr 2 00:40:16 2018 +0200
9f36ed0,Fredrik Fornwall,RangerMauve,Make TerminalRenderer public,Sat Mar 10 22:55:10 2018 +0100
c2ab5bc,Fredrik Fornwall,Fredrik Fornwall,Bump some dependency versions,Tue Feb 6 23:30:28 2018 +0100
48fab33,Fredrik Fornwall,Fredrik Fornwall,Bump version to 0.60,Fri Jan 26 01:00:37 2018 +0100
8d7a676,Fredrik Fornwall,Marcel Dopita,Fix notification icon color,Mon Jan 1 23:17:22 2018 +0100
186b49d,Fredrik Fornwall,Fredrik Fornwall,Work around travis API 27 SDK checksum mismatch,Mon Jan 1 23:16:43 2018 +0100
40a2775,Fredrik Fornwall,Fredrik Fornwall,Bump version to 0.59,Sat Dec 9 00:59:19 2017 +0100
f802d60,Fredrik Fornwall,Fredrik Fornwall,Do not send mouse clicks out of range (fixes #501),Sat Dec 9 00:58:31 2017 +0100
50f66a1,Fredrik Fornwall,Fredrik Fornwall,Bump version to 0.58,Fri Dec 8 23:32:44 2017 +0100
d8e6fd2,Fredrik Fornwall,Fredrik Fornwall,Set android:resizeableActivity="true",Fri Dec 8 23:30:45 2017 +0100
0964d83,Fredrik Fornwall,Fredrik Fornwall,Bump com.android.support dependencies,Thu Dec 7 10:25:02 2017 +0100
cee0466,Fredrik Fornwall,Fredrik Fornwall,Bump version to 0.57,Thu Dec 7 01:48:51 2017 +0100
de4f334,Fredrik Fornwall,Fredrik Fornwall,Remove the fullscreen setting,Thu Dec 7 01:46:16 2017 +0100
ab205ae,Fredrik Fornwall,Fredrik Fornwall,Update build tools in travis,Thu Dec 7 01:45:30 2017 +0100
b29b24f,Fredrik Fornwall,Fredrik Fornwall,Add android.max_aspect=10.0 metadata,Thu Dec 7 01:39:43 2017 +0100
b3472e9,Fredrik Fornwall,Fredrik Fornwall,Disable the "quick scale" gesture,Thu Dec 7 01:36:29 2017 +0100
ab59e08,Fredrik Fornwall,Fredrik Fornwall,Update build tools,Thu Dec 7 01:12:39 2017 +0100
8b56648,Fredrik Fornwall,Fredrik Fornwall,Do not clear the sessions on ACTION_STOP_SERVICE,Sun Nov 26 00:56:13 2017 +0100
231c02a,Fredrik Fornwall,Fredrik Fornwall,Check for null mTermSession in inputCodePoint(),Sun Nov 26 00:50:13 2017 +0100
65f30e7,Fredrik Fornwall,Fredrik Fornwall,Add tools:ignore="AppLinkUrlError",Sat Nov 25 22:59:03 2017 +0100
686677a,Fredrik Fornwall,Fredrik Fornwall,Update android support dependencies,Sat Nov 25 22:58:46 2017 +0100
85037a7,Fredrik Fornwall,Fredrik Fornwall,Remove redundant cast,Sat Nov 25 22:58:23 2017 +0100
6025afc,Fredrik Fornwall,Fredrik Fornwall,Update the Android Plugin for Gradle to 3.0.1,Fri Nov 24 23:11:55 2017 +0100
a4e4f76,Fredrik Fornwall,Fredrik Fornwall,Remove some Android Studio warnings,Wed Nov 22 01:27:14 2017 +0100
02af113,Fredrik Fornwall,Fredrik Fornwall,Bump app version to 0.56,Sun Nov 19 20:54:16 2017 +0100
fc4ef83,Fredrik Fornwall,Fredrik Fornwall,Configure proguard to keep line numbers,Sun Nov 19 20:53:56 2017 +0100
86bd3ca,Fredrik Fornwall,Fredrik Fornwall,Bump app version to 0.54,Sun Nov 19 15:27:17 2017 +0100
367398b,Fredrik Fornwall,Fredrik Fornwall,Update gradle configuration,Sun Nov 19 15:27:00 2017 +0100
dd502e5,Fredrik Fornwall,Lauri Tirkkonen,set default notification priority to low,Sun Nov 12 23:44:14 2017 +0100
798125e,Fredrik Fornwall,Fredrik Fornwall,Remove outdated comment,Sun Nov 12 23:06:28 2017 +0100
5126f06,Fredrik Fornwall,Fredrik Fornwall,Update .travis.yml to latest setup,Sun Nov 12 22:30:09 2017 +0100
0bdbf31,Fredrik Fornwall,Fredrik Fornwall,Update gradle configuration,Tue Nov 7 04:25:48 2017 +0100
2deb989,Fredrik Fornwall,Fredrik Fornwall,Update buildToolsVersion to 27.0.1,Tue Nov 7 04:13:26 2017 +0100
694ccc3,Fredrik Fornwall,Fredrik Fornwall,Remove WakefulBroadcastReceiver usage,Sat Nov 4 23:38:49 2017 +0100
c949940,Fredrik Fornwall,Fredrik Fornwall,Update support deps,Thu Nov 2 01:56:42 2017 +0100
d09f70d,Fredrik Fornwall,Fredrik Fornwall,Use a notification channel on Android O,Wed Nov 1 21:15:41 2017 +0100
ac338ce,Fredrik Fornwall,Fredrik Fornwall,Update gradle to 4.3,Tue Oct 31 19:07:00 2017 +0100
092a83a,Fredrik Fornwall,Fredrik Fornwall,Validate file path in TermuxOpenReceiver,Sat Oct 28 16:19:58 2017 +0200
3533b13,Fredrik Fornwall,Fredrik Fornwall,Get rid of two android studio warnings,Sat Oct 28 11:05:43 2017 +0200
d68a0f0,Fredrik Fornwall,Fredrik Fornwall,Update gradle configuration,Sat Oct 28 11:05:43 2017 +0200
9e5293a,Fredrik Fornwall,Fredrik Fornwall,Do not scroll when below bottom margin,Sat Oct 28 11:05:43 2017 +0200
3f04a0a,Fredrik Fornwall,Fredrik Fornwall,Bump build tools version in .travis.yml,Sat Oct 28 11:05:43 2017 +0200
e558f82,Fredrik Fornwall,Fredrik Fornwall,Update gradle configuration,Sat Oct 28 11:05:43 2017 +0200
8ff72dd,Fredrik Fornwall,Auxilus,replace help url with wiki url,Tue Sep 26 18:14:19 2017 +0200
3e05356,GitHub,Fredrik Fornwall,Merge pull request #421 from sdrausty/master,Wed Sep 20 22:37:49 2017 +0200
82673d3,Fredrik Fornwall,Fredrik Fornwall,Update gradle configuration,Sun Sep 17 11:47:12 2017 +0200
f2757fd,GitHub,Fredrik Fornwall,Merge pull request #424 from EdwardBetts/patch-1,Fri Sep 15 00:21:47 2017 +0200
81fb669,GitHub,Edward Betts,correct spelling mistake,Wed Sep 13 16:16:08 2017 +0100
4a45b1b,S D Rausty,S D Rausty,Commit on 20170911 at 13:23:22 and at 1505150602 in Unix time.,Mon Sep 11 13:23:22 2017 -0400
62b08b3,GitHub,S D Rausty,Merge pull request #1 from termux/master,Sun Sep 10 13:24:32 2017 -0400
1e83ea3,GitHub,Fredrik Fornwall,Merge pull request #412 from Auxilus/patch-2,Wed Sep 6 16:26:54 2017 +0200
9c42fdb,GitHub,Auxilus,Added wiki link,Tue Sep 5 10:43:30 2017 +0530
42e3163,Fredrik Fornwall,Fredrik Fornwall,Update gradle to 4.1,Thu Aug 24 20:49:43 2017 +0200
6891213,Fredrik Fornwall,Fredrik Fornwall,Additional REP test,Wed Aug 23 23:29:59 2017 +0200
edc92bb,Fredrik Fornwall,Fredrik Fornwall,Start supporting the REP escape sequence,Sun Aug 13 16:14:31 2017 +0200
d752064,Fredrik Fornwall,Fredrik Fornwall,Update gradle,Sat Jul 29 03:05:48 2017 +0200
adae111,Fredrik Fornwall,Fredrik Fornwall,Update gradle config,Sun Jul 9 21:07:18 2017 +0200
dc92727,GitHub,Fredrik Fornwall,Merge pull request #301 from kzlin129/android-things-auto-launch,Mon Jun 26 02:04:03 2017 +0200
05ea2ea,Fredrik Fornwall,Fredrik Fornwall,Bump version to 0.53,Mon Jun 26 01:30:08 2017 +0200
ad29356,Fredrik Fornwall,Fredrik Fornwall,Fix possible crash in the copy/paste/more dialog,Mon Jun 26 01:29:05 2017 +0200
f9a565d,Fredrik Fornwall,Fredrik Fornwall,Ignore C1 control codes,Mon Jun 26 01:28:18 2017 +0200
5b3909c,GitHub,Will Lin,Update AndroidManifest.xml with expanded comment,Sat Jun 17 15:39:23 2017 +0800
7913e76,Fredrik Fornwall,Fredrik Fornwall,Bump version to 0.52,Tue Jun 13 16:44:33 2017 +0200
ed3a326,GitHub,Fredrik Fornwall,Merge pull request #339 from bumper314/master,Tue Jun 13 10:13:26 2017 +0200
dc3994d,Steven Audette,Steven Audette,Add Multi Window support for Samsung devices,Mon Jun 12 01:47:27 2017 -0600
c972377,Fredrik Fornwall,Fredrik Fornwall,Update gradle config,Sun Jun 11 22:47:59 2017 +0200
d4be782,Fredrik Fornwall,Fredrik Fornwall,Bump version to 0.51,Mon Jun 5 22:49:11 2017 +0200
c299097,Fredrik Fornwall,Fredrik Fornwall,Bump terminal-emulator libraryVersion to 0.50,Mon Jun 5 22:45:44 2017 +0200
45bac89,Fredrik Fornwall,Fredrik Fornwall,Remove unused xmlns:android declaration,Mon Jun 5 22:45:15 2017 +0200
c06770c,GitHub,Fredrik Fornwall,Merge pull request #330 from whydoubt/cursor_preserve_color,Mon Jun 5 22:35:39 2017 +0200
52a627e,GitHub,Fredrik Fornwall,Merge pull request #331 from whydoubt/fix_parameter_fc,Mon Jun 5 22:35:32 2017 +0200
2e93837,Jeff Smith,Jeff Smith,Make cursor save/restore affect color attributes,Sat Jun 3 17:45:36 2017 -0500
58f9f1b,Jeff Smith,Jeff Smith,Add tests for cursor save/restore,Sat Jun 3 17:45:36 2017 -0500
058441d,Jeff Smith,Jeff Smith,Fix FC from too many control code parameters,Sat Jun 3 00:15:09 2017 -0500
888802a,Jeff Smith,Jeff Smith,Add test for CSI followed by many parameters,Sat Jun 3 00:14:20 2017 -0500
1a09b6d,Fredrik Fornwall,Fredrik Fornwall,Change android:extractNativeLibs to false,Thu May 18 13:25:41 2017 +0200
9d3f773,Fredrik Fornwall,Fredrik Fornwall,Update android build tools,Tue May 16 11:11:57 2017 +0200
61f766b,Fredrik Fornwall,Fredrik Fornwall,Bump build tools in .travis.yml,Tue May 16 00:21:15 2017 +0200
3f08376,Fredrik Fornwall,Fredrik Fornwall,Bump version to 0.49,Mon May 15 23:42:55 2017 +0200
cf06e70,Fredrik Fornwall,Fredrik Fornwall,Update gradle configuration,Mon May 15 23:42:30 2017 +0200
0714e43,Fredrik Fornwall,Fredrik Fornwall,Do not show a Toast on clipboard text,Mon May 15 23:42:13 2017 +0200
c263151,Fredrik Fornwall,Fredrik Fornwall,Export TMPDIR to $PREFIX/tmp,Mon May 15 23:40:55 2017 +0200
1be5139,Will Lin,Will Lin,[Android-things] Launch TermuxActivity automatically on boot,Tue Apr 18 20:13:47 2017 +0800
adc43c4,Fredrik Fornwall,Fredrik Fornwall,Perform haptic feedback on extra keys,Sun Apr 16 12:18:13 2017 +0200
779b1ca,Fredrik Fornwall,Fredrik Fornwall,Update the Android gradle plugin to 2.3.1,Wed Apr 5 09:10:54 2017 +0200
e375f99,Fredrik Fornwall,Fredrik Fornwall,Remove float/ module from .idea/gradle.xml,Wed Apr 5 09:09:48 2017 +0200
0ac55cd,Fredrik Fornwall,Fredrik Fornwall,Remove float/,Tue Apr 4 23:39:05 2017 +0200
4aefa50,Fredrik Fornwall,Fredrik Fornwall,Add gradle setup to publish to jcenter,Tue Apr 4 23:31:00 2017 +0200
5b14124,Fredrik Fornwall,Fredrik Fornwall,Make GestureAndScaleRecognizer non-public,Tue Apr 4 20:56:19 2017 +0200
1a9c383,Fredrik Fornwall,Fredrik Fornwall,Fix some invalid html in javadoc,Sun Apr 2 15:11:56 2017 +0200
eefd504,Fredrik Fornwall,Fredrik Fornwall,Use getLocationOnScreen() to calculate position,Sun Apr 2 14:46:47 2017 +0200
19f838e,Fredrik Fornwall,Fredrik Fornwall,Show window if launched when hidden,Sun Apr 2 14:46:00 2017 +0200
63adb2b,Fredrik Fornwall,Fredrik Fornwall,Rename TerminalKeyListener to TerminalViewClient,Sun Apr 2 14:25:34 2017 +0200
7d3a988,Fredrik Fornwall,Fredrik Fornwall,Restructure library modules,Sun Apr 2 14:21:36 2017 +0200
5cd705d,Fredrik Fornwall,Fredrik Fornwall,Reformat all code in float/, getting rid of tabs,Sun Apr 2 14:10:26 2017 +0200
af8b269,Fredrik Fornwall,Fredrik Fornwall,Work on Termux:Float input handling,Sun Apr 2 14:09:43 2017 +0200
8c220ea,Fredrik Fornwall,Fredrik Fornwall,Do not call long press listener when scaling,Sun Apr 2 14:07:19 2017 +0200
0142e1e,Fredrik Fornwall,Fredrik Fornwall,Update Termux:Float launcher icon,Sun Apr 2 07:33:06 2017 +0200
ac0a349,Fredrik Fornwall,Fredrik Fornwall,Remove versionCode&versionName from libraries,Sun Apr 2 07:12:03 2017 +0200
548b091,Fredrik Fornwall,Fredrik Fornwall,Clean up {terminal,view}/build.gradle,Sun Apr 2 06:58:59 2017 +0200
009de5a,Fredrik Fornwall,Fredrik Fornwall,Split up into modules and add float module,Sat Apr 1 19:06:02 2017 +0200
41d0d60,Fredrik Fornwall,Fredrik Fornwall,Respect content type termux-open for url:s,Tue Mar 28 23:52:52 2017 +0200
12ac0fa,Fredrik Fornwall,Fredrik Fornwall,Add android:extractNativeLibs="false" to manifest,Sun Mar 12 20:55:58 2017 +0100
835dfc0,Fredrik Fornwall,Fredrik Fornwall,Avoid synthetic accessor method,Mon Mar 6 01:53:09 2017 +0100
f603168,Fredrik Fornwall,Fredrik Fornwall,Fix some android studio lint warnings,Mon Mar 6 01:47:08 2017 +0100
f74a091,Fredrik Fornwall,Fredrik Fornwall,Remove useless continue statement,Mon Mar 6 01:44:16 2017 +0100
dd6cb52,Fredrik Fornwall,Fredrik Fornwall,Work around Android < 7.0 wifi manager leak,Mon Mar 6 01:42:33 2017 +0100
cab6df5,Fredrik Fornwall,Fredrik Fornwall,Update gradle config,Mon Mar 6 01:41:12 2017 +0100
f6f0809,Fredrik Fornwall,Fredrik Fornwall,Bump version to 0.48,Thu Mar 2 00:32:09 2017 +0100
11ed7e4,Fredrik Fornwall,Fredrik Fornwall,Fix crash when opening URL:s in Android < 7.0,Thu Mar 2 00:29:17 2017 +0100
ed1874d,Fredrik Fornwall,Fredrik Fornwall,Bump version to 0.47,Tue Feb 28 00:47:16 2017 +0100
cb60803,Fredrik Fornwall,Fredrik Fornwall,Tweak launcher size,Tue Feb 28 00:46:21 2017 +0100
fc92a27,Fredrik Fornwall,Fredrik Fornwall,Extended keyboard: allow inline input,Tue Feb 28 00:42:36 2017 +0100
29e62e6,Fredrik Fornwall,Fredrik Fornwall,Use standard actions,Tue Feb 28 00:42:07 2017 +0100
8a7f93d,Fredrik Fornwall,Fredrik Fornwall,Launch $PREFIX/bin/login by default,Tue Feb 28 00:41:20 2017 +0100
420683f,Fredrik Fornwall,Fredrik Fornwall,Add built-in broadcast receiver to open files,Mon Feb 27 22:31:11 2017 +0100
a3256ed,Fredrik Fornwall,Fredrik Fornwall,Travis testing,Sun Feb 5 22:25:37 2017 +0100
57add98,Fredrik Fornwall,Fredrik Fornwall,More attempts to get coverity scan working,Sun Feb 5 21:44:47 2017 +0100
6e5c04e,Fredrik Fornwall,Fredrik Fornwall,Remove the travis certificate workaround,Sun Feb 5 18:24:59 2017 +0100
528a05e,Fredrik Fornwall,Fredrik Fornwall,Remove the welcome dialog,Sat Feb 4 11:31:04 2017 +0100
cb2f892,Fredrik Fornwall,Fredrik Fornwall,Adjust text placement on feature graphics,Fri Dec 30 03:23:53 2016 +0100
8b6e8d7,Fredrik Fornwall,Fredrik Fornwall,Bump version to 0.46,Fri Dec 30 02:43:40 2016 +0100
d0eeaa9,Fredrik Fornwall,Fredrik Fornwall,Call completeWakefulIntent() in Termux service,Fri Dec 30 02:42:41 2016 +0100
b793913,Fredrik Fornwall,Fredrik Fornwall,Style for android tv launcher transition,Fri Dec 30 02:39:26 2016 +0100
d48b438,Fredrik Fornwall,Fredrik Fornwall,Test wcwidth on two more code points,Fri Dec 30 02:39:01 2016 +0100
11afe89,Fredrik Fornwall,Fredrik Fornwall,Try with a bit shorter process completed messages,Fri Dec 30 02:38:41 2016 +0100
bc96f71,Fredrik Fornwall,Fredrik Fornwall,Update the tv banner a bit,Fri Dec 30 02:34:43 2016 +0100
87dfded,Fredrik Fornwall,Fredrik Fornwall,Remove unused on_bell.xml file,Fri Dec 30 01:54:31 2016 +0100
7c0ae4c,Fredrik Fornwall,Fredrik Fornwall,Remove the bell shake animation,Fri Dec 30 01:53:07 2016 +0100
b917acb,Fredrik Fornwall,Fredrik Fornwall,Do not use IME_ACTION_NONE in the inputconnection,Fri Dec 30 01:42:47 2016 +0100
7d9d6fb,Fredrik Fornwall,Fredrik Fornwall,Translate \n to \r when receiving text from an IME,Fri Dec 30 00:45:11 2016 +0100
74040dd,Fredrik Fornwall,Fredrik Fornwall,Add feature and tv banner to art/,Thu Dec 29 22:29:37 2016 +0100
e94f06d,Fredrik Fornwall,Fredrik Fornwall,Silence lint warnings in shortcuts.xml,Wed Dec 28 02:45:14 2016 +0100
af21b6d,Fredrik Fornwall,Fredrik Fornwall,Remove unused variable. Use Collections.addAll(),Wed Dec 28 01:19:57 2016 +0100
e0e8257,Fredrik Fornwall,Fredrik Fornwall,Update build dependencies,Wed Dec 28 01:07:12 2016 +0100
743b067,Fredrik Fornwall,Fredrik Fornwall,Bump version to 0.45,Tue Dec 27 10:43:05 2016 +0100
23333c0,Fredrik Fornwall,Fredrik Fornwall,Fix NPE regression in version 0.44,Tue Dec 27 10:42:41 2016 +0100
f11644f,Fredrik Fornwall,Fredrik Fornwall,travis: Update build tools,Mon Dec 26 05:18:45 2016 +0100
212be59,Fredrik Fornwall,Fredrik Fornwall,gradle: Update build tools,Mon Dec 26 04:48:28 2016 +0100
e3a1f82,Fredrik Fornwall,Fredrik Fornwall,Add art/copy-to-other-apps.sh script,Mon Dec 26 04:45:00 2016 +0100
4f40d5a,Fredrik Fornwall,Fredrik Fornwall,Bump version to 0.44,Mon Dec 26 04:07:44 2016 +0100
df92896,Fredrik Fornwall,Fredrik Fornwall,Add Android 7.1 launcher shortcut for new session,Mon Dec 26 04:07:03 2016 +0100
4c93cb4,Fredrik Fornwall,Fredrik Fornwall,Use constant for intent extra key,Mon Dec 26 00:57:09 2016 +0100
34afb9d,Fredrik Fornwall,Fredrik Fornwall,Give up on using vector drawables for launch icons,Sat Dec 24 01:05:33 2016 +0100
b6ea29d,Fredrik Fornwall,Fredrik Fornwall,Remove duplicate updateNotification() calls,Sat Dec 24 00:25:24 2016 +0100
289d58a,Fredrik Fornwall,Fredrik Fornwall,Try it with launcher icons in drawable-anydpi,Sat Dec 10 22:51:11 2016 -0500
0501ce9,Fredrik Fornwall,Fredrik Fornwall,gradle: Update android gradle plugin,Wed Dec 7 20:26:09 2016 -0500
d12256f,Fredrik Fornwall,Fredrik Fornwall,Add flags to imeOptions,Sun Dec 4 17:32:40 2016 +0100
fcbc036,Fredrik Fornwall,Fredrik Fornwall,Update gradle to 3.2.1,Sun Dec 4 17:26:26 2016 +0100
70d5839,Fredrik Fornwall,Fredrik Fornwall,Bump version to 0.43 for preview testing,Sun Dec 4 04:38:35 2016 +0100
9c19540,Fredrik Fornwall,Fredrik Fornwall,Keep track of background tasks,Sun Dec 4 04:37:13 2016 +0100
9fe0e49,Fredrik Fornwall,Fredrik Fornwall,Render cursor color&shapes (underline and ibeam),Sun Dec 4 01:06:50 2016 +0100
357b17e,Fredrik Fornwall,Fredrik Fornwall,Improve setup of symlinks to external storage,Sun Dec 4 01:04:19 2016 +0100
6334470,Fredrik Fornwall,Fredrik Fornwall,Try to handle Samsung keyboard better,Mon Nov 28 00:26:37 2016 +0100
b8cdd59,Fredrik Fornwall,Fredrik Fornwall,Use gradle build, not assembly, for coverity,Fri Nov 25 03:55:07 2016 +0100
6cf36ff,Fredrik Fornwall,Fredrik Fornwall,Fix typo on coverity setup,Fri Nov 25 03:43:16 2016 +0100
f10ecd4,Fredrik Fornwall,Fredrik Fornwall,Try to fix coverity scans in travis,Fri Nov 25 03:17:50 2016 +0100
26457e8,Fredrik Fornwall,Fredrik Fornwall,Tweak fillcolor in icons for easier svg generation,Fri Nov 25 02:14:54 2016 +0100
6702846,Fredrik Fornwall,Fredrik Fornwall,Update build tools version in travis,Thu Nov 24 23:58:43 2016 +0100
0c6180b,Fredrik Fornwall,Fredrik Fornwall,Update gradle deps,Thu Nov 24 23:26:27 2016 +0100
fcf07f6,Fredrik Fornwall,Fredrik Fornwall,Coverity: Specify "branch_pattern: master",Thu Nov 24 20:15:31 2016 +0100
e272e3b,Fredrik Fornwall,Fredrik Fornwall,Update README a bit,Thu Nov 24 20:05:28 2016 +0100
cdf0e72,Fredrik Fornwall,Fredrik Fornwall,Enable coverity scan for all branches,Thu Nov 24 19:36:38 2016 +0100
70245eb,Fredrik Fornwall,Fredrik Fornwall,Use BackgroundJob.setupProcessArgs for sessions,Wed Nov 23 01:55:29 2016 +0100
ee7631d,Fredrik Fornwall,Fredrik Fornwall,Add a round icon for android-25,Wed Nov 23 01:38:17 2016 +0100
5ecf5d1,Fredrik Fornwall,Fredrik Fornwall,Tweak the icon somewhat,Wed Nov 23 01:37:58 2016 +0100
0c8cd90,Fredrik Fornwall,Fredrik Fornwall,Use $PREFIX/bin/sh for script file without shebang,Sun Nov 20 16:43:27 2016 +0100
e1ea689,Fredrik Fornwall,Fredrik Fornwall,Use to a vector notification icon,Sat Nov 19 22:33:45 2016 +0100
dde854e,Fredrik Fornwall,Fredrik Fornwall,Switch to a vector icon,Sat Nov 19 22:18:26 2016 +0100
07a4607,GitHub,Fredrik Fornwall,Merge pull request #193 from friederbluemle/update-gradle-wrapper,Sat Nov 19 21:04:10 2016 +0100
883be37,Fredrik Fornwall,Fredrik Fornwall,Add a shake animation on a terminal bell,Sat Nov 19 15:41:24 2016 +0100
d939d3d,Frieder Bluemle,Frieder Bluemle,Update Gradle wrapper to 3.2,Fri Nov 18 18:01:00 2016 +0800
a0fa51e,Fredrik Fornwall,Fredrik Fornwall,Start work on background jobs,Wed Oct 26 02:26:44 2016 +0200
755513b,Fredrik Fornwall,Fredrik Fornwall,Update gradle setup,Thu Oct 20 01:00:28 2016 +0200
8ad7a66,Fredrik Fornwall,Fredrik Fornwall,Switch a commit() to apply() for shared prefs,Sun Oct 16 00:13:35 2016 +0200
60f7aad,Fredrik Fornwall,Fredrik Fornwall,Remove logging at info level,Sun Oct 16 00:13:04 2016 +0200
6aa0492,Fredrik Fornwall,Fredrik Fornwall,Add @NonNull annotation,Sun Oct 16 00:12:42 2016 +0200
019aa44,Fredrik Fornwall,Fredrik Fornwall,Update Android Gradle Plugin,Mon Oct 10 22:23:39 2016 +0200
8d3d5e1,GitHub,Fredrik Fornwall,Remove outdated JNI building instructions,Thu Sep 29 01:13:45 2016 +0200
44197b9,Fredrik Fornwall,Fredrik Fornwall,Update .travis.yml,Thu Sep 29 00:34:12 2016 +0200
794c7ee,Fredrik Fornwall,Fredrik Fornwall,Remove deprecated android:singleLine attribute,Tue Sep 27 00:30:05 2016 +0200
0457ddb,Fredrik Fornwall,Fredrik Fornwall,Update build.gradle with latest versions,Tue Sep 27 00:29:47 2016 +0200
283792a,Fredrik Fornwall,Fredrik Fornwall,Refresh listview after changing session name,Tue Sep 27 00:29:08 2016 +0200
be7cfa6,Fredrik Fornwall,Fredrik Fornwall,Fix gradle syntax for Android Studio,Sun Sep 25 01:15:49 2016 +0200
3480bf7,Fredrik Fornwall,Fredrik Fornwall,Switch from cmake to ndk-build,Sat Sep 24 20:22:10 2016 +0200
8314a27,Fredrik Fornwall,Fredrik Fornwall,Setup NDK in travis,Fri Sep 23 08:57:40 2016 +0200
4de82d9,Fredrik Fornwall,Fredrik Fornwall,Update gradle to 3.1,Wed Sep 21 22:34:44 2016 +0200
d658e16,Fredrik Fornwall,Fredrik Fornwall,Use the new cmake support to build JNI code,Wed Sep 21 22:30:20 2016 +0200
26dcd5a,Fredrik Fornwall,Fredrik Fornwall,Update gradle and Android Studio,Mon Sep 19 23:26:49 2016 +0200
8056013,Fredrik Fornwall,Fredrik Fornwall,Bump version to 0.42,Fri Sep 16 23:18:51 2016 +0200
8e90545,Fredrik Fornwall,Fredrik Fornwall,Remove comment from build.gradle,Fri Sep 16 23:18:34 2016 +0200
426ddba,Fredrik Fornwall,Fredrik Fornwall,Remove useless casts,Fri Sep 16 23:17:47 2016 +0200
7e1f8a5,Fredrik Fornwall,Fredrik Fornwall,Change VolumeUp+H to generate ~,Fri Sep 16 23:15:27 2016 +0200
e169af0,Fredrik Fornwall,Fredrik Fornwall,Change shortcuts from Ctrl+Shift to Ctrl+Alt,Fri Sep 16 23:12:56 2016 +0200
a2cb3fa,Fredrik Fornwall,Fredrik Fornwall,Fix numpad 0 and . key handling,Mon Sep 5 23:11:25 2016 +0200
166710f,Fredrik Fornwall,Fredrik Fornwall,Bump version to 0.40,Sun Sep 4 19:00:29 2016 +0200
c1a9b77,Fredrik Fornwall,Fredrik Fornwall,Tweak InputConnection implementation,Sun Sep 4 18:56:28 2016 +0200
afb339e,Fredrik Fornwall,Fredrik Fornwall,Format code,Tue Aug 30 13:47:30 2016 +0200
64c23f4,Fredrik Fornwall,Fredrik Fornwall,Implement true (24-bit) color,Sat Aug 27 00:32:38 2016 +0200
1dc92b2,Fredrik Fornwall,Fredrik Fornwall,Remove unused imports,Mon Aug 22 16:54:55 2016 +0200
990a957,Fredrik Fornwall,Fredrik Fornwall,Bump android support library version,Mon Aug 22 16:53:42 2016 +0200
7bb64d7,Fredrik Fornwall,Fredrik Fornwall,Update android plugin for gradle,Tue Aug 16 10:31:10 2016 +0200
4609dd7,Fredrik Fornwall,Fredrik Fornwall,Switch KEYCODE_HOME -> KEYCODE_MOVE_HOME in tests,Fri Aug 12 06:13:26 2016 +0200
8d00f22,Fredrik Fornwall,Fredrik Fornwall,Catch KEYCODE_MOVE_HOME and not KEYCODE_HOME,Fri Aug 12 04:18:09 2016 +0200
5532421,Fredrik Fornwall,Fredrik Fornwall,Check arches in order of preference,Mon Aug 8 23:22:47 2016 +0200
d2b2797,Fredrik Fornwall,Fredrik Fornwall,Bump version for v0.39,Mon Aug 8 23:19:49 2016 +0200
30b05e9,GitHub,Fredrik Fornwall,Merge pull request #132 from michalbednarski/extrakeysview-alignment,Mon Aug 8 23:10:10 2016 +0200
c350318,Michał Bednarski,Michał Bednarski,Make ExtraKeysView work on Android 5,Mon Aug 8 10:16:47 2016 +0200
c9b49ce,Fredrik Fornwall,Fredrik Fornwall,Bump version to 0.38,Fri Aug 5 00:00:53 2016 +0200
f9c642c,Fredrik Fornwall,Fredrik Fornwall,Support Unicode 9 for wcwidth (don't squash emojis),Thu Aug 4 23:58:09 2016 +0200
c0a5e5f,Fredrik Fornwall,Fredrik Fornwall,Switch to TYPE_NULL as input type,Thu Aug 4 23:56:17 2016 +0200
dfdc9b3,Fredrik Fornwall,Fredrik Fornwall,Allow predictive text area input to remove session,Thu Aug 4 23:27:42 2016 +0200
dfb22e6,Fredrik Fornwall,Fredrik Fornwall,Make user-configurable shortcuts case insensitive,Thu Aug 4 18:11:50 2016 +0200
b95d84f,Fredrik Fornwall,Fredrik Fornwall,Use absolute reference for android.R (lint check),Tue Aug 2 17:34:13 2016 +0200
a73228b,Fredrik Fornwall,Fredrik Fornwall,Fix Enter to finish session in more cases,Mon Aug 1 06:37:49 2016 +0200
eaeb093,Fredrik Fornwall,Fredrik Fornwall,Enable x86_64 and bump version code,Mon Aug 1 01:47:51 2016 +0200
95a5009,Fredrik Fornwall,Fredrik Fornwall,Remove attempt of icons at popup menu actions,Mon Aug 1 00:30:11 2016 +0200
8caeab4,Fredrik Fornwall,Fredrik Fornwall,Tweak the IME mode (from password to URI),Sun Jul 31 22:55:54 2016 +0200
6b62e65,Fredrik Fornwall,Fredrik Fornwall,Some minor AS lint warnings tweaks,Sun Jul 31 22:28:17 2016 +0200
fb7dc21,Fredrik Fornwall,Fredrik Fornwall,Prepare for final build,Sun Jul 31 22:13:50 2016 +0200
d0abd17,Fredrik Fornwall,Fredrik Fornwall,Add version check before field usage,Sun Jul 31 22:13:24 2016 +0200
0550dbf,Fredrik Fornwall,Fredrik Fornwall,Fix backspace in combination with Alt and Ctrl,Wed Jul 27 00:27:21 2016 +0200
9d7ed21,Fredrik Fornwall,Fredrik Fornwall,Fix Ctrl+/ to send same as Ctrl+_,Wed Jul 27 00:26:50 2016 +0200
7e2cbd9,Fredrik Fornwall,Fredrik Fornwall,Update android build tools to 24.0.1,Sat Jul 23 17:09:15 2016 +0200
f9842f2,Fredrik Fornwall,Fredrik Fornwall,Update gradle wrapper to 2.14.1,Sat Jul 23 17:08:54 2016 +0200
962a437,Fredrik Fornwall,Fredrik Fornwall,Update for android studio file,Sat Jul 23 16:52:49 2016 +0200
ef892fc,Fredrik Fornwall,Fredrik Fornwall,Update versions of support dependencies,Sat Jul 23 16:52:24 2016 +0200
2bf9e7b,Fredrik Fornwall,Fredrik Fornwall,Do not send mouse up event after scrolling,Fri Jul 22 00:47:47 2016 +0200
bc15825,Fredrik Fornwall,Fredrik Fornwall,Use static imports throughout,Fri Jul 22 00:23:23 2016 +0200
b16f11c,Fredrik Fornwall,Fredrik Fornwall,Formatting for .travis.yml,Mon Jul 4 23:08:22 2016 +0200
f57232b,Fredrik Fornwall,Fredrik Fornwall,Use jdk8 for travis build,Mon Jul 4 22:55:24 2016 +0200
f156ce2,Fredrik Fornwall,Fredrik Fornwall,Update travis configuration for androi-24,Mon Jul 4 22:24:38 2016 +0200
2db6923,Fredrik Fornwall,Fredrik Fornwall,Reformat code project-wide (getting rid of tabs),Tue Jun 28 01:03:03 2016 +0200
d72fd57,Fredrik Fornwall,Fredrik Fornwall,Various updates mainly for extra keys,Tue Jun 28 00:56:30 2016 +0200
964c0b7,Fredrik Fornwall,Fredrik Fornwall,Cleanup imports,Sun Jun 26 22:39:46 2016 +0200
a049ea5,Fredrik Fornwall,Fredrik Fornwall,Update android studio lint configurations,Sun Jun 26 22:38:52 2016 +0200
95a0878,Fredrik Fornwall,Fredrik Fornwall,Update gradle configuration,Sun Jun 26 22:38:36 2016 +0200
5566b13,Fredrik Fornwall,Fredrik Fornwall,Remove stray character,Sun Jun 26 22:37:12 2016 +0200
9519727,Fredrik Fornwall,Fredrik Fornwall,Enable installation of x86-64 packages,Wed Jun 22 01:31:21 2016 +0200
33d1477,Fredrik Fornwall,Fredrik Fornwall,Remove KeyboardModifiers,Wed Jun 22 00:24:42 2016 +0200
1cc7829,Fredrik Fornwall,Fredrik Fornwall,Update version,Wed Jun 22 00:24:18 2016 +0200
d17bbab,Fredrik Fornwall,Fredrik Fornwall,Strings update for process killing,Wed Jun 22 00:23:57 2016 +0200
a020d7c,Fredrik Fornwall,Fredrik Fornwall,Add a wcwidth test,Wed Jun 22 00:23:38 2016 +0200
9be6470,Fredrik Fornwall,Fredrik Fornwall,Add .idea/inspectionProfiles/,Wed Jun 22 00:23:18 2016 +0200
491240e,Fredrik Fornwall,Fredrik Fornwall,Fix MockTerminalOutput to implement all methods,Wed Jun 8 16:09:42 2016 +0200
599aaff,Fredrik Fornwall,Fredrik Fornwall,Update android gradle plugin,Wed Jun 8 16:09:23 2016 +0200
20d5790,Fredrik Fornwall,Fredrik Fornwall,Make cursor visible by forcing to text color,Wed Jun 8 02:13:14 2016 +0200
2104252,Fredrik Fornwall,Fredrik Fornwall,Change session exit detection,Wed Jun 8 01:37:08 2016 +0200
f047160,Fredrik Fornwall,Fredrik Fornwall,Tweak layout for extra keys view,Mon Jun 6 01:16:20 2016 +0200
a2ebcdc,Fredrik Fornwall,Fredrik Fornwall,Extra keys view: Implement sending text,Mon Jun 6 00:56:42 2016 +0200
0861be3,Fredrik Fornwall,Fredrik Fornwall,Remove some inspect code warnings,Fri May 20 10:46:48 2016 +0200
d1c0b6a,Fredrik Fornwall,Fredrik Fornwall,Add initial support for extra keys,Fri May 20 10:44:23 2016 +0200
8714800,Fredrik Fornwall,Fredrik Fornwall,Add an extra keys view,Fri May 20 10:41:38 2016 +0200
042fbfa,Fredrik Fornwall,Fredrik Fornwall,TerminalView: Start support for extra keys,Fri May 20 10:41:07 2016 +0200
08d6d17,Fredrik Fornwall,Fredrik Fornwall,Add pref for showing extra keys,Fri May 20 10:36:20 2016 +0200
cf19d43,Fredrik Fornwall,Fredrik Fornwall,Gradle build updates,Fri May 20 10:30:25 2016 +0200
f86c7a8,Fredrik Fornwall,Fredrik Fornwall,Update .idea config,Fri May 20 10:10:14 2016 +0200
887d781,Fredrik Fornwall,Fredrik Fornwall,Update build tools versions for travis,Fri May 20 10:09:39 2016 +0200
5be3099,Fredrik Fornwall,Fredrik Fornwall,Update build tools SDK version,Fri May 13 00:18:51 2016 +0200
bdd5c80,Fredrik Fornwall,Fredrik Fornwall,Commit the text on finishComposingText(),Mon May 9 15:39:11 2016 +0200
cc7b6cb,Fredrik Fornwall,Fredrik Fornwall,Change minimum cols&rows from 8 to 4,Wed May 4 22:44:38 2016 +0200
ff2f77c,Fredrik Fornwall,Fredrik Fornwall,Mark reset() private,Wed May 4 22:27:43 2016 +0200
afaa91b,Fredrik Fornwall,Fredrik Fornwall,Update gradle,Thu Apr 28 11:07:43 2016 +0200
46da1fc,Fredrik Fornwall,Fredrik Fornwall,termux.c: Re-indent whole file with vim,Sat Apr 23 12:21:36 2016 +0200
746dc75,Fredrik Fornwall,Fredrik Fornwall,Bump version to 0.34,Fri Apr 22 03:48:28 2016 +0200
7db1f6c,Fredrik Fornwall,Fredrik Fornwall,Add explicit handling of switch constant,Fri Apr 22 03:30:09 2016 +0200
b7f3fdf,Fredrik Fornwall,Fredrik Fornwall,Update android-annotations version,Fri Apr 22 03:28:50 2016 +0200
6e7f777,Fredrik Fornwall,Fredrik Fornwall,Remove support for ACTION_GET_CONTENT,Fri Apr 22 03:26:23 2016 +0200
fc15bd2,Fredrik Fornwall,Fredrik Fornwall,Documents provider: Remove FLAG_SUPPORTS_RECENTS,Fri Apr 22 02:51:13 2016 +0200
a87cbdd,Fredrik Fornwall,Fredrik Fornwall,Make VolumeUp+x send Alt+x,Fri Apr 22 02:20:10 2016 +0200
fb7f7d2,Fredrik Fornwall,Fredrik Fornwall,Ignore warnings about setExecutable(true) failing,Fri Apr 22 02:17:41 2016 +0200
026d0b4,Fredrik Fornwall,Fredrik Fornwall,Expose files through the Storage Access Framework,Fri Apr 22 02:13:50 2016 +0200
533fa60,Fredrik Fornwall,Fredrik Fornwall,Remove unused imports,Fri Apr 22 02:00:36 2016 +0200
dc086a1,Fredrik Fornwall,Fredrik Fornwall,Tweak button ordering on the file received dialog,Sat Apr 16 23:02:20 2016 +0200
2a056ae,Fredrik Fornwall,Fredrik Fornwall,Match less intents for receiving files,Sat Apr 16 23:01:19 2016 +0200
9e70ebc,Fredrik Fornwall,Fredrik Fornwall,Build native libraries for 64-bit arm,Sat Apr 16 21:22:04 2016 +0200
9686127,Fredrik Fornwall,Fredrik Fornwall,Fix installer to check supported abi:s,Sat Apr 16 21:18:21 2016 +0200
395c36e,Fredrik Fornwall,Fredrik Fornwall,Fix typo,Mon Apr 11 14:13:02 2016 +0200
906ff24,Fredrik Fornwall,Fredrik Fornwall,Avoid repetition of home path constant,Mon Apr 11 14:12:21 2016 +0200
c8af974,Fredrik Fornwall,Fredrik Fornwall,Bump version in preparation for 0.33,Mon Apr 11 14:06:23 2016 +0200
481339e,Fredrik Fornwall,Fredrik Fornwall,Do not force chooser when opening url,Mon Apr 11 14:05:31 2016 +0200
b2ecae6,Fredrik Fornwall,Fredrik Fornwall,Update to Android Studio 2.0,Mon Apr 11 13:50:14 2016 +0200
a67f798,Fredrik Fornwall,Fredrik Fornwall,Update the android gradle plugin,Mon Apr 11 13:48:24 2016 +0200
d69485b,Fredrik Fornwall,Fredrik Fornwall,Match less files for file receiving (fixes #66),Fri Mar 25 00:22:49 2016 +0100
421dfcc,Fredrik Fornwall,Fredrik Fornwall,Do not fail with NPE when scheme is null,Wed Mar 23 18:31:03 2016 +0100
3aaa0ab,Fredrik Fornwall,Fredrik Fornwall,Remove unused imports,Mon Mar 21 15:24:02 2016 +0100
e7f9647,Fredrik Fornwall,Fredrik Fornwall,Remove unused variable,Mon Mar 21 15:19:08 2016 +0100
5558f37,Fredrik Fornwall,Fredrik Fornwall,Bump version to 0.31,Mon Mar 21 00:01:59 2016 +0100
0882ed6,Fredrik Fornwall,Fredrik Fornwall,Keep the EXTERNAL_STORAGE environment variable,Sun Mar 20 23:57:34 2016 +0100
5c02448,Fredrik Fornwall,Fredrik Fornwall,Install 64-bit arm packages on capable devices,Sun Mar 20 22:24:05 2016 +0100
17382fb,Fredrik Fornwall,Fredrik Fornwall,Do not have /system/bin in the PATH,Sun Mar 20 22:17:21 2016 +0100
d6eea83,Fredrik Fornwall,Fredrik Fornwall,Make it possible to receive files,Sat Mar 19 00:17:38 2016 +0100
51181c2,Fredrik Fornwall,Fredrik Fornwall,Fix method reference in javadoc,Thu Mar 17 12:31:45 2016 +0100
480b8a4,Fredrik Fornwall,Fredrik Fornwall,Recycle a TypedArray after usage,Thu Mar 17 12:29:30 2016 +0100
f989157,Fredrik Fornwall,Fredrik Fornwall,Extract constants,Wed Mar 16 23:10:44 2016 +0100
0e942f9,Fredrik Fornwall,Fredrik Fornwall,Update gradle from 2.10 to 2.12,Tue Mar 15 00:26:36 2016 +0100
5b8eca4,Fredrik Fornwall,Fredrik Fornwall,Set 4 space indentation in .editorconfig,Tue Mar 15 00:09:10 2016 +0100
493900d,Fredrik Fornwall,Fredrik Fornwall,Add PATH environemnt variable in failsafe mode,Tue Mar 15 00:08:31 2016 +0100
c6d6a63,Fredrik Fornwall,Fredrik Fornwall,Extract variable for clarity,Fri Mar 11 01:20:54 2016 +0100
ca71265,Fredrik Fornwall,Fredrik Fornwall,Handle backspace across wrapped lines (closes #59),Mon Mar 7 23:45:02 2016 +0100
46c9c4b,Fredrik Fornwall,Fredrik Fornwall,Catch IllegalArgumentException from startActivity,Tue Mar 1 16:33:22 2016 +0100
6ca055b,Fredrik Fornwall,Fredrik Fornwall,Fix tabs to not overwrite cells,Thu Feb 25 16:33:00 2016 +0100
ce7ad53,Fredrik Fornwall,Fredrik Fornwall,TermuxFilePickerProvider: Small improvements,Sun Feb 14 00:49:27 2016 +0100
d0015cb,Fredrik Fornwall,Fredrik Fornwall,Bump version to 0.29,Sun Feb 14 00:45:53 2016 +0100
9e19217,Fredrik Fornwall,Fredrik Fornwall,Force refresh when returning in onStart(),Sun Feb 14 00:44:33 2016 +0100
048af64,Fredrik Fornwall,Fredrik Fornwall,Map everything starting with x86 to i686,Sun Feb 14 00:42:34 2016 +0100
a8f7bf1,Fredrik Fornwall,Fredrik Fornwall,Clarify how to find the Help menu entry,Sat Feb 13 22:01:18 2016 +0100
62e229e,Fredrik Fornwall,Fredrik Fornwall,Fix LOG_KEY_EVENTS=true committed by mistake,Sat Feb 13 00:27:58 2016 +0100
36e4d94,Fredrik Fornwall,Fredrik Fornwall,Add *.so to .gitignore,Tue Feb 9 11:33:57 2016 +0100
d2c9c5a,Fredrik Fornwall,Fredrik Fornwall,Bump version to 0.28,Tue Feb 9 11:25:58 2016 +0100
6405180,Fredrik Fornwall,Fredrik Fornwall,Wait for terminal size before starting process,Tue Feb 9 11:24:05 2016 +0100
1b6919b,Fredrik Fornwall,Fredrik Fornwall,Add test comment,Thu Jan 28 16:45:45 2016 +0100
e52cd2d,Fredrik Fornwall,Fredrik Fornwall,Bump version to 0.27,Thu Jan 21 11:53:37 2016 +0100
54857d5,Fredrik Fornwall,Fredrik Fornwall,Replace surrogate chars with U+FFFD,Tue Jan 19 23:11:20 2016 +0100
38dd99e,Fredrik Fornwall,Fredrik Fornwall,Add wcwidth test for U+2060,Tue Jan 19 23:08:28 2016 +0100
7256b04,Fredrik Fornwall,Fredrik Fornwall,Clear autowrap bit at some escape sequences,Tue Jan 19 17:24:18 2016 +0100
01a1c6d,Fredrik Fornwall,Fredrik Fornwall,Change default behaviour of back key to back,Tue Jan 19 17:22:57 2016 +0100
497fc3e,Fredrik Fornwall,Fredrik Fornwall,Add VolumeUp+V to show volume control,Tue Jan 19 17:21:27 2016 +0100
b2b39ab,Fredrik Fornwall,Fredrik Fornwall,Recognize '\033c' - RIS, reset terminal state,Tue Jan 19 12:05:38 2016 +0100
bee305e,Fredrik Fornwall,Fredrik Fornwall,Whitespace/tabs consistency in AndroidManifest.xml,Tue Jan 19 12:01:35 2016 +0100
c8d2f28,Fredrik Fornwall,Fredrik Fornwall,Terminal emulation: Test "CSI X"/ECH processing,Mon Jan 18 15:15:34 2016 +0100
19eb371,Fredrik Fornwall,Fredrik Fornwall,Do not force soft keyboard visible when hw exists,Wed Jan 13 13:17:53 2016 +0100
6caaae4,Fredrik Fornwall,Fredrik Fornwall,Do not start text selection directly on LMB,Wed Jan 13 13:17:36 2016 +0100
ed54410,Fredrik Fornwall,Fredrik Fornwall,Show icons for copy and paste menu items,Wed Jan 13 12:28:31 2016 +0100
8f1ab1b,Fredrik Fornwall,Fredrik Fornwall,Use action mode overlay on pre-6.0 devices,Wed Jan 13 12:27:15 2016 +0100
50337cb,Fredrik Fornwall,Fredrik Fornwall,Fix gesture handling while selecting text,Wed Jan 13 10:52:23 2016 +0100
fa9ea2d,Fredrik Fornwall,Fredrik Fornwall,Do not auto scroll when selecting text,Wed Jan 13 04:20:36 2016 +0100
7a659eb,Fredrik Fornwall,Fredrik Fornwall,Improve session name dialog,Wed Jan 13 03:44:03 2016 +0100
54bc1ed,Fredrik Fornwall,Fredrik Fornwall,Do not recognize gestures while selecting text,Wed Jan 13 03:42:46 2016 +0100
fe4365c,Fredrik Fornwall,Fredrik Fornwall,Simplify long press on new session button,Wed Jan 13 03:18:22 2016 +0100
0c13ea1,Fredrik Fornwall,Fredrik Fornwall,Bump version to 0.26,Wed Jan 13 03:02:09 2016 +0100
862b461,Fredrik Fornwall,Fredrik Fornwall,Improve text selection functionality,Wed Jan 13 03:01:29 2016 +0100
845976b,Fredrik Fornwall,Fredrik Fornwall,Update README.md,Wed Jan 13 01:29:57 2016 +0100
60bdaa3,Fredrik Fornwall,Fredrik Fornwall,Add test for space handling,Tue Jan 5 03:14:18 2016 +0100
eeb873f,Fredrik Fornwall,Fredrik Fornwall,Do not save instance state in DrawerLayout,Tue Jan 5 01:00:25 2016 +0100
207ddf9,Fredrik Fornwall,Fredrik Fornwall,Change member to local variable,Tue Jan 5 00:48:16 2016 +0100
5ca82ea,Fredrik Fornwall,Fredrik Fornwall,Bump version to 0.25,Wed Dec 30 00:49:35 2015 +0100
913c474,Fredrik Fornwall,Fredrik Fornwall,Input normal ^ even on other unicode char input,Wed Dec 30 00:46:08 2015 +0100
657c270,Fredrik Fornwall,Fredrik Fornwall,Fix error message,Mon Dec 28 20:49:46 2015 +0100
7763931,Fredrik Fornwall,Fredrik Fornwall,Bump app version to 0.24,Mon Dec 28 20:48:13 2015 +0100
50005bc,Fredrik Fornwall,Fredrik Fornwall,Fix problem with font and color loading at startup,Mon Dec 28 20:47:34 2015 +0100
96f5ed9,Fredrik Fornwall,Fredrik Fornwall,Remove unused files,Mon Dec 28 02:30:28 2015 +0100
c3aa9d9,Fredrik Fornwall,Fredrik Fornwall,Updated storage handling,Mon Dec 28 01:37:00 2015 +0100
47634ca,Fredrik Fornwall,Fredrik Fornwall,Update AS configuration,Mon Dec 28 01:17:40 2015 +0100
d9ec1bf,Fredrik Fornwall,Fredrik Fornwall,Add .idea/dictionaries/ to .gitignore,Mon Dec 28 00:41:21 2015 +0100
bc1b742,Fredrik Fornwall,Fredrik Fornwall,Remove bundled help in favour of online help,Mon Dec 28 00:40:51 2015 +0100
86e2945,Fredrik Fornwall,Fredrik Fornwall,Make it possible to reload settings at runtime,Sun Dec 27 15:35:03 2015 +0100
961e063,Fredrik Fornwall,Fredrik Fornwall,Avoid prompting for storage permission for now,Sun Dec 27 13:46:20 2015 +0100
468185e,Fredrik Fornwall,Fredrik Fornwall,Transition to https://termux.net for bootstrap,Sun Dec 27 08:17:29 2015 +0100
e006e36,Fredrik Fornwall,Fredrik Fornwall,Do not eat escape key events in onKeyPreIme(),Fri Dec 25 21:10:48 2015 +0100
dd38965,Fredrik Fornwall,Fredrik Fornwall,Use $PREFIX/storage for symlinks. Rix null check.,Thu Dec 24 09:29:14 2015 +0100
79d56b7,Fredrik Fornwall,Fredrik Fornwall,Update gradle to 2.10,Wed Dec 23 01:44:51 2015 +0100
2326c52,Fredrik Fornwall,Fredrik Fornwall,Implement support for termux.properties,Wed Dec 23 01:43:41 2015 +0100
f907684,Fredrik Fornwall,Fredrik Fornwall,Read support for customizing through properties,Wed Dec 23 01:39:49 2015 +0100
9d37461,Fredrik Fornwall,Fredrik Fornwall,Fix lint warnings,Wed Dec 23 01:12:47 2015 +0100
4de0f98,Fredrik Fornwall,Fredrik Fornwall,Fix lint warning,Wed Dec 23 01:08:23 2015 +0100
f153a72,Fredrik Fornwall,Fredrik Fornwall,TerminalView: Make theming work for non-activities,Sun Dec 20 14:37:00 2015 +0100
b0f4efb,Fredrik Fornwall,Fredrik Fornwall,Bump version to 0.23,Sun Dec 20 14:26:08 2015 +0100
5c03c2d,Fredrik Fornwall,Fredrik Fornwall,Change theme for file picker,Sun Dec 20 14:25:07 2015 +0100
bce65f7,Fredrik Fornwall,Fredrik Fornwall,Setup $HOME/storage symlink for external symlink,Sat Dec 12 03:02:06 2015 +0100
e185791,Fredrik Fornwall,Fredrik Fornwall,Bump version number to 0.22,Sat Dec 12 00:10:43 2015 +0100
16273a1,Fredrik Fornwall,Fredrik Fornwall,Fix bug with scrolling down and top scroll margin,Sat Dec 12 00:07:55 2015 +0100
ce82979,Fredrik Fornwall,Fredrik Fornwall,Update idea codeStyleSettings.xml,Sat Dec 5 20:16:20 2015 +0100
625aeab,Fredrik Fornwall,Fredrik Fornwall,Reformat code,Mon Nov 30 00:39:24 2015 +0100
bad6712,Fredrik Fornwall,Fredrik Fornwall,Improve motion event handling after long press,Sun Nov 29 10:56:31 2015 +0100
b54c790,Fredrik Fornwall,Fredrik Fornwall,Fix crash with wide character in last column,Sun Nov 29 10:04:50 2015 +0100
4ccc703,Fredrik Fornwall,Fredrik Fornwall,Remove dead code,Sun Nov 29 10:03:38 2015 +0100
7348820,Fredrik Fornwall,Fredrik Fornwall,Add screen wraparound test,Sun Nov 29 09:36:06 2015 +0100
525985b,Fredrik Fornwall,Fredrik Fornwall,Remove some dead code,Sun Nov 29 08:56:56 2015 +0100
ab3852d,Fredrik Fornwall,Fredrik Fornwall,Add missing null guard for no current session,Sun Nov 29 08:55:13 2015 +0100
9928073,Fredrik Fornwall,Fredrik Fornwall,Fix bitwise operation issue,Sun Nov 29 02:20:37 2015 +0100
3091da6,Fredrik Fornwall,Fredrik Fornwall,Update travis config,Sun Nov 29 02:00:55 2015 +0100
74dca95,Fredrik Fornwall,Fredrik Fornwall,Fix inspect code warnings,Sun Nov 29 01:55:41 2015 +0100
2a6a3b7,Fredrik Fornwall,Fredrik Fornwall,Update travis config,Sun Nov 29 01:45:11 2015 +0100
0e4ea95,Fredrik Fornwall,Fredrik Fornwall,Revert to gradle-bin to check travis build failure,Sun Nov 29 01:27:13 2015 +0100
7389dbb,Fredrik Fornwall,Fredrik Fornwall,Fix two Android Studio inspect code warnings,Sun Nov 29 01:12:27 2015 +0100
d982c71,Fredrik Fornwall,Fredrik Fornwall,Url-regexp: Remove redundant escapes and add test,Sun Nov 29 01:08:18 2015 +0100
1b36c68,Fredrik Fornwall,Fredrik Fornwall,Add a customized auto backup,Sun Nov 29 00:55:05 2015 +0100
a6a83b1,Fredrik Fornwall,Fredrik Fornwall,Tweak file picker layout,Sun Nov 29 00:42:47 2015 +0100
d6f01bf,Fredrik Fornwall,Fredrik Fornwall,Update gradle config and add Support Annotations,Sun Nov 29 00:25:51 2015 +0100
271dd7d,Fredrik Fornwall,Fredrik Fornwall,Specify Android Studio "Inspect Code" profile,Sun Nov 29 00:23:18 2015 +0100
95fbb81,Fredrik Fornwall,Fredrik Fornwall,Code simplifications,Sun Nov 29 00:20:45 2015 +0100
1aa4393,Fredrik Fornwall,Fredrik Fornwall,Remove some warnings,Sun Nov 29 00:17:50 2015 +0100
12ddacc,Fredrik Fornwall,Fredrik Fornwall,Extract hardcoded string to resource,Sun Nov 29 00:09:25 2015 +0100
09fe7e5,Fredrik Fornwall,Fredrik Fornwall,Use the gradle source distribution for the wrapper,Sun Nov 29 00:08:07 2015 +0100
36cc010,Fredrik Fornwall,Fredrik Fornwall,Show bold text in bright colors,Tue Nov 24 17:31:48 2015 +0100
b1aaf5a,Fredrik Fornwall,Fredrik Fornwall,Add *.apk to .gitignore,Tue Nov 24 17:31:32 2015 +0100
9b3dc57,Fredrik Fornwall,Fredrik Fornwall,Remove junk from app/build.gradle,Fri Nov 20 23:29:44 2015 +0100
f7ce206,Fredrik Fornwall,Fredrik Fornwall,Bump version to 0.20,Fri Nov 20 00:40:52 2015 +0100
0deacd8,Fredrik Fornwall,Fredrik Fornwall,Show "-press Enter to close" at session exit,Fri Nov 20 00:38:58 2015 +0100
65cfcff,Fredrik Fornwall,Fredrik Fornwall,Update to gradle 2.9,Tue Nov 17 21:53:40 2015 +0100
463b927,Fredrik Fornwall,Fredrik Fornwall,Bump version to 0.19,Fri Nov 13 00:22:18 2015 +0100
09ecd14,Fredrik Fornwall,Fredrik Fornwall,Fix crash when using some unicode characters,Fri Nov 13 00:14:35 2015 +0100
89912be,Fredrik Fornwall,Fredrik Fornwall,Fix crash on installation if activity destroyed,Fri Nov 13 00:10:21 2015 +0100
3b4e3b0,Fredrik Fornwall,Fredrik Fornwall,Update to Android Gradle Plugin version 1.5.0,Thu Nov 12 22:16:09 2015 +0100
7a726c0,Fredrik Fornwall,Fredrik Fornwall,Clarify Apache License version (fixes #10),Sat Nov 7 23:09:52 2015 +0100
430a98e,Fredrik Fornwall,Fredrik Fornwall,Merge pull request #11 from RyDroid/minor,Sat Nov 7 23:06:50 2015 +0100
01de6b4,Nicola Spanti (RyDroid),Nicola Spanti (RyDroid),Minor changes in README and adding an EditorConfig file,Sat Nov 7 19:39:13 2015 +0100
1652c1d,Fredrik Fornwall,Fredrik Fornwall,Update gradle wrapper to 2.8,Fri Nov 6 00:05:32 2015 +0100
7db3200,Fredrik Fornwall,Fredrik Fornwall,Add a file picker to pick files from $HOME,Thu Nov 5 23:56:51 2015 +0100
9e7ca8b,Fredrik Fornwall,Fredrik Fornwall,Make build-jnilibs.sh always clear directories,Sun Oct 25 22:35:42 2015 +0100
cb42c19,Fredrik Fornwall,Fredrik Fornwall,Remove <uses-sdk/> element in favour of gradle,Sun Oct 25 21:58:09 2015 +0100
241139a,Fredrik Fornwall,Fredrik Fornwall,Bump version to 0.17,Sun Oct 25 20:13:33 2015 +0100
10e4ee8,Fredrik Fornwall,Fredrik Fornwall,Add travis-ci badge to README.md,Sun Oct 25 19:14:47 2015 +0100
dea7c9d,Fredrik Fornwall,Fredrik Fornwall,Let travis run './gradlew testDebugUnitTest',Sun Oct 25 17:26:00 2015 +0100
8d87c4a,Fredrik Fornwall,Fredrik Fornwall,Use temporary keystore for travis builds,Sun Oct 25 17:08:07 2015 +0100
8079448,Fredrik Fornwall,Fredrik Fornwall,Add initial stab at a .travis.yml file,Sun Oct 25 16:41:34 2015 +0100
e409cff,Fredrik Fornwall,Fredrik Fornwall,Make git ignore all build/ folders,Sun Oct 25 16:40:20 2015 +0100
05e250b,Fredrik Fornwall,Fredrik Fornwall,Fix minor Android Studio inspection warnings,Sun Oct 25 16:39:34 2015 +0100
64c3490,Fredrik Fornwall,Fredrik Fornwall,Remove unused string resources,Sun Oct 25 15:52:29 2015 +0100
a18ee58,Fredrik Fornwall,Fredrik Fornwall,Initial commit,Sun Oct 25 15:27:32 2015 +0100