336f2ce,GitHub,Marvin Froeder,Track number of exception that happen while decoding payload (#1288),Tue Oct 27 20:18:54 2020 +1300
a1f49bc,GitHub,Andrew,Fixes typo in JDoc (#1279),Sun Oct 11 18:27:19 2020 +1300
d8d776c,GitHub,Snyk bot,fix: httpclient/pom.xml to reduce vulnerabilities (#1283),Sun Oct 11 18:26:21 2020 +1300
a16140d,GitHub,Tommy Karlsson,Fixes propagation of unchecked exceptions in feign-micrometer (#1282),Sun Oct 11 18:25:32 2020 +1300
377ca74,GitHub,Nikolas Charalambidis,Serializable feign.Request #1193 (#1262),Wed Sep 23 20:18:17 2020 -0400
ae514aa,GitHub,如梦技术,Add support for Request Timeouts to HTTP/2 Java 11 Client. (#1233),Thu Jul 2 10:10:00 2020 -0400
f9f294a,Marvin Froeder,Marvin Froeder,[travis skip] updating versions to next development iteration 10.12-SNAPSHOT,Wed Jun 10 09:01:14 2020 +1200
7ded0cc,Marvin Froeder,Marvin Froeder,prepare release 10.11,Wed Jun 10 09:00:34 2020 +1200
8ee39a0,Marvin Froeder,Marvin Froeder,Preparing next release version,Wed Jun 10 08:59:50 2020 +1200
33305c0,GitHub,Jochen Schalanda,Add support for Dropwizard Metrics 4.1.x (#1235),Wed Jun 10 08:56:56 2020 +1200
835a963,GitHub,Marvin Froeder,Rename `queryArrParams` to `queryMapWithArrayValues` (#1234),Tue Jun 2 18:01:50 2020 +1200
9a86fa8,GitHub,Dharmesh Jogadia,fixed query map with array parameter bug (#1220),Tue Jun 2 17:40:46 2020 +1200
1ffa9be,GitHub,paladim,update comment Retryer.java (#1228),Wed May 20 09:42:10 2020 +1200
5a32b5c,GitHub,Sam Kruglov,#1221: bump okhttp3 version from 3.14.6 to 4.6.0 (#1223),Tue May 12 11:51:09 2020 +1200
4ee8cd8,GitHub,Marvin Froeder,Headers overwrite (#1219),Sun May 3 08:42:17 2020 +1200
c1b853c,Kevin Davis,Kevin Davis,[travis skip] updating versions to next development iteration 10.10.2-SNAPSHOT,Sat Apr 25 16:21:46 2020 -0400
56bdbb5,Kevin Davis,Kevin Davis,prepare release 10.10.1,Sat Apr 25 16:21:20 2020 -0400
9f21dcc,GitHub,Kevin Davis,Update JDK11 Builds in Travis to release on Java 11 modules (#1214),Tue Apr 21 22:29:38 2020 -0400
f30fedf,Kevin Davis,Kevin Davis,[travis skip] updating versions to next development iteration 10.10.1-SNAPSHOT,Sun Apr 19 20:46:53 2020 -0400
c87a689,Kevin Davis,Kevin Davis,prepare release 10.10.0,Sun Apr 19 20:45:58 2020 -0400
4a64378,Kevin Davis,Kevin Davis,[travis skip] updating to next development version,Sun Apr 19 20:44:40 2020 -0400
d61a75c,Kevin Davis,Kevin Davis,[travis skip] Correcting Snapshots,Sun Apr 19 20:21:19 2020 -0400
fcc37e6,Kevin Davis,Kevin Davis,[travis skip] updating versions to next development iteration -SNAPSHOT,Sun Apr 19 20:20:17 2020 -0400
70d1a53,Kevin Davis,Kevin Davis,prepare release,Sun Apr 19 20:19:38 2020 -0400
1cab5b9,Kevin Davis,Kevin Davis,[travis skip] Corrected Snapshot Version,Sun Apr 19 20:16:23 2020 -0400
6044ede,Kevin Davis,Kevin Davis,[travis skip] updating versions to next development iteration -SNAPSHOT,Sun Apr 19 16:35:38 2020 -0400
91e22b9,Kevin Davis,Kevin Davis,prepare release,Sun Apr 19 16:35:08 2020 -0400
af4d392,GitHub,Kevin Davis,Ensure that Java 11 modules are included in the release (#1213),Sun Apr 19 16:25:00 2020 -0400
dc081d1,GitHub,Darren Foong,Fix expansion of @RequestParam empty lists (#1200),Sun Apr 19 16:09:29 2020 -0400
37d973c,GitHub,Kevin Davis,GH-1172: Store expanded Header Template values as Literals (#1203),Wed Apr 15 20:41:12 2020 -0400
187cba9,GitHub,Marvin Froeder,Build feign with jdk14 (#1196),Fri Apr 3 16:32:26 2020 +1300
af74e13,GitHub,Marvin Froeder,Update CHANGELOG.md,Thu Mar 26 08:16:19 2020 +1300
c079079,GitHub,Marvin Froeder,Update CHANGELOG.md,Thu Mar 26 08:16:03 2020 +1300
afcd2bc,Marvin Froeder,Marvin Froeder,[travis skip] updating versions to next development iteration 11.0-SNAPSHOT,Thu Mar 26 07:50:49 2020 +1300
c908b98,Marvin Froeder,Marvin Froeder,prepare release 10.9,Thu Mar 26 07:50:21 2020 +1300
6989b50,GitHub,Marvin Froeder,Micrometer (#1188),Mon Mar 16 11:59:13 2020 +1300
7b3acf2,GitHub,Marvin Froeder,Rename to feign-dropwizard-metrics5 (#1185),Tue Mar 10 03:46:57 2020 +1300
be8f30d,GitHub,Marvin Froeder,Metric API (#1181),Mon Mar 9 22:07:59 2020 +1300
a9e631a,GitHub,Marvin Froeder,Add extra information when failing to parse contract (#1176),Mon Mar 9 22:07:29 2020 +1300
68f7984,GitHub,Alexandr Varyanik,Overriding query parameter name (#1184),Mon Mar 9 21:39:51 2020 +1300
2cc907c,GitHub,Marvin Froeder,Configurable to disable streaming mode for Default client (#1182),Fri Mar 6 11:02:40 2020 +1300
8cac026,Marvin Froeder,Marvin Froeder,Hardcode a github token for more stable testing,Sat Feb 29 11:13:39 2020 +1300
a71040b,Marvin Froeder,Marvin Froeder,[travis skip] updating versions to next development iteration 10.9-SNAPSHOT,Sat Feb 29 10:45:48 2020 +1300
69ab9c7,Marvin Froeder,Marvin Froeder,prepare release 10.8,Sat Feb 29 10:45:36 2020 +1300
0d1318c,Marvin Froeder,Marvin Froeder,Preparing feign 10.8 release,Sat Feb 29 10:44:47 2020 +1300
92bfd2a,GitHub,Marvin Froeder,Release notes for feign 10.8,Sat Feb 29 10:42:00 2020 +1300
6a343c7,GitHub,Marvin Froeder,Async client for apache http 5 (#1179),Sat Feb 29 10:41:11 2020 +1300
40c026e,GitHub,Marvin Froeder,Added instructions about AsyncClient,Sat Feb 29 10:38:20 2020 +1300
b6db37e,GitHub,motinis,issue 361 - async feign variant supporting CompleteableFutures (#1174),Thu Feb 27 14:35:05 2020 +1300
292b474,GitHub,Marvin Froeder,Add overview mindmap to README docs (#1178),Thu Feb 27 10:30:12 2020 +1300
e4d0f76,GitHub,contextshuffling,Use LinkedHashMap for deterministic iterations (#1165),Thu Jan 30 07:37:27 2020 +1300
17735a3,Kevin Davis,Kevin Davis,[travis skip] updating versions to next development iteration 10.7.5-SNAPSHOT,Tue Jan 21 13:23:43 2020 -0500
633def6,Kevin Davis,Kevin Davis,prepare release 10.7.4,Tue Jan 21 13:23:14 2020 -0500
54c0685,GitHub,Kevin Davis,Restore Request.Body accessibility for compatibility (#1164),Tue Jan 21 13:09:19 2020 -0500
9692396,Davis, Kevin,Davis, Kevin,[travis skip] updating versions to next development iteration 10.7.4-SNAPSHOT,Sun Jan 19 14:55:12 2020 -0500
cc52087,Davis, Kevin,Davis, Kevin,prepare release 10.7.3,Sun Jan 19 14:54:57 2020 -0500
0d6b78d,GitHub,Kevin Davis,Update SOAP Encoder Documentation for useFirstChild (#1161),Sun Jan 19 14:41:52 2020 -0500
16a4568,Davis, Kevin,Davis, Kevin,Correct License Headers in Feign SOAP,Fri Jan 17 21:26:44 2020 -0500
b86efe0,GitHub,Kevin Davis,Add support for SOAP Envelope declarations to be inherited (#1141),Fri Jan 17 21:21:19 2020 -0500
819b2df,GitHub,Kevin Davis,Correct Encoding and restore decodeSlash in QueryTemplate (#1160),Fri Jan 17 21:09:25 2020 -0500
49e1373,Marvin Froeder,svenhaag,Update okhttp client version from 3.6.0 to 3.14.4. (#1158),Sat Jan 18 09:54:43 2020 +1300
496c70e,GitHub,Kevin Davis,Correct Additional License Headers (#1157),Mon Jan 13 19:50:33 2020 -0500
75e569f,GitHub,Kevin Davis,Remove deprecated code usage from core module (#1145),Mon Jan 13 13:26:55 2020 -0500
ee20541,Davis, Kevin,Davis, Kevin,[travis skip] updating versions to next development iteration 10.7.3-SNAPSHOT,Sun Jan 12 15:21:00 2020 -0500
cfaefa8,Davis, Kevin,Davis, Kevin,prepare release 10.7.2,Sun Jan 12 15:20:45 2020 -0500
4c78432,GitHub,Kevin Davis,Update license for new year (#1155),Sun Jan 12 15:10:11 2020 -0500
0143606,Davis, Kevin,Davis, Kevin,[travis skip] updating versions to next development iteration 10.7.2-SNAPSHOT,Sun Jan 12 14:57:35 2020 -0500
b36cee4,Davis, Kevin,Davis, Kevin,prepare release 10.7.1,Sun Jan 12 14:57:21 2020 -0500
9584dfa,GitHub,Kevin Davis,Clarify availability of a Response Body in FeignException (#1149),Tue Dec 31 13:30:08 2019 -0500
d3f7d76,GitHub,Kevin Davis,Clarify when to use a custom Target or Request Interceptor (#1148),Mon Dec 30 16:25:36 2019 -0500
c084351,GitHub,Kevin Davis,Update documentation regarding decodeSlash (#1147),Mon Dec 30 16:08:06 2019 -0500
6e64865,Kevin Davis,switchYello,Ensure @Body and @Param parsing consistency  (#1137),Mon Dec 30 11:22:24 2019 -0500
1821d94,Kevin Davis,dnsbtchr,Recommend FULL logging level when using SLF4J (#1146),Mon Dec 30 11:19:26 2019 -0500
f73fe70,GitHub,Kevin Davis,Include variables Query Parameter Names when listing template parameters (#1144),Fri Dec 27 14:25:18 2019 -0500
a7b7c01,GitHub,Kevin Davis,Ensure Iterable values are encoded before template expansion (#1138),Fri Dec 27 10:26:13 2019 -0500
033de93,GitHub,Kevin Davis,Remove Template Expression naming restrictions (#1139),Fri Dec 27 09:47:03 2019 -0500
d3eb9cf,GitHub,Kevin Davis,Ensure all brackets are decoded in JSON based Body Templates (#1140),Fri Dec 27 08:47:53 2019 -0500
9e23599,Marvin Froeder,Frank Pavageau,Force followRedirects on the OkHttpClient when needed (#1130),Fri Dec 13 10:01:50 2019 +1300
cca3887,Marvin Froeder,Marvin Froeder,[travis skip] updating versions to next development iteration 10.7.1-SNAPSHOT,Mon Nov 25 10:04:05 2019 +1300
c3825a0,Marvin Froeder,Marvin Froeder,prepare release 10.7.0,Mon Nov 25 10:02:37 2019 +1300
c6dcb15,GitHub,Marvin Froeder,Add feign 10.7 changes,Mon Nov 25 10:01:02 2019 +1300
2087d4b,GitHub,Marvin Froeder,Fix for vunerabilities reported by snky (#1121),Mon Nov 25 09:58:56 2019 +1300
ad8c919,Marvin Froeder,Itamar Benjamin,Makes iterator compatible with Java iterator expected behavior (#1117),Mon Nov 25 09:20:06 2019 +1300
7c6b2bb,Marvin Froeder,Alex Simkin,Bump reactive dependencies. (#1105),Tue Nov 19 02:07:50 2019 +1300
c1d0064,GitHub,Marvin Froeder,Deprecated `encoded` and add comment (#1108),Thu Nov 7 04:54:44 2019 +1300
8808ff2,Marvin Froeder,Marvin Froeder,[travis skip] updating versions to next development iteration 10.7.0-SNAPSHOT,Thu Oct 31 10:34:20 2019 +1300
b919361,Marvin Froeder,Marvin Froeder,prepare release 10.6.0,Thu Oct 31 10:31:02 2019 +1300
765fb3f,Marvin Froeder,Marvin Froeder,preparing for 10.6.0 release,Thu Oct 31 10:26:39 2019 +1300
12fd4e8,GitHub,Marvin Froeder,Add changes for 10.6 release,Thu Oct 31 10:23:11 2019 +1300
74b9a73,GitHub,Marvin Froeder,[Proposal] generate mocked clients from feign interfaces (#1092),Thu Oct 31 10:11:38 2019 +1300
73164e3,Marvin Froeder,Ersin Ciftci,Update README.md (#1101),Fri Oct 25 07:25:35 2019 +1300
2624885,GitHub,Marvin Froeder,Expose Method and Target on RequestTemplate (#1091),Tue Oct 22 13:48:42 2019 +1300
d5389a5,Marvin Froeder,cezar-tech,Fixes a typo in Contract.java method (#1098),Tue Oct 22 13:36:47 2019 +1300
76a4524,Marvin Froeder,jerzykrlk,1048 simple illustration - more details in the default feignexception… (#1095),Tue Oct 22 13:36:32 2019 +1300
770b579,GitHub,Marvin Froeder,Ignore github example integration tests when building PR (#1094),Sat Oct 12 16:05:51 2019 +1300
2dbe24a,Marvin Froeder,Daniil Kudryavtsev,Add composed Spring annotations support (#1090),Sat Oct 5 09:22:56 2019 +1300
ba9d3c8,Marvin Froeder,Marvin Froeder,[travis skip] updating versions to next development iteration 10.5.2-SNAPSHOT,Thu Oct 3 11:01:03 2019 +1300
4244275,Marvin Froeder,Marvin Froeder,prepare release 10.5.1,Thu Oct 3 11:00:58 2019 +1300
8bdf89a,Marvin Froeder,Marvin Froeder,Preparing for next release,Thu Oct 3 11:00:40 2019 +1300
8e2f109,Marvin Froeder,Marvin Froeder,[travis skip] updating versions to next development iteration 10.6.1-SNAPSHOT,Thu Oct 3 10:43:49 2019 +1300
f463f32,Marvin Froeder,Marvin Froeder,prepare release 10.6.0,Thu Oct 3 10:43:44 2019 +1300
ad06d5c,Marvin Froeder,Marvin Froeder,Using ssl git connection,Thu Oct 3 10:43:06 2019 +1300
c7d8f0e,GitHub,Marvin Froeder,Remove java8 module (#1086),Tue Oct 1 20:10:26 2019 +1300
ab9a375,GitHub,Marvin Froeder,[travis skip] updating versions to next development iteration 10.6.0-SNAPSHOT (#1085),Tue Oct 1 12:06:24 2019 +1300
9a30a3f,GitHub,Marvin Froeder,prepare release 10.5.0,Tue Oct 1 09:32:23 2019 +1300
ee7a110,GitHub,Marvin Froeder,Updating versions to 10.5.0-SNAPSHOT (#1083),Tue Oct 1 09:28:32 2019 +1300
3e6e093,GitHub,Marvin Froeder,Spring4 contract (#1069),Tue Oct 1 09:24:51 2019 +1300
3358350,Marvin Froeder,Maxime Lenglet,Updating Apache HttpClient to 4.5.10 (OpenFeign#1080) (#1081),Fri Sep 27 12:39:38 2019 +1200
a60905f,Marvin Froeder,Snyk bot,fix: pom.xml to reduce vulnerabilities (#1079),Fri Sep 27 12:32:04 2019 +1200
381142e,GitHub,Marvin Froeder,Move DeclarativeContract to new file (#1068),Wed Sep 11 11:02:15 2019 +1200
f52158b,GitHub,Marvin Froeder,Declarative contracts (#1060),Wed Sep 11 09:04:12 2019 +1200
c595301,GitHub,Kevin Davis,Ignore GPG Keys in Travis (#1067),Tue Sep 10 12:52:15 2019 -0400
daf0af0,GitHub,Kevin Davis,Ignore Travis when formatting (#1066),Tue Sep 10 10:29:55 2019 -0400
efc6cf4,Kevin Davis,Marvin Froeder,Create new module for Apache Http 5 (#1065),Tue Sep 10 09:44:00 2019 -0400
744fd72,GitHub,Marvin Froeder,Use travis to enforce code format (#1061),Wed Sep 4 10:53:56 2019 +1200
78587b4,Kevin Davis,Kevin Davis,[travis skip] updating versions to next development iteration 10.4.1-SNAPSHOT,Fri Aug 30 13:31:14 2019 -0400
44d7684,Kevin Davis,Kevin Davis,prepare release 10.4.0,Fri Aug 30 13:30:46 2019 -0400
e0efcdb,Kevin Davis,Kevin Davis,Updating versions to 10.4.0-SNAPSHOT,Fri Aug 30 13:11:48 2019 -0400
6dbc22e,Kevin Davis,Blake Smith,GH-1053: Add Google HTTP Client support (#1057),Fri Aug 30 13:06:14 2019 -0400
976e2c1,Kevin Davis,Max Syachin,GH-985: Correct unexpected behavior when using JavaLogger (#1047),Fri Aug 30 10:18:12 2019 -0400
964ae79,GitHub,Kevin Davis,Correct Reactive Examples (#1055),Fri Aug 30 10:08:10 2019 -0400
051b276,GitHub,Kevin Davis,GH-1021: Add Request Line override documentation (#1056),Fri Aug 30 10:07:19 2019 -0400
d0106e3,GitHub,Kevin Davis,Add Roadmap to Readme (#1054),Fri Aug 30 10:02:27 2019 -0400
d3665e4,Kevin Davis,Max Syachin,GH-845: Add Request to Feign Exception (#1039),Mon Aug 26 09:52:00 2019 -0400
91e9882,GitHub,Kevin Davis,GH-801: Adding support for JDK Proxy (#1045),Mon Aug 26 09:49:28 2019 -0400
9a4b21b,Kevin Davis,Kevin Davis,[travis skip] updating versions to next development iteration 10.3.1-SNAPSHOT,Mon Aug 12 09:42:13 2019 -0400
3d2d8d7,Kevin Davis,Kevin Davis,prepare release 10.3.0,Mon Aug 12 09:41:43 2019 -0400
1bb8507,Kevin Davis,Snyk bot,fix: pom.xml to reduce vulnerabilities (#1031),Wed Aug 7 11:47:52 2019 -0400
23abb50,Kevin Davis,Alex Simkin,Added configuration for reactive scheduler (#1032),Wed Aug 7 11:47:23 2019 -0400
e282510,Marvin Froeder,igor,fix: typo (#1030),Mon Aug 5 20:27:55 2019 +1200
2f40a7a,Kevin Davis,Snyk bot,fix: pom.xml to reduce vulnerabilities (#1024),Fri Aug 2 16:19:29 2019 -0400
0a0ff3f,Kevin Davis,Tom Daly,Fix Response.InputStreamBody missing toString implementation (#1022),Fri Aug 2 16:02:00 2019 -0400
3477a04,Kevin Davis,Snyk bot,fix: pom.xml to reduce vulnerabilities (#1025),Fri Aug 2 16:00:38 2019 -0400
aa565e4,Kevin Davis,Max Barkley,Maintain user-given order for header values (#1009),Mon Jul 22 13:47:38 2019 -0400
5c57213,Marvin Froeder,Dharmesh Jogadia,Respect decode404 flag and decode 404 response body (#1012),Sun Jul 21 21:19:37 2019 +1200
a2904ad,Kevin Davis,Alex Simkin,Fixes 1003: Do not wrap exceptions in RuntimeException (#1004),Thu Jul 18 15:13:53 2019 -0400
028ae86,Kevin Davis,ranjitc5,Avoided url appending with slash when matrix parameter exists (#999),Thu Jul 18 15:13:31 2019 -0400
d3af6a9,Kevin Davis,Snyk bot,[Snyk] Fix for 2 vulnerable dependencies (#1011),Thu Jul 18 15:12:43 2019 -0400
48966ab,Kevin Davis,Snyk bot,[Snyk] Fix for 2 vulnerable dependencies (#1010),Thu Jul 18 14:56:45 2019 -0400
031b386,Kevin Davis,Snyk bot,fix: httpclient/pom.xml to reduce vulnerabilities (#997),Fri Jul 12 08:13:29 2019 -0400
2a8ee35,Marvin Froeder,David Schlosnagle,JacksonEncoder avoids intermediate String request body (#989),Tue Jun 25 10:39:41 2019 +1200
a24580e,GitHub,Kevin Davis,Fixing Pull Request Builds (#992),Thu Jun 20 20:56:23 2019 -0400
0ed5008,Kevin Davis,Marcus Eisele,Add POST example to README.md and example-github (#986),Tue Jun 18 16:25:34 2019 -0400
23ee09e,Kevin Davis,Meifans Zhao,Adds support for per request timeout options. Fixes #562 (#970),Fri May 31 10:38:49 2019 -0400
2ee3f99,Kevin Davis,jerzykrlk,Fine-grained HTTP error exceptions with client and server errors (#854),Fri May 31 09:41:14 2019 -0400
29df3e4,GitHub,Kevin Davis,Migrating to Sonatype OSSRH from JCenter (#968),Fri May 31 09:27:03 2019 -0400
5bc04de,Kevin Davis,Richard Wallis,Parse Retry-After header responses that include decimal points (#980),Tue May 28 10:26:25 2019 -0400
ad86f22,Kevin Davis,Emre Savcı,This pr resolves QueryMap inheritance issue #927 (#960),Tue May 28 10:15:30 2019 -0400
4ddc12e,Marvin Froeder,Snyk bot,fix: pom.xml to reduce vulnerabilities (#976),Mon May 20 11:45:28 2019 +1200
17eab05,Marvin Froeder,Snyk bot,fix: pom.xml & jackson-jaxb/pom.xml to reduce vulnerabilities (#975),Mon May 20 11:44:02 2019 +1200
3cfda4f,Kevin Davis,Marvin Froeder,Missing dep (#969),Wed May 15 10:37:04 2019 -0400
f8d16cf,Kevin Davis,尹吉峰,simplify valuesOrEmpty (#938),Mon May 13 14:50:35 2019 -0400
bf9d292,GitHub,Marvin Froeder, Testing feign-example-github jar  (#953),Sun May 12 16:31:13 2019 +1200
87dfff8,Davis, Kevin,Davis, Kevin,[travis skip] updating versions to next development iteration 10.3.0-SNAPSHOT,Fri May 10 21:35:57 2019 -0400
c69fec7,Davis, Kevin,Davis, Kevin,Updating Snapshot Condition to Skip when Master has been updated from a Release,Fri May 10 21:15:37 2019 -0400
9d731a2,Davis, Kevin,Davis, Kevin,[travis skip] updating versions to next development iteration 10.2.4-SNAPSHOT,Fri May 10 21:05:24 2019 -0400
78df531,Davis, Kevin,Davis, Kevin,prepare release 10.2.3,Fri May 10 21:05:16 2019 -0400
9c76b20,Davis, Kevin,Davis, Kevin,[travis skip] Corrected issue where prepare commit was triggering a build,Fri May 10 21:03:31 2019 -0400
143cfef,Davis, Kevin,Davis, Kevin,Correcting Tag Regex in Travis,Fri May 10 21:00:40 2019 -0400
5dce949,Davis, Kevin,Davis, Kevin,[travis skip] updating versions to next development iteration 10.2.3-SNAPSHOT,Fri May 10 20:54:39 2019 -0400
3dd7f78,Davis, Kevin,Davis, Kevin,prepare release 10.2.2,Fri May 10 20:54:28 2019 -0400
53aee95,Davis, Kevin,Davis, Kevin,Corrected Travis Builds for Releses,Fri May 10 20:53:17 2019 -0400
44a7940,Davis, Kevin,Davis, Kevin,[travis skip] updating versions to next development iteration 10.2.2-SNAPSHOT,Fri May 10 20:48:18 2019 -0400
8b198bf,Davis, Kevin,Davis, Kevin,[travis skip] prepare release 10.2.1,Fri May 10 20:45:16 2019 -0400
f28b9ea,Davis, Kevin,Davis, Kevin,Made release script executable,Fri May 10 20:34:16 2019 -0400
927faad,Davis, Kevin,Davis, Kevin,[travis skip] updating versions to previous snapshot 10.2.1-SNAPSHOT,Fri May 10 20:21:27 2019 -0400
aa57f59,GitHub,Kevin Davis,Initial CI Build Refactor (#962),Fri May 10 20:16:44 2019 -0400
f8dc383,Marvin Froeder,Matthew Hall,Add test scope to java-hamcrest dependency (#964),Sat May 11 09:25:07 2019 +1200
d1199f6,Kevin Davis,Emre Savcı,Feature/replace deprecated body (#959),Thu May 9 09:48:19 2019 -0400
03ff13e,Marvin Froeder,Emre Savcı,Feature/template unit test (#958),Wed May 8 19:13:53 2019 +1200
116cd61,GitHub,Marvin Froeder,Next development version (#954),Sat May 4 10:57:42 2019 +1200
318fb0e,GitHub,Kevin Davis,Updated Expression Patterns to allow brackets (#939),Sun Apr 28 15:37:56 2019 -0400
6771866,Kevin Davis,rejierd,Don't URL encode fragment identifiers (#937),Mon Apr 8 18:19:19 2019 -0400
7ba16df,GitHub,Kevin Davis,Replaced comma with Constant Delimiter in Template (#930),Mon Apr 8 07:54:00 2019 -0400
6c4dfbd,GitHub,Kevin Davis,Removed decoding from Body Template Expansion (#931),Mon Apr 8 07:53:00 2019 -0400
10a4ead,Kevin Davis,Whitilied,Update README.md (#921),Thu Mar 21 15:27:19 2019 -0400
ce66205,GitHub,Kevin Davis,Removed Duplicate Expansion (#909),Fri Mar 8 10:14:07 2019 -0500
6b8ed38,Kevin Davis,Roman Bachmann,Fixes NullPointerException when accessing a FeignException's content (#914),Fri Mar 8 10:13:27 2019 -0500
089a59f,Marvin Froeder,Kevin Davis,Updated Query Expressions to support empty and undefined values (#910),Tue Mar 5 09:56:23 2019 +1300
32019a2,GitHub,Kevin Davis,Correcting Syntax Errors in Travis (#908),Mon Feb 18 14:20:28 2019 -0500
0a8261b,GitHub,Kevin Davis,Corrected Build Issues on Windows (#906),Mon Feb 18 11:30:59 2019 -0500
11c6dd8,kdavisk6,kdavisk6,[maven-release-plugin] prepare for next development iteration,Wed Feb 13 02:41:10 2019 +0000
c736041,kdavisk6,kdavisk6,[maven-release-plugin] prepare release 10.2.0,Wed Feb 13 02:41:05 2019 +0000
418ab27,Davis, Kevin,Kevin Davis,Updating Travis CI Credentials (#903),Tue Feb 12 21:27:12 2019 -0500
7322904,GitHub,Kevin Davis,Disable Multiple JDKs as they interfere with the release (#900),Tue Feb 12 20:22:54 2019 -0500
246df37,GitHub,Kevin Davis,No Longer prepend uri with slash if it is a query string (#889),Tue Feb 12 17:25:32 2019 -0500
8af587e,GitHub,Kevin Davis,Refactored Header and Query parameter JAXRS Contract Parsing (#896),Tue Feb 12 17:25:12 2019 -0500
478f4ec,GitHub,Kevin Davis,Address outstanding formatting issues (#897),Wed Feb 6 14:35:27 2019 -0500
e8366d0,Kevin Davis,Paul Aly,Allow 1xx status codes (#871),Wed Feb 6 14:15:51 2019 -0500
db44bfe,GitHub,Kevin Davis,Updating Hystrix Versions (#886),Fri Feb 1 17:05:43 2019 -0500
bdb4613,Kevin Davis,Marvin Froeder,Make status mandatory (#880),Fri Feb 1 17:05:18 2019 -0500
29935b2,GitHub,Kevin Davis,Adding URI segment specific encoding (#882),Fri Feb 1 16:54:38 2019 -0500
92e6ad8,Kevin Davis,Dmitry Matveev,Fix ContentService example (#888),Thu Jan 31 12:48:18 2019 -0500
daed0f0,GitHub,Kevin Davis,Update benchmarks (#885),Wed Jan 30 07:54:37 2019 -0500
0eb2301,GitHub,Kevin Davis,Managing Jackson a the parent (#884),Tue Jan 29 21:42:53 2019 -0500
96693db,Kevin Davis,Snyk bot,fix: benchmark/pom.xml to reduce vulnerabilities (#883),Tue Jan 29 21:05:18 2019 -0500
2ba9623,Kevin Davis,Marvin Froeder,Adjusts copyright headers for this year (#877),Tue Jan 29 20:27:55 2019 -0500
bbdf732,Marvin Froeder,David Avenante,Update README.md (#869),Sat Dec 29 12:42:29 2018 +1300
db3ad19,Marvin Froeder,Snyk bot,fix: pom.xml to reduce vulnerabilities (#867),Tue Dec 25 18:26:47 2018 +1300
c8aee87,Marvin Froeder,Carlos Chacin,Fix typo in check null message => HttpClient.java (#864),Fri Dec 21 15:20:04 2018 +1300
3c905f7,Marvin Froeder,Snyk bot,fix: httpclient/pom.xml to reduce vulnerabilities (#861),Mon Dec 17 09:28:20 2018 +1300
f869a0e,Kevin Davis,Snyk bot,fix: pom.xml to reduce vulnerabilities (#859),Sun Dec 16 13:42:30 2018 -0500
cf31cd1,Marvin Froeder,Kevin Davis,Fixes NPE when a Response does not provide headers (#855),Tue Dec 11 13:22:01 2018 +1300
9c5a52d,Marvin Froeder,Mark Czubin,Add support for java 8's Optional type to represent a HTTP 404 response. (#822),Fri Nov 30 08:45:56 2018 +1300
2793a31,Marvin Froeder,Matthew McGarvey,Fix type in README (#849),Fri Nov 30 08:45:29 2018 +1300
951fc39,GitHub,Marvin Froeder,Generating Bill of Material (#846),Mon Nov 26 08:21:29 2018 +1300
e186003,Marvin Froeder,Peter Sear,Add unit tests for class feign.Util (#844),Tue Nov 20 08:57:48 2018 +1300
9dfd9b4,Marvin Froeder,Will May,Add support for `CompletableFuture` for method return types (#638),Fri Nov 16 09:25:27 2018 +1300
f16553d,Marvin Froeder,Kevin Davis,Adding Support for Query Parameter Name Expansion (#841),Fri Nov 16 09:17:36 2018 +1300
f72db36,GitHub,Marvin Froeder,Set versions on all poms to 10.2-SNAPSHOT (#843),Fri Nov 16 09:16:33 2018 +1300
2bf7796,Marvin Froeder,pilak,Adding SOAP CoDec (+ JAXB modifications) (#786),Fri Nov 16 09:08:52 2018 +1300
e15e9f0,GitHub,Marvin Froeder,Filter out sythetic fields from FieldQueryMapEncoder (#840),Tue Nov 13 15:41:19 2018 +1300
1727283,Marvin Froeder,Валерий,Fixes RecordedRequestAssert.hasNoHeaderNamed (now it returns 'false' in corresponding cases (#835),Mon Nov 12 09:23:27 2018 +1300
cb036e4,Marvin Froeder,Валерий,Fixes an issue with http-headers duplication when using RequestTemplate (#832),Fri Nov 9 09:18:23 2018 +1300
d436ca1,Marvin Froeder,jerzykrlk,Add fine-grained HTTP error exceptions (#825),Sun Nov 4 13:25:37 2018 +1300
e772985,GitHub,Marvin Froeder,Update with 10.1 notes,Sat Oct 27 17:58:12 2018 +1300
5b81f9b,GitHub,Marvin Froeder,Fix package conflict between feign-(apache)httpclient and feign-java11 (#829),Sat Oct 27 15:47:31 2018 +1300
23f2815,GitHub,Marvin Froeder,Version (#828),Sat Oct 27 15:46:24 2018 +1300
acb10f3,GitHub,Marvin Froeder,Update RequestTemplateTest.java (#827),Sat Oct 27 15:40:50 2018 +1300
8e84f5e,GitHub,Marvin Froeder,Stage feign 10 1 (#819),Sat Oct 27 15:22:00 2018 +1300
0cdebcd,Marvin Froeder,Nate Klein,Updates Ribbon to latest released version (2.3.0) (#826),Sat Oct 27 15:18:06 2018 +1300
b6d8bb1,Marvin Froeder,Aaron Zipursky,support PATCH with empty body paramter. (#824),Sat Oct 27 09:39:41 2018 +1300
4da6d5c,GitHub,Marvin Froeder,NPE when resolving a template with binary body (#821),Sat Oct 27 09:31:15 2018 +1300
4b2a48e,Marvin Froeder,Drew Stephens,Unwrap RetryableException and throw cause (#737),Tue Oct 23 08:16:46 2018 +1300
6b608d0,GitHub,Marvin Froeder,Sorted all poms and include sortpom to enforce pom layout (#814),Thu Oct 18 03:58:28 2018 -0700
cca0cad,GitHub,Marvin Froeder,Expanded test for HTTP/2 client (#812),Wed Oct 17 23:39:34 2018 -0700
6acbe94,GitHub,Marvin Froeder,Introduced java 11 module with http2 client (#806),Sun Oct 14 09:39:38 2018 +1300
07a41b0,Marvin Froeder,Kevin Davis,Reactive Wrapper Support (#795),Sun Oct 14 09:22:37 2018 +1300
dec9991,GitHub,Marvin Froeder,Make jaxb modules build on java 11 (#807),Thu Oct 11 09:41:08 2018 +1300
99bbcba,Marvin Froeder,王灿,add BeanQueryMapEncoder (#802),Thu Oct 11 08:12:44 2018 +1300
6ad5584,Kevin Davis,Marvin Froeder,Enforce format (#804),Fri Oct 5 18:28:49 2018 -0400
989fbd7,Kevin Davis,Carter Kozak,fix #797 fix #798: JAXRSContract sets a single Content-Type value (#799),Sat Sep 29 15:05:08 2018 -0400
02d9737,GitHub,Kevin Davis,Restoring removed modules and adding examples (#794),Mon Sep 24 09:42:03 2018 -0400
2ef9058,Kevin Davis,Ricardo Rodriguez,Allow JAXB context caching in factory Fixes #761 (#762),Mon Sep 24 09:04:28 2018 -0400
3c7af57,Kevin Davis,Selim Ok,Return null (empty target object) if status code is 204 (#792),Mon Sep 24 09:03:02 2018 -0400
2d761cb,GitHub,Kevin Davis,Refactoring RequestTemplate to RFC6570 (#778),Sun Sep 23 09:29:43 2018 -0400
d7cc9b6,Marvin Froeder,likuankk,The @Headers does not work (#789),Fri Sep 21 09:40:15 2018 +1200
17a515e,Kevin Davis,Thanusijan Tharumarajah,Fix NPE in OptionalDecoder (#788),Tue Sep 18 15:23:20 2018 -0400
3c7bca0,Kevin Davis,kyegupov,Correctly handle @Path annotations that has params with regexes (#600),Fri Sep 14 10:20:22 2018 -0400
b40498f,GitHub,Kevin Davis,Updated README with JDK compatibility (#782),Sun Sep 9 13:22:48 2018 -0400
3237229,Kevin Davis,Boris Finkelshteyn,Added FeignRequestException, FeignResponseException  (#769),Sun Aug 26 20:55:43 2018 -0400
b8d33fb,GitHub,Kevin Davis,Update README.md,Sat Aug 18 12:58:22 2018 -0400
d9004cf,GitHub,Kevin Davis,Update README.md,Sat Aug 18 12:55:38 2018 -0400
8aa32c2,adriancole,adriancole,[maven-release-plugin] prepare for next development iteration,Thu Aug 16 01:24:58 2018 +0000
d9411f1,adriancole,adriancole,[maven-release-plugin] prepare release 10.0.1,Thu Aug 16 01:24:53 2018 +0000
467ee8b,Marvin Froeder,Kevin Davis,Disabling JDK 11 Builds in Travis (#771),Thu Aug 16 13:15:42 2018 +1200
7bff1a5,adriancole,adriancole,[maven-release-plugin] prepare for next development iteration,Thu Aug 16 00:29:47 2018 +0000
f228ac5,adriancole,adriancole,[maven-release-plugin] prepare release 10.0.0,Thu Aug 16 00:29:41 2018 +0000
76a4d25,GitHub,Kevin Davis,Fixing Formatting in Utils (#770),Wed Aug 15 20:22:46 2018 -0400
6667b0f,Marvin Froeder,Dan Goslen,Adding Multiple Values for Consumes and Produces (#765),Wed Aug 15 10:41:42 2018 +1200
cb611ef,Marvin Froeder,smithya,support charset when build Reader for Response.Body (#766),Tue Aug 14 16:04:47 2018 +1200
5835dcb,GitHub,Marvin Froeder,Validate code format when building on travis (#767),Mon Aug 13 21:48:18 2018 +1200
e4743d4,Kevin Davis,Ricardo Rodriguez,Allow decoding of parameterizedTypes (generics) Fixes #759 (#758),Sun Aug 12 12:28:14 2018 -0400
141560b,GitHub,Marvin Froeder,remove Netflix from license header (#755),Wed Aug 8 08:07:13 2018 +1200
b8d1ad9,GitHub,Marvin Froeder,Build feign with java 11 (#707),Mon Aug 6 09:52:29 2018 +1200
2ea9c7d,Kevin Davis,Marvin Froeder,Create relocation pom for the deprecated 'feign-java8' (#752),Fri Aug 3 13:09:16 2018 -0400
9875a16,GitHub,Kevin Davis,Adding Method to Retryable Exception for evaluation (#744),Mon Jul 23 20:53:50 2018 -0400
68f04c9,Marvin Froeder,Adrian Cole,Removes self from distress signal (#746),Tue Jul 24 10:06:24 2018 +1200
985c682,Kevin Davis,Marvin Froeder,Removing @Deprecated methods marked for removal on feign 10 (#739),Mon Jul 16 08:05:26 2018 -0400
fa30e55,Marvin Froeder,fei,Copy default config if present before per request timeouts setting in (#734),Fri Jul 6 17:33:28 2018 +1200
248bb9a,Marvin Froeder,Kevin Davis,Moves Java8 into Core (#732),Fri Jul 6 17:31:47 2018 +1200
ed2cef0,Marvin Froeder,fmcejudo,Remove null empty headers (#724),Fri Jul 6 17:31:20 2018 +1200
a25423c,Marvin Froeder,Karl Nicholas,Added testing only fixes Windows newlines. (#714),Mon May 28 16:41:51 2018 +1200
fb825f2,Marvin Froeder,Paul Boutes,Mock: manage headers using RequestHeaders (#706),Fri May 18 09:03:00 2018 +1200
8117fcf,Marvin Herman Froeder,Marvin Herman Froeder,Updating code style guide,Thu May 17 16:08:36 2018 +1200
99c1540,Marvin Froeder,Kevin Davis,Updated POM version and set compilier and signatures to Java8 (#704),Thu May 17 10:59:24 2018 +1200
cfa0d07,GitHub,Marvin Froeder,Create client using javax.ws.rs.client.Client (#696),Wed May 16 17:06:52 2018 +1200
ad136c3,GitHub,Marvin Froeder,Formatted using eclipse formatter (#699),Tue May 15 09:10:03 2018 +1200
d2175a9,Marvin Herman Froeder,Marvin Herman Froeder,Fix 'Google Style Guide' link,Sun May 6 10:12:00 2018 +1200
20a4ce4,Marvin Herman Froeder,Marvin Herman Froeder,Next development version,Sat May 5 13:34:24 2018 +1200
97fc92e,adriancole,adriancole,[maven-release-plugin] prepare for next development iteration,Sat May 5 01:29:46 2018 +0000
882eb96,adriancole,adriancole,[maven-release-plugin] prepare release 9.7.0,Sat May 5 01:29:40 2018 +0000
85f2f50,Marvin Froeder,Carter Kozak,Response is closed after decoder fails (#668),Sat May 5 13:17:18 2018 +1200
7670103,Marvin Froeder,Carter Kozak,Fix method reference link in Feign.doNotCloseAfterDecode javadoc (#671),Sat May 5 13:16:11 2018 +1200
192ef11,GitHub,Marvin Froeder,Create unit test for JAXRS2Contract (#695),Sat May 5 13:10:05 2018 +1200
ecd928a,GitHub,Marvin Froeder,Donate 'feign-mock' to 'feign' (#692),Fri May 4 12:06:14 2018 +1200
94ce071,Marvin Froeder,masc,FIXED unsupported jaxrs-2.1 annotations should not break entire interface (#672),Tue May 1 12:10:54 2018 +1200
7ce0727,Marvin Froeder,Kevin Davis,Fixes Map Based Parameter Checking for Generic Subclasses (#689),Tue May 1 08:33:59 2018 +1200
5e2fdee,Marvin Froeder,Shadow Man,Added support for custom POJO query param encoding (#667),Tue Apr 24 08:51:38 2018 +1200
213494d,GitHub,Marvin Froeder,Maven badge (#684),Sun Apr 22 21:00:12 2018 +1200
9ed47d5,Marvin Froeder,Benjamin Douglas,Allows different collection encodings (#543),Mon Apr 16 10:16:12 2018 +1200
ea51e70,Marvin Froeder,MichalSzewczyk,Fixes retrials without Thread.sleep when thread gets interrupted (#627),Sun Apr 8 20:07:49 2018 +1200
c2fcbed,Marvin Froeder,Guillaume,Add an option to not follow redirects (302) and add a unit test for that (#602),Thu Apr 5 21:48:17 2018 +1200
524c0d9,Marvin Froeder,Carter Kozak,@Path("") annotations are equivalent to @Path("/") (#631),Sun Apr 1 22:03:30 2018 +1200
982ee99,Marvin Froeder,Jelte van der Hoek,Using proper formatting pattern for logIOException (#614),Sat Mar 31 10:44:14 2018 +1300
47b7aa2,Marvin Froeder,SCrusader,Updated README.md (#670),Sat Mar 31 10:37:19 2018 +1300
7bea518,Marvin Froeder,swirekadam,fix default method gets wrapped twice (#641),Thu Mar 15 10:48:20 2018 +1300
92d4547,Marvin Herman Froeder,Marvin Herman Froeder,Fix benchmark project name,Tue Mar 13 13:49:13 2018 +1300
5f76927,Marvin Herman Froeder,Marvin Herman Froeder,Fix OptionalDecoderTests,Tue Mar 13 13:41:34 2018 +1300
d264baf,Marvin Herman Froeder,Marvin Herman Froeder,wip,Tue Mar 13 10:42:49 2018 +1300
5611209,Marvin Froeder,Aaron Shaver,Fix capitalization in readme opening paragraph (#608),Tue Mar 13 07:55:56 2018 +1300
f974232,Marvin Froeder,Fredrik Friis,Enable OptionalDecoder to parse 204 responses into Optional.empty (#605),Tue Mar 13 07:50:46 2018 +1300
1f99fa4,Marvin Herman Froeder,Marvin Herman Froeder,[maven-release-plugin] prepare for next development iteration,Sat Mar 10 11:50:10 2018 +1300
7734578,Marvin Herman Froeder,Marvin Herman Froeder,[maven-release-plugin] prepare release 9.6.0,Sat Mar 10 11:32:56 2018 +1300
ba3626a,GitHub,Marvin Froeder,Include benchmrk module on the modules list (#654),Sat Mar 10 11:30:09 2018 +1300
861bb80,Marvin Froeder,PIERRICK HYMBERT,Support of Java 8 Stream Decoder and Jackson Iterator Decoder (#651),Fri Mar 9 21:17:42 2018 +1300
9c72569,GitHub,Marvin Froeder,Master build was failing due to attempt to build benchmark (#653),Wed Mar 7 12:03:01 2018 +1300
eb944cf,GitHub,Marvin Froeder,Sync release scripts with zipkin (#647),Wed Mar 7 08:12:45 2018 +1300
14cbeb4,Adrian Cole,Benjamin Shai,Bump the version to prepare for the next release (#650),Tue Mar 6 09:52:00 2018 +0800
9fd1b1d,Adrian Cole,Marvin Froeder,Updated license headers (#648),Tue Mar 6 07:02:27 2018 +0800
a2addbf,Adrian Cole,Benjamin Shai,add doNotCloseAfterDecode flag to Feign builder (#649),Tue Mar 6 07:01:43 2018 +0800
0ad007a,Adrian Cole,Fredrik Friis,add call for contributors to readme (#617),Thu Dec 14 13:03:25 2017 +0800
2ae6fc5,adriancole,adriancole,[maven-release-plugin] prepare for next development iteration,Wed Aug 2 01:38:43 2017 +0000
6a1b70a,adriancole,adriancole,[maven-release-plugin] prepare release 9.5.1,Wed Aug 2 01:38:39 2017 +0000
d5f5816,Adrian Cole,Adrian Cole,Bumps changelog,Wed Aug 2 09:03:50 2017 +0800
c9d6a9a,Adrian Cole,jonfreedman,test for https://github.com/OpenFeign/feign/pull/511,Wed Aug 2 08:55:31 2017 +0800
431b328,Adrian Cole,Mihhail Verhovtsov,Set empty HttpEntity if request body is null. Otherwise RequestBuilder will create HttpEntity from query parameters.,Wed Aug 2 08:54:53 2017 +0800
e70bb4f,Adrian Cole,David Tanner,Add the Content-Type if specified, unless we are setting the body (#569),Tue Jul 18 16:20:43 2017 +0800
c2bd91e,Adrian Cole,Bertrand Renuart,(gh571) make `animal-sniffer-annotation` optional as it is required only for compilation (#572),Thu Jul 6 22:15:31 2017 +0800
a029afd,Adrian Cole,EthanLozano,Perform type validation for QueryMap and HeaderMap in Contract (#573),Thu Jul 6 22:15:09 2017 +0800
0142f0c,Adrian Cole,Adrian Cole,Fixes release pattern,Thu Jun 29 22:59:03 2017 +0200
8c54e3a,Adrian Cole,Alan Loi,Fix ApacheHttpClient.getContentType() to use request charset as default (#566),Mon Jun 12 20:47:40 2017 +0800
f7fea7f,adriancole,adriancole,[maven-release-plugin] prepare for next development iteration,Sat May 6 05:09:36 2017 +0000
69b136c,adriancole,adriancole,[maven-release-plugin] prepare release 9.5.0,Sat May 6 05:09:32 2017 +0000
05c5f92,Adrian Cole,Jonathan Oddy,Allows configuration of status codes that cause Ribbon retries (#492),Sat May 6 13:03:32 2017 +0800
82b57a3,Adrian Cole,Echo19890615,Fix the issue encountered when the value of queries starting with '{' (#555),Sat May 6 11:12:09 2017 +0800
d7f40f5,Adrian Cole,Ariel,Introduces feign-java8 (#548),Sat May 6 11:11:34 2017 +0800
56c105d,Adrian Cole,Odín del Río,Adds Feign.Builder.mapAndDecode() (#534),Sat May 6 11:10:11 2017 +0800
0444e23,Adrian Cole,Jonathan Fuerth,Don't leak OkHttp response when response.body() is null (#556),Wed May 3 15:51:31 2017 +0800
30ff85f,Adrian Cole,Merkushev Kirill,remove unused build.gradle (#546),Thu Apr 27 22:37:55 2017 +0800
57c6090,Adrian Cole,Will May,Avoid `Decoder.decode` on 404 when void response type (#549),Thu Apr 27 22:31:50 2017 +0800
4aab37c,GitHub,Adrian Cole,Makes the build have pretty colors by updating to Maven 3.5 (#552),Tue Apr 11 14:48:15 2017 +0800
29d1db5,Adrian Cole,Jin Zhang,fix gh-470, support the values of QueryMap starting with '{' (#540),Tue Mar 28 13:19:37 2017 +0800
dbbb112,Spencer Gibb,Spencer Gibb,fix flakey ribbon tests,Tue Mar 7 15:15:54 2017 -0700
8e73d6c,Spencer Gibb,Spencer Gibb,Upgrade okhttp to 3.6.0,Fri Mar 3 10:04:35 2017 -0700
59ebc48,GitHub,Adrian Cole,Removes outdated references to Netflix,Fri Dec 30 09:15:19 2016 +0800
0843b3f,Adrian Cole,Lukasz Kryger,Fix syntax error in one of the examples (#505),Thu Dec 22 14:17:13 2016 +0800
dfb36eb,Adrian Cole,Marcel Dias,Fix readme method name to produce client based in Target<T> (#502),Mon Dec 5 21:59:22 2016 +0800
530c4ae,Adrian Cole,John Ament,#498 Forcibly set the Archaius version to allow Ribbon/Hystrix to work in tandem. (#499),Mon Dec 5 20:58:04 2016 +0800
9ffd644,Adrian Cole,Romain Gonord,fix typo in the documentation (#495),Mon Nov 28 15:40:46 2016 +0800
4eff532,Adrian Cole,rfalke,Make Util.decodeOrDefault(...) public. (#493),Mon Nov 14 08:58:03 2016 +0800
eb663b9,adriancole,adriancole,[maven-release-plugin] prepare for next development iteration,Tue Nov 8 18:42:22 2016 +0000
70ec67e,adriancole,adriancole,[maven-release-plugin] prepare release 9.4.0,Tue Nov 8 18:42:18 2016 +0000
ea1ae43,Adrian Cole,Dmitri Maximovich,Fixes #462,Tue Nov 8 10:37:56 2016 -0800
9a859da,Adrian Cole,zhurpavel,Replaces getFailedExecutionException() on getExecutionException() for fallback factory,Tue Nov 8 10:36:34 2016 -0800
7b646ab,Adrian Cole,rfalke,Also wrap the exception of Decoder.decode() in case of a 404. (#487),Tue Nov 8 10:34:19 2016 -0800
95f78cb,Spencer Gibb,Olivier Truong,ReadMe update: Fix typo in travis picture link (#484),Tue Nov 1 13:19:43 2016 -0400
12e61b9,Spencer Gibb,Christian Manning,Adds Builder class to JAXBDecoder for disabling namespace-awareness. (#471),Tue Oct 11 12:19:43 2016 -0400
de85d2e,Spencer Gibb,Xavier Fornés,Fix examples in ErrorDecoder implementation (#473),Thu Oct 6 10:33:12 2016 -0400
deda96a,Adrian Cole,Pavlo,Implements possibility to disable @Param url encoding (#465),Sun Oct 2 07:48:13 2016 +0800
0e4a1c8,Adrian Cole,rfalke,Make logRetry() and logIOException() protected to allow overriding these methods in custom loggers. (#469),Thu Sep 29 08:48:13 2016 +0800
66b6e96,Adrian Cole,rfalke,Fix javadoc of ErrorLogger. Minor improvement of other javadoc. (#467),Thu Sep 29 08:34:22 2016 +0800
8c101e1,GitHub,Adrian Cole,Adds release instructions (#460),Fri Sep 23 15:48:31 2016 +0800
e1ad7fc,Adrian Cole,Jonathan Oddy,Remove overriding of retry handler. (#459),Thu Sep 15 21:56:13 2016 +0800
9aa2204,GitHub,Adrian Cole,Removes invalid comment,Fri Sep 9 09:19:19 2016 +0800
8fd94ce,Adrian Cole,Andrey Stolyarchuk,Support request content-type with charset (#453),Thu Sep 8 14:05:02 2016 +0800
3adb897,adriancole,adriancole,[maven-release-plugin] prepare for next development iteration,Tue Aug 30 05:25:44 2016 +0000
8ee4389,adriancole,adriancole,[maven-release-plugin] prepare release 9.3.1,Tue Aug 30 05:25:41 2016 +0000
1e1bdb2,GitHub,Adrian Cole,Removes use of internal gson class (#452),Tue Aug 30 09:24:07 2016 +0800
ced133e,Spencer Gibb,Raúl Kripalani,#449 Re-add OSGi headers to all modules. (#450),Mon Aug 29 10:34:52 2016 -0400
7ccc965,Spencer Gibb,Adrian Cole,Adds note about gson map decoding to README (#451),Sun Aug 28 21:21:36 2016 -0400
6fd4049,adriancole,adriancole,[maven-release-plugin] prepare for next development iteration,Fri Aug 19 12:51:50 2016 +0000
4b1b255,adriancole,adriancole,[maven-release-plugin] prepare release 9.3.0,Fri Aug 19 12:51:46 2016 +0000
8ecb6ad,GitHub,Adrian Cole,Adds FallbackFactory, allowing access to the cause of a Hystrix fallback (#443),Fri Aug 19 20:48:10 2016 +0800
baf8e25,adriancole,adriancole,[maven-release-plugin] prepare for next development iteration,Thu Aug 18 11:40:13 2016 +0000
8b24647,adriancole,adriancole,[maven-release-plugin] prepare release 9.2.0,Thu Aug 18 11:40:05 2016 +0000
177ce5e,GitHub,Adrian Cole,Adds Hystrix SetterFactory to customize group and command keys (#447),Wed Aug 17 22:52:28 2016 +0800
b6bf1ca,GitHub,Adrian Cole,Consolidates entrypoint where Hystrix is configured (#446),Wed Aug 17 15:24:47 2016 +0800
7850eb0,GitHub,Adrian Cole,Deprecates code only used in jaxrs (#445),Wed Aug 17 15:19:38 2016 +0800
9818693,GitHub,Adrian Cole,Propagates first IOException from ribbon ClientException (#441),Tue Aug 16 21:06:51 2016 +0800
1dd0c2e,GitHub,Adrian Cole,Adds test case for mixed body param and path params (#421),Tue Aug 16 16:23:07 2016 +0800
3c23f1d,Adrian Cole,David Schlosnagle,Reduce logging overhead (#439),Tue Aug 16 12:06:13 2016 +0800
bb0f292,GitHub,Adrian Cole,Clarifies documentation around configKey (#437),Sun Aug 14 08:27:57 2016 +0800
cc650a0,Adrian Cole,Nick Fiacco,added builder methods and Request field for Response object (#436),Fri Aug 12 08:19:28 2016 +0800
30753bf,Adrian Cole,Mike Liu,Supports context path when using Ribbon LoadBalancingTarget (#433),Thu Aug 11 10:18:21 2016 +0800
449e9ce,adriancole,adriancole,[maven-release-plugin] prepare for next development iteration,Mon Aug 8 14:20:13 2016 +0000
c6bee3a,adriancole,adriancole,[maven-release-plugin] prepare release 9.1.0,Mon Aug 8 14:20:01 2016 +0000
f350c65,Spencer Gibb,Adrian Cole,Allows query parameters to match on a substring. Ex q=body:{body} (#428),Thu Aug 4 20:15:53 2016 -0700
919339a,Adrian Cole,Adrian Cole,Updates examples to correct group id,Wed Aug 3 14:16:48 2016 -0700
82a3aac,Adrian Cole,Adrian Cole,Backfills test for hystrix-rx behavior when no fallback is configured,Fri Jul 22 10:32:10 2016 +0800
44d6fd8,Spencer Gibb,Adrian Cole,Removes unused gradle build (#420),Wed Jul 13 23:19:24 2016 -0600
4c98cfc,adriancole,adriancole,[maven-release-plugin] prepare for next development iteration,Thu Jul 14 04:29:21 2016 +0000
015ce2f,adriancole,adriancole,[maven-release-plugin] prepare release 9.0.0,Thu Jul 14 04:29:18 2016 +0000
8d5a951,adriancole,adriancole,[maven-release-plugin] prepare for next development iteration,Thu Jul 14 03:32:34 2016 +0000
4fb7f16,adriancole,adriancole,[maven-release-plugin] prepare release 9.0.0,Thu Jul 14 03:32:32 2016 +0000
9552b9e,Adrian Cole,Adrian Cole,Re-encrypt keys,Thu Jul 14 11:23:50 2016 +0800
2d43d06,Adrian Cole,Adrian Cole,Adds travis configuration to publish openfeign (#417),Thu Jul 14 11:11:59 2016 +0800
17cb578,Adrian Cole,a-k-g,Lower case headers in response and use TreeMap to allow case insensitive access (#418),Mon Jul 11 08:20:53 2016 +0800
968f35f,Adrian Cole,Dmytro Kostiuchenko,Adds support for encoded query parameters in  @QueryMap (#408),Sat Jul 9 14:51:36 2016 +0800
44afa41,Adrian Cole,Adrian Cole,updates changelog,Sat Jul 2 17:43:58 2016 +0800
100a9ac,Adrian Cole,Dave Syer,Add support for expansion of @Param lists (#403),Sat Jul 2 17:43:57 2016 +0800
1e6dcf3,Adrian Cole,Adrian Cole,Revert "Adds travis configuration to publish openfeign (#417)",Sat Jul 2 12:10:00 2016 +0800
9fd832c,GitHub,Adrian Cole,Adds travis configuration to publish openfeign (#417),Sat Jul 2 12:03:26 2016 +0800
60e0319,GitHub,Adrian Cole,Adds maven project under group id io.github.openfeign (#416),Sat Jul 2 11:41:26 2016 +0800
07275ee,Adrian Cole,Gursev Singh Kalra,Adds XXE fixes to JAXBDecoder and SAXDecoder classes  (#415),Sat Jul 2 09:19:59 2016 +0800
6717142,Adrian Cole,Carter Kozak,Returns null when Content-Length > Integer.MAX_VALUE (#410),Fri Jul 1 12:16:42 2016 +0800
e46ab68,Adrian Cole,Dmytro Kostiuchenko,Clears query param with unsafe characters in name (#409),Wed Jun 29 22:43:58 2016 +0800
464a2b1,GitHub,Adrian Cole,Merge pull request #407 from edio/headermap_duplicate,Wed Jun 22 21:28:18 2016 +0800
ecafb83,Dmytro Kostiuchenko,Dmytro Kostiuchenko,Fixed throwing an IllegalStateException on duplicate HeaderMap,Wed Jun 22 14:47:54 2016 +0200
e3ca341,Jon Schneider,Jon Schneider,Update Bintray API key,Fri May 27 17:43:32 2016 -0700
cfee876,Jon Schneider,Jon Schneider,Update README.md [ci skip],Fri May 27 17:34:19 2016 -0700
5d06369,Jon Schneider,Jon Schneider,Remove unnecessary install step in Travis,Fri May 27 17:32:47 2016 -0700
b7676fe,Jon Schneider,Jon Schneider,Update Bintray API key,Fri May 27 17:31:22 2016 -0700
a22e024,Adrian Cole,Adrian Cole,Merge pull request #397 from enriquezrene/bugfix/redaction-errors-on-readme,Wed May 25 13:36:31 2016 -0600
e291e2d,Rene Enriquez,Rene Enriquez,fix redaction error on README.md file,Wed May 25 14:14:34 2016 -0500
18c58d7,Adrian Cole,Adrian Cole,Merge pull request #390 from bjsousa/upgrade_to_okhttp3,Tue May 17 18:21:09 2016 -0500
74ae7d1,Adrian Cole,Adrian Cole,Updates the GitHub example to use Java 8 default methods,Mon May 16 08:57:08 2016 +0800
abfd77e,bjsousa@wisc.edu,bjsousa@wisc.edu,Use correct minor version in changelog,Fri May 6 09:03:43 2016 -0500
3d84c76,bjsousa@wisc.edu,bjsousa@wisc.edu,Upgrade to OkHttp 3.2 and adjust tests as needed to work with new OkHttpClient and MockWebServer methods,Thu May 5 10:56:59 2016 -0500
bc9948f,Adrian Cole,Adrian Cole,Merge pull request #387 from padilo/completable_support,Sat Apr 30 09:01:25 2016 +0800
53cfd0d,Pablo Diaz,Pablo Diaz,Added changes to changelog,Sat Apr 30 00:01:52 2016 +0200
47345f8,Pablo Diaz,Pablo Diaz,Added rx.Completable support,Thu Apr 28 00:13:12 2016 +0200
5c352a0,Adrian Cole,Adrian Cole,Merge pull request #385 from fiunchinho/feature/deletage_retry_ribbon,Tue Apr 26 16:26:32 2016 +0800
6591ae8,José Armesto,José Armesto,Added dummy retryer that always delegates exceptions without retrying requests,Tue Apr 26 10:12:20 2016 +0200
6d83c90,Adrian Cole,Adrian Cole,Merge pull request #384 from jmnarloch/error-decoder-docs,Mon Apr 25 08:43:25 2016 +0800
0478424,Jakub Narloch,Jakub Narloch,Corrected ErrorDecoder sample docs,Sun Apr 24 16:45:14 2016 +0200
dacc707,Adrian Cole,Adrian Cole,Merge pull request #383 from Netflix/null-reason,Sat Apr 23 14:37:21 2016 +0800
3378eee,Adrian Cole,Adrian Cole,Recognizes reason phrase is nullable and not set when using http/2,Sat Apr 23 14:13:19 2016 +0800
c05384f,Adrian Cole,Adrian Cole,Merge pull request #380 from Netflix/hystrix-object-methods,Fri Apr 22 22:20:29 2016 +0800
03e9a7d,Adrian Cole,Adrian Cole,Fixes dispatch for toString, equals, hashCode in hystrix,Fri Apr 22 21:26:36 2016 +0800
18eb7f6,Adrian Cole,Adrian Cole,Merge pull request #369 from oillio/ignore_default,Sat Apr 2 09:06:43 2016 +0800
4cab6ab,Dan Jasek,Dan Jasek,Do not error on interfaces with default methods. Pass calls to default methods on proxy through to implementation on interface.,Fri Apr 1 16:32:07 2016 -0600
2ef3bc8,Adrian Cole,liuzhengyang,Sets method access for hystrix package-private fallback method,Tue Mar 29 14:05:28 2016 +0800
64184e9,Adrian Cole,Adrian Cole,Merge pull request #354 from oillio/ignore-static-methods,Fri Mar 25 18:39:24 2016 +0800
bd305ed,Adrian Cole,Adrian Cole,Merge pull request #362 from nmiyake/feature/headerMap,Fri Mar 25 18:35:00 2016 +0800
e7adaa7,Nick Miyake,Nick Miyake,Add HeaderMap annotation,Thu Mar 24 23:16:26 2016 -0700
3312169,Adrian Cole,Adrian Cole,Merge pull request #366 from nmiyake/headerDocs,Fri Mar 25 13:41:16 2016 +0800
ef5632f,Nick Miyake,Nick Miyake,Update README with documentation on setting headers,Thu Mar 24 22:23:58 2016 -0700
6a62717,Adrian Cole,Adrian Cole,Merge pull request #355 from Netflix/expose-MAP_STRING_WILDCARD,Wed Mar 16 09:50:38 2016 +0800
5d0b5b1,Adrian Cole,Adrian Cole,Merge pull request #356 from jmcampanini/jmcampanini/bump-okhttp,Tue Mar 15 13:36:27 2016 +0800
d25095c,Javier Campanini,Javier Campanini,bump okhttp dependencies to 2.7.5,Mon Mar 14 10:43:48 2016 -0400
f24425c,Adrian Cole,Adrian Cole,Exposes Encoder.MAP_STRING_WILDCARD to make form encoding easier,Mon Mar 14 21:29:14 2016 +0800
7bfce47,Dan Jasek,Dan Jasek,Ignore static methods when validating interface Also moved tests to compile to Java 1.8 fixes #312,Fri Mar 11 13:02:21 2016 -0700
65ac054,Adrian Cole,Adrian Cole,Merge pull request #349 from Netflix/commit-log-notes,Thu Mar 10 14:15:09 2016 +0800
d503d05,Adrian Cole,Adrian Cole,Merge pull request #348 from Netflix/headers-var-redo,Wed Mar 9 10:50:50 2016 +0800
d13d5ad,Adrian Cole,Adrian Cole,Adds commit log guidelines,Wed Mar 9 10:13:27 2016 +0800
57444d1,Adrian Cole,Adrian Cole,Fixes vnd header regression by changing Headers encoding,Wed Mar 9 09:56:22 2016 +0800
b29f9d8,Adrian Cole,Adrian Cole,Documents intent of client tests,Wed Mar 9 09:44:56 2016 +0800
c2329ab,Adrian Cole,Adrian Cole,Merge pull request #344 from stevecstian/fix-links,Sat Mar 5 17:51:35 2016 +0800
ee2019d,Steve Tian,Steve Tian,Fixes links in CONTRIBUTING.md,Sat Mar 5 16:24:55 2016 +0800
f0a53b1,Adrian Cole,Adrian Cole,Fixed version log,Sat Mar 5 12:25:27 2016 +0800
d1fb8c2,Adrian Cole,Adrian Cole,Merge pull request #343 from Netflix/runtime-expander-injection,Sat Mar 5 12:13:10 2016 +0800
7a9be05,Adrian Cole,Adrian Cole,Supports runtime injection of Param.Expander,Sat Mar 5 12:08:15 2016 +0800
2cfe41f,Adrian Cole,Adrian Cole,Merge pull request #342 from Netflix/HACKING,Sat Mar 5 11:07:33 2016 +0800
7c63801,Adrian Cole,Jimmy Lu,Used Google code style for code formatting,Sat Mar 5 11:06:41 2016 +0800
07dcd87,Adrian Cole,Jimmy Lu,Adds fallback support for HystrixCommand, Observable, and Single results,Sat Mar 5 11:06:32 2016 +0800
4e1179f,Adrian Cole,Adrian Cole,Adds HACKING file, to demystify change to Feign,Sat Mar 5 11:01:08 2016 +0800
14402d8,Adrian Cole,Adrian Cole,Merge pull request #339 from spencergibb/hystrix-readme-example,Tue Mar 1 10:31:49 2016 +0800
02fe329,Spencer Gibb,Spencer Gibb,Fix broken hystrix example.,Mon Feb 29 11:11:03 2016 -0700
f344dbd,Adrian Cole,Adrian Cole,Merge pull request #335 from nmiyake/feature/queryMap,Fri Feb 26 11:41:12 2016 +0800
8aeeed6,Nick Miyake,Nick Miyake,Add QueryMap annotation,Thu Feb 25 17:07:34 2016 -0800
4b9fd73,Adrian Cole,Adrian Cole,Merge pull request #336 from nmiyake/fixTypo,Fri Feb 26 07:34:18 2016 +0800
085afec,Nick Miyake,Nick Miyake,Fix typo in comment,Thu Feb 25 13:16:31 2016 -0800
e93b6a0,Adrian Cole,Adrian Cole,Merge pull request #326 from ahus1/allow_any_replacement_in_header_288,Mon Feb 15 16:41:15 2016 +0800
7e25bbb,Alexander Schwartz,Alexander Schwartz,make replacements headers work the same like in the body,Sat Feb 13 11:46:41 2016 +0100
c345168,Adrian Cole,Adrian Cole,Merge pull request #328 from ahus1/contributor_friendlyness,Fri Feb 12 17:26:40 2016 +0800
86552f8,Alexander Schwartz,Alexander Schwartz,updated cipher suite that exists on both Java 7 and latest Java 8 release,Fri Feb 12 07:49:38 2016 +0100
32c0d07,Alexander Schwartz,Alexander Schwartz,updated IntelliJ link, added link for IntelliJ 15,Fri Feb 12 07:48:27 2016 +0100
a598759,Alexander Schwartz,Alexander Schwartz,if running on a forked repository (with no environment variables present), do a simple build,Fri Feb 12 07:43:08 2016 +0100
3052527,Alexander Schwartz,Alexander Schwartz,gradle wrapper should be cached as well,Fri Feb 12 07:42:36 2016 +0100
7464d5e,Adrian Cole,Adrian Cole,Merge pull request #324 from dsyer/fix/httpclient,Wed Feb 3 15:04:57 2016 +0100
5244db4,Dave Syer,Dave Syer,Apache HTTP client hates to have the Content-Length set,Wed Feb 3 09:56:01 2016 +0000
715e72b,Adrian Cole,Adrian Cole,Merge pull request #323 from carlossg/invalid-http,Wed Jan 27 20:51:15 2016 +0100
65b1e9e,Carlos Sanchez,Carlos Sanchez,Handle invalid HTTP received from server,Wed Jan 27 19:42:32 2016 +0100
5281e62,Adrian Cole,Adrian Cole,Merge pull request #322 from pnepywoda/empty-body,Tue Jan 26 11:14:37 2016 +0100
e17aaed,Paul Nepywoda,Paul Nepywoda,support PUT with empty body parameter,Tue Jan 26 02:02:28 2016 -0800
e1137b0,Adrian Cole,Adrian Cole,Allows HystrixFeign.Builder to be used incrementally,Thu Jan 14 12:52:43 2016 +0800
9c07cb0,Adrian Cole,Adrian Cole,Merge pull request #311 from Netflix/nicer-error,Sun Jan 10 16:52:28 2016 +0800
ae7e00e,Adrian Cole,Adrian Cole,Provides a nicer error when a user omits the http method,Sat Jan 9 20:05:42 2016 +0800
8c1d6e7,Adrian Cole,Adrian Cole,Fixes CHANGELOG,Thu Jan 7 17:23:22 2016 +0800
455525b,Adrian Cole,Adrian Cole,Merge pull request #308 from Netflix/now-with-fallbacks,Thu Jan 7 17:04:35 2016 +0800
122f9a5,Adrian Cole,Adrian Cole,Adds fallback implementation configuration to the `HystrixFeign` builder,Thu Jan 7 14:22:59 2016 +0800
7c0ddbf,Adrian Cole,Adrian Cole,Updates to okhttp 2.7.1,Wed Jan 6 14:55:10 2016 +0800
6a8359f,Adrian Cole,Adrian Cole,Merge pull request #307 from christopherlakey/master,Wed Jan 6 11:53:07 2016 +0800
d1cb196,Christopher Lakey,Christopher Lakey,Add support for rx.Observable and rx.Single return types to Hystrix module,Tue Jan 5 22:35:13 2016 -0500
94ec7c2,Adrian Cole,Adrian Cole,Merge pull request #305 from Netflix/expose-HystrixDelegatingContract,Wed Dec 23 08:38:25 2015 +0800
20f3721,Adrian Cole,Adrian Cole,Document and expose HystrixDelegatingContract,Wed Dec 23 08:29:27 2015 +0800
7cbddf1,Adrian Cole,Adrian Cole,Merge pull request #303 from Netflix/bumps,Tue Dec 15 16:24:28 2015 +0800
4f86d15,Adrian Cole,Adrian Cole,Bumps dependency versions, most notably Gson 2.5 and OkHttp 2.7,Tue Dec 15 16:19:09 2015 +0800
10ee72c,Adrian Cole,Adrian Cole,Merge pull request #302 from cakofony/ckozak/stream_response,Tue Dec 15 16:04:38 2015 +0800
ef01751,Carter Kozak,Carter Kozak,Allow responses to be streamed.,Tue Dec 15 00:14:12 2015 -0500
622e2a5,Andrew Spyker,Andrew Spyker,adding OSSMETADATA for NetflixOSS tracking,Fri Dec 11 15:51:21 2015 -0800
b2e9b6f,Adrian Cole,Adrian Cole,Merge pull request #295 from dstepanov/jaxrs-npe-method-annotation-order,Thu Nov 5 13:30:04 2015 -0800
4dbbdb7,Denis Stepanov,Denis Stepanov,JAXRS: Fix NPE when @Path is first on a method,Thu Nov 5 20:55:40 2015 +0100
67ba4f2,Adrian Cole,Adrian Cole,Merge pull request #293 from uschi2000/feature/no-decoder-exception,Tue Nov 3 06:55:09 2015 -0800
544820c,Robert Fink,Robert Fink,SynchronousMethodHandler does not wrap exceptions thrown by Decoder#decode in decode404 mode,Mon Nov 2 22:09:52 2015 -0500
40b32ec,Adrian Cole,Adrian Cole,Merge pull request #291 from htynkn/patch-1,Sun Nov 1 07:44:29 2015 -0800
28cbc35,Huang YunKun,Huang YunKun,Fix 404 issue for Github sample,Sun Nov 1 15:23:46 2015 +0000
f281065,Adrian Cole,Adrian Cole,Merge pull request #290 from Netflix/not-found,Sat Oct 31 12:03:36 2015 -0700
24885fe,Adrian Cole,Adrian Cole,Adds Feign.Builder.decode404() to reduce boilerplate for empty semantics,Sat Oct 31 09:46:29 2015 -0700
c9c5e31,Adrian Cole,Adrian Cole,Merge pull request #280 from spencergibb/hystrix,Fri Oct 16 14:05:06 2015 -0700
c17756c,Spencer Gibb,Spencer Gibb,add HystrixCommand support,Fri Oct 16 14:59:30 2015 -0600
46e8911,Adrian Cole,Adrian Cole,Squash changelog version,Fri Oct 9 00:32:39 2015 -0700
3e794cc,Adrian Cole,Adrian Cole,Merge pull request #279 from FrEaKmAn/master,Fri Oct 9 00:31:37 2015 -0700
a9a1f3e,Erol,Erol,Added HTTP status to FeignException,Fri Oct 9 09:26:16 2015 +0200
01d3495,Adrian Cole,Adrian Cole,Merge pull request #276 from stromnet/inherited-headers,Tue Sep 29 08:19:50 2015 -0700
924b9de,Johan Ström,Johan Ström,Class-level headers from inherited class when method is defined in declaring class,Tue Sep 29 16:43:52 2015 +0200
11bdf20,Adrian Cole,Adrian Cole,Merge pull request #274 from asukhyy/feign-httpclient-url-encoding-fix,Sun Sep 20 07:27:19 2015 -0700
93cd0b7,Andriy Sukhyy,Andriy Sukhyy,Added support for spaces in path,Sun Sep 20 03:16:26 2015 -0700
0904133,Adrian Cole,Paul Nepywoda,Supports POST without a body parameter,Mon Sep 14 11:54:38 2015 +0200
60c6ac3,Adrian Cole,Adrian Cole,Updates changelog,Thu Sep 10 09:14:54 2015 +0200
ed24a4a,Adrian Cole,Adrian Cole,Merge pull request #270 from pnepywoda/class-level-annotations,Thu Sep 10 09:12:46 2015 +0200
995ef2a,Paul Nepywoda,Paul Nepywoda,read class-level @Produces/@Consumes,Wed Sep 9 17:01:07 2015 -0700
69a8779,Adrian Cole,Adrian Cole,Merge pull request #268 from ddteeter/264-body-decoding,Wed Sep 9 16:12:12 2015 +0200
00b7b6c,Drew Teeter,Drew Teeter,Switches body parameter substitution to use encoded parameters,Wed Sep 9 07:48:27 2015 -0600
129f9a4,Adrian Cole,Adrian Cole,Merge pull request #269 from Netflix/dont-handle-response,Wed Sep 9 14:41:20 2015 +0200
149ccbd,Adrian Cole,Adrian Cole,Skips error handling when return type is Response,Wed Sep 9 13:51:40 2015 +0200
a1754a2,Adrian Cole,Adrian Cole,Moves off legacy travis containers,Tue Sep 8 16:11:54 2015 +0200
ec79b26,Adrian Cole,Adrian Cole,Merge pull request #266 from stromnet/global-headers-262,Tue Sep 8 15:27:48 2015 +0200
2138a62,Johan Ström,Johan Ström,Fix variable expansion in @Header class-annotation as discussed in #262,Mon Sep 7 09:33:49 2015 +0200
6beb464,Adrian Cole,Adrian Cole,Merge pull request #265 from Netflix/adrian.bump,Thu Sep 3 21:24:17 2015 -0700
0652714,Adrian Cole,Adrian Cole,Bumps dependency versions for integrations,Thu Sep 3 21:16:38 2015 -0700
6b90c7c,Adrian Cole,David Cobo,Adds jackson-jaxb codec,Thu Sep 3 18:58:41 2015 -0700
79a106f,Adrian Cole,Adrian Cole,Merge pull request #256 from Netflix/adrian.rebuffer-no-content,Thu Aug 6 10:19:59 2015 -0700
511e884,Adrian Cole,Adrian Cole,Fixes NPE when apache client rebuffers content,Thu Aug 6 09:00:38 2015 -0700
abe7e12,Adrian Cole,Adrian Cole,Updates examples to 8.7.0,Sun Aug 2 14:56:09 2015 -0700
1ed5cd8,Adrian Cole,Adrian Cole,Merge pull request #252 from Netflix/adrian.version-bump,Sun Aug 2 11:50:32 2015 -0700
7971093,Adrian Cole,Adrian Cole,Merge pull request #253 from Netflix/adrian.revert-inputstream-available,Sun Aug 2 11:31:28 2015 -0700
2b79b93,Adrian Cole,Adrian Cole,Avoids InputStream.available when determining if a stream is empty,Sun Aug 2 11:23:55 2015 -0700
eb351f8,Adrian Cole,Adrian Cole,Bumps dependency versions for integrations,Sun Aug 2 10:55:53 2015 -0700
c5ee603,Adrian Cole,Adrian Cole,Merge pull request #251 from Netflix/fix-gitter-webhook,Wed Jul 22 11:15:15 2015 -0700
4e7cfa9,Adrian Cole,Adrian Cole,Fixes gitter webhook,Wed Jul 22 10:56:21 2015 -0700
64bda9d,Adrian Cole,Adrian Cole,Merge pull request #246 from Netflix/adrian.base-api,Mon Jul 13 18:44:42 2015 +0200
1f0464e,Adrian Cole,bcrow,Fixes end-of-input exception when decoding an empty json body,Fri Jul 10 11:05:24 2015 +0200
0aac921,Adrian Cole,Adrian Cole,Adds base api support via single-inheritance interfaces,Fri Jul 3 10:11:51 2015 +0200
cd0c108,Adrian Cole,Adrian Cole,Merge pull request #245 from Netflix/adrian.travis-gitter,Sat Jun 27 08:29:47 2015 -0700
66208ff,Adrian Cole,Adrian Cole,Adds gitter webhook for travis,Sat Jun 27 08:26:08 2015 -0700
cf4675d,Adrian Cole,Adrian Cole,Merge pull request #244 from gitter-badger/gitter-badge,Sat Jun 27 08:10:44 2015 -0700
201652f,The Gitter Badger,The Gitter Badger,Added Gitter badge,Sat Jun 27 15:06:34 2015 +0000
34e265a,Adrian Cole,Adrian Cole,bump changelog,Thu Jun 18 19:14:15 2015 -0700
e32cdf4,Adrian Cole,unknown,Added possibility to leave slash encoded in path parameters,Thu Jun 18 19:11:21 2015 -0700
44459da,Adrian Cole,Adrian Cole,Merge pull request #242 from jacob-meacham/bugfix/multiple-regexes,Fri Jun 12 14:24:14 2015 -0700
5c84864,Jacob Meacham,Jacob Meacham,Fix regex support when there are multiple @Path regexes,Fri Jun 12 13:05:32 2015 -0700
2f50cf9,Adrian Cole,Adrian Cole,Merge pull request #240 from jacob-meacham/bugfix/trailing-slash-on-class,Fri Jun 12 09:03:39 2015 -0700
f378d9a,Adrian Cole,Adrian Cole,Merge pull request #241 from jacob-meacham/bugfix/regex-path-param,Fri Jun 12 09:01:44 2015 -0700
b764591,Adrian Cole,Adrian Cole,Merge pull request #239 from Widen/master,Fri Jun 12 08:58:46 2015 -0700
226b73a,Jacob Meacham,Jacob Meacham,Strip regex allowed by the jaxrs spec.,Thu Jun 11 21:15:07 2015 -0700
b85d5c1,Jacob Meacham,Jacob Meacham,Fix an issue with trailing slashes in @Path annotations on classes,Thu Jun 11 21:03:40 2015 -0700
c18c2ee,Uriah Carpenter,Uriah Carpenter,Correct retry handling for repeatable requests,Sat Jun 6 22:48:15 2015 -0500
0bc994e,Adrian Cole,Thiago Moretto,Removes trailing slash from the URL just when just present,Sat Jun 6 10:48:34 2015 -0700
c32c8eb,Adrian Cole,Adrian Cole,Documents how to send POST bodies,Tue Jun 2 11:09:29 2015 -0700
1705c15,Adrian Cole,Tristan Burch,Support for Apache HttpClient as Feign client,Tue May 12 21:11:29 2015 -0700
b8de1e8,Adrian Cole,Adrian Cole,Merge pull request #231 from cognitree/deflate-encoding,Sun May 10 07:21:35 2015 -0700
facb4a7,Adrian Cole,Adrian Cole,Merge pull request #232 from cognitree/jackson-deprecared-api,Sun May 10 07:20:32 2015 -0700
2d06330,Santhosh Kumar Tekuri,Santhosh Kumar Tekuri,Adds deflate encoding support,Sun May 10 19:41:14 2015 +0530
cbdb0b0,Santhosh Kumar Tekuri,Santhosh Kumar Tekuri,Fixes deprecated method usage of Jackson library,Sun May 10 19:29:43 2015 +0530
8dddb05,Adrian Cole,Adrian Cole,Merge pull request #230 from cognitree/space-encoding-in-urlparam,Sun May 10 06:56:53 2015 -0700
ab6e603,Santhosh Kumar Tekuri,Santhosh Kumar Tekuri,Corrects encoding of space in URL parameter,Sun May 10 16:59:34 2015 +0530
cbf15f0,Adrian Cole,Adrian Cole,Merge pull request #228 from Netflix/adrian.easy-custom-request,Thu May 7 09:16:00 2015 -0700
80f0475,Adrian Cole,Adrian Cole,Allows customized request construction by exposing Request.create(),Thu May 7 09:10:03 2015 -0700
362f5e6,Adrian Cole,Adrian Cole,Merge pull request #224 from jnaous/fix-retry-after-decoder,Thu Apr 23 17:25:16 2015 -0700
28b3dee,Jad Naous,Jad Naous,Correct time decoding in RetryAfterDecoder,Thu Apr 23 17:12:40 2015 -0700
c678daa,Adrian Cole,Adrian Cole,Merge pull request #222 from spencergibb/ribbon-client-replace-first,Thu Apr 16 09:21:09 2015 -0700
9c69c0a,Spencer Gibb,Spencer Gibb,RibbonClient use replaceFirst to remove host rather than other parts of the uri. refactor RibbonClient to clean url in static method,Thu Apr 16 09:24:18 2015 -0600
27dc373,Adrian Cole,Adrian Cole,Merge pull request #219 from Netflix/adrian.perf-example,Mon Apr 13 11:12:44 2015 -0700
83f54c6,Adrian Cole,Adrian Cole,Demonstrates impact of advice to cache Feign.newInstance,Sun Apr 12 11:41:44 2015 -0700
9ccd1c0,Adrian Cole,Adrian Cole,Fixes typos,Wed Apr 8 07:31:10 2015 -0700
c2fee60,Adrian Cole,Adrian Cole,Corrects notes on examples,Wed Apr 8 07:30:10 2015 -0700
99cef80,Adrian Cole,Adrian Cole,Merge pull request #215 from rspieldenner/travis_cache,Tue Apr 7 14:01:09 2015 -0700
b660145,Adrian Cole,Adrian Cole,Merge pull request #217 from Netflix/adrian.benchmarks,Tue Apr 7 14:00:41 2015 -0700
7612e9d,Adrian Cole,Adrian Cole,Adds JMH benchmark module,Tue Apr 7 08:39:06 2015 -0700
443669d,Rob Spieldenner,Rob Spieldenner,Enable caching for gradle dependencies,Wed Apr 1 14:22:28 2015 -0700
ca068eb,Adrian Cole,Adrian Cole,Merge pull request #213 from Netflix/adrian.source16-animalsniffer,Wed Mar 18 07:57:49 2015 -0700
0ed8253,Adrian Cole,Adrian Cole,Enforces source compatibility with animal-sniffer,Tue Mar 17 20:41:38 2015 -0700
8eeb109,Adrian Cole,Adrian Cole,Updates examples to feign 8.1.0,Fri Mar 13 16:34:11 2015 -0700
081bd1d,Adrian Cole,Adrian Cole,Merge pull request #212 from rspieldenner/maven_sync,Fri Mar 13 16:02:34 2015 -0700
02d3a16,Rob Spieldenner,Rob Spieldenner,Enable Maven Central sync,Fri Mar 13 13:58:38 2015 -0700
6368e57,Adrian Cole,Adrian Cole,Merge pull request #211 from rspieldenner/travis_release,Fri Mar 13 10:24:26 2015 -0700
a139347,Rob Spieldenner,Rob Spieldenner,Move to 2.2.9 for travisci release,Fri Mar 13 10:22:51 2015 -0700
8dd999e,Adrian Cole,Adrian Cole,Merge pull request #210 from rspieldenner/travisci,Thu Mar 12 15:34:46 2015 -0700
17c93a5,Rob Spieldenner,Rob Spieldenner,Move to 2.2.8 which has the release.travisci flag to disable certain checks on tag releases,Thu Mar 12 15:05:21 2015 -0700
72c9302,Adrian Cole,Adrian Cole,Merge pull request #209 from Netflix/adrian.nebula-2.2.7,Wed Mar 11 21:33:29 2015 -0700
9398c2a,Adrian Cole,Adrian Cole,Updates to nebula 2.2.7,Wed Mar 11 21:30:06 2015 -0700
dfb209b,Adrian Cole,Adrian Cole,Merge pull request #208 from rspieldenner/travis,Tue Mar 10 17:21:27 2015 -0700
556ffd1,Rob Spieldenner,Rob Spieldenner,Change syntax to make it clear calling a script in directory instead of an OS command,Tue Mar 10 16:43:25 2015 -0700
9892011,Adrian Cole,Adrian Cole,Merge pull request #207 from rspieldenner/travis,Tue Mar 10 16:35:11 2015 -0700
268cbd4,Rob Spieldenner,Rob Spieldenner,Make executable,Tue Mar 10 16:26:49 2015 -0700
f5fecbf,Adrian Cole,Adrian Cole,Merge pull request #206 from rspieldenner/travis,Tue Mar 10 15:59:42 2015 -0700
514ba97,Rob Spieldenner,Rob Spieldenner,With encrypted keys,Tue Mar 10 15:19:46 2015 -0700
d603a19,Rob Spieldenner,Rob Spieldenner,Travis setup,Tue Mar 10 14:51:13 2015 -0700
df9726d,Adrian Cole,Adrian Cole,Merge pull request #204 from Netflix/adrian.headers-on-type,Tue Mar 10 11:13:10 2015 -0700
531a54d,Adrian Cole,Adrian Cole,Allows `@Headers` to be applied to a type,Tue Mar 10 10:56:06 2015 -0700
687efb9,Adrian Cole,Adrian Cole,Updates examples to feign 8.0.0,Mon Mar 9 08:22:18 2015 -0700
859ee39,Adrian Cole,Adrian Cole,Merge pull request #200 from Netflix/adrian.no-message-cause,Wed Mar 4 06:38:42 2015 -0800
c1e3996,Adrian Cole,Adrian Cole,Accepts codec exceptions without a message,Tue Mar 3 22:06:54 2015 -0800
1eaec34,Adrian Cole,Adrian Cole,Merge pull request #196 from Netflix/adrian.example-polish,Wed Feb 25 08:35:42 2015 -0800
b8c2c0e,Adrian Cole,Adrian Cole,Polishes GitHub example,Wed Feb 25 07:58:38 2015 -0800
cc3dd37,Adrian Cole,Adrian Cole,Merge pull request #195 from molindo/github-error-example,Wed Feb 25 06:12:52 2015 -0800
ed0955d,Stefan Fussenegger,Stefan Fussenegger,adds ErrorDecoder example with nested Decoder,Wed Feb 25 09:51:24 2015 +0100
2227930,Adrian Cole,Brendan Nolan,Adds LBClientFactory to enable caching of Ribbon LBClients,Sun Feb 22 10:06:20 2015 -0800
9d918b7,Adrian Cole,Adrian Cole,Merge pull request #193 from jebeaudet/fix-NPEOnEmptyQueryParam,Sat Feb 21 12:28:16 2015 -0800
4577082,Jacques-Etienne Beaudet,Jacques-Etienne Beaudet,Supports query params without values,Sat Feb 21 17:57:26 2015 +0000
712a8c8,Adrian Cole,Adrian Cole,Merge pull request #185 from bstick12/issue-183,Wed Feb 18 17:42:57 2015 -0800
05b5894,Brendan Nolan,Brendan Nolan,Retains scheme in LBClient.RibbonRequest URI,Wed Feb 18 20:43:47 2015 +0000
fb2b915,Adrian Cole,Adrian Cole,Merge pull request #181 from Netflix/adrian.jackson-2.5.1,Sat Feb 7 10:32:24 2015 -0800
a509393,Adrian Cole,Adrian Cole,Updates to Jackson 2.5.1,Sat Feb 7 10:29:32 2015 -0800
3309b38,Adrian Cole,Adrian Cole,Merge pull request #180 from Netflix/adrian.ribbon-2.0-RC13,Sat Feb 7 10:28:19 2015 -0800
4735690,Adrian Cole,Adrian Cole,Updates to Ribbon 2.0-RC13,Sat Feb 7 10:20:33 2015 -0800
8e18341,Adrian Cole,Adrian Cole,Merge pull request #179 from Netflix/adrian.examples-7.2.1,Sat Feb 7 10:13:08 2015 -0800
c53b177,Adrian Cole,Adrian Cole,Updates examples to Feign 7.2.1,Sat Feb 7 10:08:55 2015 -0800
7c1558a,Adrian Cole,Adrian Cole,Merge pull request #178 from bstick12/ribbonclient,Sat Feb 7 09:56:09 2015 -0800
59a159e,Brendan Nolan,Brendan Nolan,Adds Request.Options support to RibbonClient,Sat Feb 7 14:05:22 2015 +0000
c6db67a,Adrian Cole,Adrian Cole,Merge pull request #161 from jdamick/header_fixes,Wed Feb 4 13:20:17 2015 -0800
74e23ef,jdamick,jdamick,Headers substitutions were not being expanded by the value name, instead it was using the header name..,Wed Feb 4 16:04:43 2015 -0500
c6b36fa,Adrian Cole,Adrian Cole,Merge pull request #160 from Netflix/adrian.format,Sun Feb 1 19:19:39 2015 -0800
207530d,Adrian Cole,Adrian Cole,Reformats code according to Google Java Style,Sun Feb 1 19:09:18 2015 -0800
42fc476,Adrian Cole,Adrian Cole,corrects 7.2 changelog,Sun Feb 1 13:48:40 2015 -0800
e455670,Adrian Cole,Adrian Cole,Merge pull request #157 from Netflix/adrian.emptytarget,Sun Feb 1 13:42:06 2015 -0800
76367fe,Adrian Cole,Adrian Cole,Adds EmptyTarget for interfaces who exclusively declare URI methods,Sun Feb 1 12:35:50 2015 -0800
69aa98f,Adrian Cole,Adrian Cole,Merge pull request #155 from Netflix/adrian.control-body-encoding,Sat Jan 31 13:22:53 2015 -0800
183a5a1,Adrian Cole,Adrian Cole,Makes body parameter type explicit,Sat Jan 31 12:00:48 2015 -0800
50ea3ea,Adrian Cole,Adrian Cole,Merge pull request #153 from Netflix/adrian.examples-standalone,Tue Jan 27 20:43:06 2015 -0800
f4342dc,Adrian Cole,Adrian Cole,Makes examples standalone and built from standard Gradle or Maven,Tue Jan 27 10:00:12 2015 -0800
31915a6,Adrian Cole,Adrian Cole,Removes outdated dagger reference,Mon Jan 26 10:32:39 2015 -0800
4323d6a,Adrian Cole,Adrian Cole,Merge pull request #141 from Netflix/adrian.no-dagger,Mon Jan 26 10:15:02 2015 -0800
bceee32,Adrian Cole,Adrian Cole,Removes unused imports in OkHttpClientTest,Mon Jan 26 10:13:59 2015 -0800
8a0cba5,Adrian Cole,Adrian Cole,Removes Dagger 1.x Dependency and support for javax.inject.Named,Mon Jan 26 10:13:54 2015 -0800
292a2ad,Adrian Cole,Adrian Cole,Merge pull request #152 from Netflix/adrian.expander,Mon Jan 26 09:51:52 2015 -0800
7d96a45,Adrian Cole,Adrian Cole,Merge pull request #150 from rspieldenner/upgrade_netflixoss,Mon Jan 26 09:47:36 2015 -0800
3bddf1f,Adrian Cole,Adrian Cole,Supports custom expansion of template parameters via Param.Expander,Mon Jan 26 09:46:14 2015 -0800
944e20e,Rob Spieldenner,Rob Spieldenner,Move to nebula.netflixoss 2.2.5,Mon Jan 26 09:40:12 2015 -0800
5801ea9,Adrian Cole,Adrian Cole,Merge pull request #148 from Netflix/adrian.fix-default-accept,Mon Jan 26 01:48:16 2015 -0800
72c3ba8,Adrian Cole,Adrian Cole,Ensures Accept headers default to */*,Mon Jan 26 01:43:51 2015 -0800
db897ad,Adrian Cole,Adrian Cole,Merge pull request #147 from Netflix/adrian.patch,Mon Jan 26 01:22:26 2015 -0800
49b700e,Adrian Cole,Adrian Cole,Adds OkHttp integration,Mon Jan 26 01:21:36 2015 -0800
194d82f,Adrian Cole,Adrian Cole,Allows multiple headers with the same name; Backfills default client tests.,Mon Jan 26 01:12:03 2015 -0800
62cbe19,Adrian Cole,Adrian Cole,Merge pull request #145 from Netflix/adrian.named-to-param,Sun Jan 25 22:03:03 2015 -0800
0679979,Adrian Cole,Adrian Cole,Introduces feign.@Param to annotate template parameters,Sun Jan 25 22:00:12 2015 -0800
252559a,Adrian Cole,Adrian Cole,Merge pull request #144 from Netflix/adrian.test-with-assertj,Sun Jan 25 18:47:30 2015 -0800
3fc385a,Adrian Cole,Adrian Cole,Removes guava test dependency in favor of AssertJ,Sun Jan 25 17:57:16 2015 -0800
a862fe6,Adrian Cole,Adrian Cole,Merge pull request #143 from Netflix/adrian.log4j-n-rulz,Sat Jan 24 20:29:55 2015 -0800
0f3947a,Adrian Cole,Adrian Cole,Replace TestNG with JUnit + Rules,Sat Jan 24 18:31:08 2015 -0800
32c32e7,Adrian Cole,Adrian Cole,Merge pull request #142 from Netflix/adrian.target-tostring,Sat Jan 24 16:17:28 2015 -0800
96fa779,Adrian Cole,Adrian Cole,Adds toString to Targets. Normalizes equals/hashCode.,Sat Jan 24 18:49:28 2015 +0800
246e01b,Adrian Cole,Adrian Cole,Merge pull request #132 from Drdoteam/patch-1,Thu Jan 8 07:17:41 2015 -0800
73902e6,Jinho Shin,Jinho Shin,Update README.md,Thu Jan 8 15:54:46 2015 +0900
e6ec076,Jinho Shin,Jinho Shin,Update README.md,Wed Jan 7 15:02:06 2015 +0900
0c08ac9,Jinho Shin,Jinho Shin,Update README.md,Wed Jan 7 13:46:09 2015 +0900
495de18,Jinho Shin,Jinho Shin,Update README.md,Tue Jan 6 13:56:17 2015 +0900
21da446,Rob Spieldenner,Rob Spieldenner,Merge pull request #131 from rspieldenner/master,Mon Jan 5 16:51:19 2015 -0800
2e28ebd,Rob Spieldenner,Rob Spieldenner,Merge branch '7.x',Mon Jan 5 15:44:27 2015 -0800
782cc1b,Rob Spieldenner,Rob Spieldenner,Merge pull request #130 from rspieldenner/7.x,Mon Jan 5 15:39:48 2015 -0800
44b253e,Rob Spieldenner,Rob Spieldenner,Build upgrades,Mon Jan 5 15:11:08 2015 -0800
61e6336,Rob Spieldenner,Rob Spieldenner,Upgrade gradle to 2.2.1,Mon Jan 5 13:54:38 2015 -0800
2c19962,Adrian Cole,Adrian Cole,8.0.0-SNAPSHOT,Thu Jan 1 08:19:47 2015 -0800
b5ab323,Adrian Cole,Adrian Cole,update README,Thu Jan 1 08:18:28 2015 -0800
2c9b150,Adrian Cole,Adrian Cole,Merge pull request #126 from VanRoy/master,Wed Dec 24 09:48:53 2014 -0800
43af8fe,Adrian Cole,Adrian Cole,Merge pull request #124 from qualidafial/master,Thu Dec 18 18:47:41 2014 -0800
902bca3,Adrian Cole,Adrian Cole,Merge pull request #127 from ralscha/patch-1,Mon Dec 15 09:04:57 2014 -0800
c9e6f50,Ralph Schaer,Ralph Schaer,Link to the retrofit sample is wrong,Sun Dec 14 10:58:01 2014 +0100
fd5e4d6,Julien Roy,Julien Roy,Make RibbonClient configurable with FeignBuilder,Mon Dec 1 12:28:57 2014 +0100
0f765ad,Matthew Hall,Matthew Hall,Add warning to CHANGES.md regarding Dagger 1.2.0 upgrade.,Tue Nov 4 16:39:55 2014 -0700
35c3e4e,Matthew Hall,Matthew Hall,Upgrade Dagger dependency from 1.1.0 to 1.2.2.,Tue Nov 4 16:11:20 2014 -0700
98d0423,Adrian Cole,Adrian Cole,Merge pull request #116 from gregwhitaker/jaxb-support,Tue Oct 21 22:04:00 2014 -0700
87af8ee,Adrian Cole,Adrian Cole,Merge pull request #121 from ahus1/master,Tue Oct 21 20:47:17 2014 -0700
2edd8be,Alexander Schwartz,Alexander Schwartz,fixing language hint json->java,Sat Oct 18 19:52:28 2014 +0200
1e00669,Allen Wang,Allen Wang,Merge pull request #118 from allenxwang/master,Mon Aug 18 14:06:35 2014 -0700
fc43eed,Allen Wang,Allen Wang,Remove unnecessary code,Mon Aug 18 10:11:36 2014 -0700
24d70fa,Allen Wang,Allen Wang,Refine the retry handler logic for LBClient.,Mon Aug 18 10:04:48 2014 -0700
7528220,amit-git,amit-git,Merge pull request #117 from amit-git/master,Fri Aug 15 11:36:34 2014 -0700
0023ae6,Amit Joshi,Amit Joshi,Integrate with latest ribbon release (ribbon-loadbalancer),Thu Aug 14 16:09:59 2014 -0700
3ced4a5,Whitaker, Greg,Whitaker, Greg,Added support for JAXB,Mon Jul 21 16:23:30 2014 -0700
710191f,Adrian Cole,Adrian Cole,Merge pull request #112 from seanch87/master,Wed Jun 4 16:18:16 2014 -0700
ee54f39,sheller,sheller,Handle JAXRS Path annotation processes without slashes,Wed Jun 4 14:23:40 2014 -0400
2c0c109,Adrian Cole,Adrian Cole,Merge pull request #110 from allenxwang/master,Thu May 29 17:42:40 2014 -0700
8756f99,Allen Wang,Allen Wang,Change minor versions of dependencies to help snapshot build.,Thu May 29 16:07:29 2014 -0700
9874399,Adrian Cole,Adrian Cole,Merge pull request #109 from Netflix/adrian.expose-InvocationHandlerFactory,Tue May 27 11:57:51 2014 -0700
95a0f6b,Adrian Cole,Adrian Cole,Fix #105: expose hook for reflective dispatch.,Sun May 25 11:57:58 2014 -0700
9efe940,Adrian Cole,Adrian Cole,Merge pull request #108 from Netflix/adrian.java8,Sun May 25 11:23:17 2014 -0700
ac7f0ec,Adrian Cole,Adrian Cole,Make build work with java 8.,Sun May 25 09:03:26 2014 -0700
716a617,allenxwang,allenxwang,Merge pull request #100 from JulianDuniec/master,Mon Mar 24 09:24:14 2014 -0700
9773c61,Adrian Cole,Adrian Cole,Merge pull request #92 from wnagele/master,Tue Feb 11 10:50:47 2014 -0500
00db9c4,Wolfgang Nagele,Wolfgang Nagele,Fix for bug #85,Tue Feb 11 22:08:07 2014 +1100
9a7e84e,julian.duniec,julian.duniec,Fix for bug in Ribbon-Module, where query strings are not properly encoded,Thu Jan 30 14:38:24 2014 +0100
93447c6,Adrian Cole,Adrian Cole,Merge pull request #96 from davidmc24/feature/slf4j,Sat Dec 28 21:23:07 2013 -0800
2c5d359,David M. Carr,David M. Carr,slf4j: add slf4j integration module (#94),Sat Dec 28 16:36:14 2013 -0500
8f894e0,Adrian Cole,Adrian Cole,Merge pull request #97 from davidmc24/feature/fix-changelog,Fri Dec 27 11:01:51 2013 -0800
addc583,David M. Carr,David M. Carr,fix changelog for 6.0.1 (#95),Fri Dec 27 11:04:43 2013 -0500
dcc4c95,Adrian Cole,Adrian Cole,Merge pull request #93 from rodrigosaito/authorization_too_long,Mon Dec 2 18:04:02 2013 -0800
aca25eb,Rodrigo Saito,Rodrigo Saito,When User and/or Password are too long, then the Authorization Header is broken because of sun Base64Encoder impl.,Mon Dec 2 23:42:05 2013 -0200
bc5011b,Adrian Cole,Adrian Cole,CHANGES update for last commit,Thu Nov 14 12:11:01 2013 -0800
710d477,Adrian Cole,Adrian Cole,7.0.0-SNAPSHOT,Wed Nov 6 13:37:42 2013 +0100
1907903,Adrian Cole,Adrian Cole,Merge pull request #83 from davidmc24/feature/binary-bodies,Mon Oct 21 21:13:22 2013 -0700
91e4d82,David M. Carr,David M. Carr,Support binary request/response bodies (#57),Wed Oct 16 12:25:54 2013 -0400
c92025c,adrian,Matt Hurne,Squashed commit of the following:,Tue Oct 15 13:57:17 2013 -0700
a08b17a,Adrian Cole,Adrian Cole,Merge pull request #81 from davidmc24/basic-auth,Wed Sep 25 10:48:53 2013 -0700
28fabc8,David M. Carr,David M. Carr,add support for HTTP basic authentication (#79),Tue Sep 24 20:38:49 2013 -0400
2783497,Adrian Cole,Adrian Cole,Merge pull request #80 from Netflix/ribbon-0.2.3,Mon Sep 23 17:02:11 2013 -0700
5452ccd,adriancole,adriancole,ribbon 0.2.3,Mon Sep 23 16:54:33 2013 -0700
fe5e8d1,adriancole,David M. Carr,Simplify usage of Gson from Feign.Builder,Mon Sep 23 16:53:07 2013 -0700
2615cf2,Adrian Cole,Adrian Cole,Merge pull request #77 from davidmc24/tweak-default-decoder,Sun Sep 22 16:49:09 2013 -0700
a458372,David M. Carr,David M. Carr,Simplify Decoder.Default by extending StringDecoder,Sun Sep 22 19:02:26 2013 -0400
9b31a80,Adrian Cole,Adrian Cole,Merge pull request #76 from Netflix/gson-no-dagger,Sun Sep 22 15:43:18 2013 -0700
7fb2017,adriancole,adriancole,support usage of gson without using dagger,Sun Sep 22 15:25:39 2013 -0700
eb03e20,adriancole,adriancole,updated docs on decoder,Sat Sep 21 11:24:38 2013 -0700
1d30392,Adrian Cole,Adrian Cole,Merge pull request #75 from Netflix/ribbon-ioe,Sat Sep 21 09:43:44 2013 -0700
e865f94,adriancole,adriancole,Correctly handle IOExceptions wrapped by Ribbon.,Sat Sep 21 09:20:36 2013 -0700
ef2a6b9,adriancole,adriancole,fixed CHANGES version,Sat Sep 21 09:15:33 2013 -0700
6fc7bd6,Adrian Cole,Adrian Cole,Merge pull request #74 from Netflix/findbugs,Sat Sep 21 09:12:12 2013 -0700
d6e574d,adriancole,adriancole,address findbugs,Sat Sep 21 08:56:37 2013 -0700
de9bb49,Adrian Cole,Adrian Cole,Merge pull request #72 from Netflix/decoders-only-decode,Tue Sep 17 17:02:19 2013 -0700
a73d69c,adriancole,adriancole,removed dead constants,Tue Sep 17 16:23:00 2013 -0700
73aaf88,adriancole,adriancole,Decoder.decode() is no longer called for Response or void types.,Tue Sep 17 16:22:55 2013 -0700
ea0e4e1,Adrian Cole,Adrian Cole,Merge pull request #71 from Netflix/examples-5.x,Tue Sep 17 14:52:04 2013 -0700
d4be915,adriancole,adriancole,update examples to feign 5.x,Tue Sep 17 14:27:18 2013 -0700
ec2f1ec,adriancole,adriancole,6.0.0-SNAPSHOT,Tue Sep 17 13:50:04 2013 -0700
f81aed2,adriancole,adriancole,removed experimental disclaimer,Tue Sep 17 13:49:37 2013 -0700
e5705f7,Adrian Cole,Adrian Cole,Merge pull request #70 from Netflix/simplify-sax,Tue Sep 17 11:57:09 2013 -0700
b389ef0,adriancole,adriancole,support Feign.builder() w/ SAX decoder,Tue Sep 17 11:31:59 2013 -0700
76b3d53,Adrian Cole,Adrian Cole,Merge pull request #69 from Netflix/feign-sax,Mon Sep 16 20:14:36 2013 -0700
50e3cf5,adriancole,adriancole,ensure gson does not attempt to decode void,Mon Sep 16 20:13:57 2013 -0700
2597d3b,adriancole,adriancole,Moved SaxDecoder into feign-sax dependency.,Mon Sep 16 20:13:52 2013 -0700
7487f80,Adrian Cole,Adrian Cole,Merge pull request #68 from Netflix/clean-dagger,Sun Sep 15 23:15:14 2013 -0700
92c0c36,adriancole,adriancole,provide encoder/decoder in a module that addsTo = Feign.Defaults.class,Mon Sep 16 08:13:00 2013 +0200
0d947b8,Adrian Cole,Adrian Cole,Merge pull request #67 from Netflix/defaults-withoutcodec,Sun Sep 15 02:58:39 2013 -0700
2fc54d5,adriancole,adriancole,New Defaults.WithoutCodec to avoid binding collisions.,Sun Sep 15 11:48:34 2013 +0200
8262ae1,Adrian Cole,Adrian Cole,Merge pull request #66 from Netflix/gson-typeadapter,Sun Sep 15 02:47:25 2013 -0700
58aa3bc,adriancole,adriancole,Gson type adapters can be registered as Dagger set bindings.,Sun Sep 15 10:53:26 2013 +0200
b607fe3,Adrian Cole,Adrian Cole,Merge pull request #65 from davidmc24/builder,Sat Sep 14 23:48:27 2013 -0700
c2749f1,David M. Carr,David M. Carr,Add Feign.Builder (#34),Sat Sep 14 06:45:17 2013 -0400
9067537,Adrian Cole,Adrian Cole,Merge pull request #64 from davidmc24/fix-default-decoder,Fri Sep 13 13:24:15 2013 -0700
99760f7,David M. Carr,David M. Carr,Fix default decoder's support for Response decoding, clean up usage of StringDecoder,Fri Sep 13 16:08:46 2013 -0400
df405a6,Adrian Cole,Adrian Cole,Merge pull request #59 from davidmc24/simplify,Fri Sep 13 08:32:56 2013 -0700
cd5405e,David M. Carr,David M. Carr,Simplify Encoder/Decoder interfaces (#53),Fri Sep 13 09:44:17 2013 -0400
ed68302,Adrian Cole,Adrian Cole,Merge pull request #63 from Netflix/global-saxdecoder,Wed Sep 11 13:35:46 2013 -0700
4b4325c,adriancole,adriancole,Remove pattern decoders in favor of SaxDecoder.,Wed Sep 11 22:23:14 2013 +0200
0ac4f9a,adriancole,adriancole,SaxDecoder now decodes multiple types.,Wed Sep 11 22:03:46 2013 +0200
f2d7c02,Adrian Cole,Adrian Cole,Merge pull request #62 from Netflix/no-observable,Wed Sep 11 12:10:38 2013 -0700
449aea5,adriancole,adriancole,Remove support for Observable methods.,Wed Sep 11 19:38:50 2013 +0200
1af6fb3,Adrian Cole,Adrian Cole,issue #53: update readme with a warning,Wed Sep 11 17:48:04 2013 +0200
8f64bf1,Adrian Cole,Adrian Cole,Merge pull request #61 from davidmc24/fix-equals-hashcode,Mon Sep 9 11:36:51 2013 -0700
a712826,David M. Carr,David M. Carr,Fix NullPointerException when equals or hashCode are called on proxy instance,Fri Aug 30 16:56:45 2013 -0400
6b5c77a,Adrian Cole,Adrian Cole,Merge pull request #60 from Netflix/url-query,Fri Aug 30 12:27:40 2013 -0700
0fbeb12,adriancole,adriancole,Support urls which have query parameters,Fri Aug 30 12:10:04 2013 -0700
9fe48d7,Adrian Cole,Adrian Cole,Merge pull request #58 from Netflix/iterable-query,Fri Aug 30 11:50:07 2013 -0700
fa3aee6,adriancole,adriancole,issue #55: support iterable query params,Fri Aug 30 11:07:40 2013 -0700
328fdb5,Adrian Cole,Adrian Cole,Merge pull request #56 from davidmc24/gzip-encoding,Thu Aug 29 14:54:48 2013 -0700
94a087a,David M. Carr,David M. Carr,default client: add support for gzip-encoded request bodies (#52),Wed Aug 28 19:39:51 2013 -0400
b5b4593,Adrian Cole,Adrian Cole,Merge pull request #54 from davidmc24/custom-hostnameverifier,Wed Aug 28 15:42:27 2013 -0700
a91d4b9,David M. Carr,David M. Carr,default client: use custom HostnameVerifier if overridden,Wed Aug 28 17:21:38 2013 -0400
2553699,Adrian Cole,Adrian Cole,Merge pull request #51 from Netflix/examples-4.3,Sun Aug 18 12:20:08 2013 -0700
f86da0c,adriancole,adriancole,updated examples to 4.3 syntax,Sun Aug 18 11:55:20 2013 -0700
41007cf,Adrian Cole,Adrian Cole,Merge pull request #50 from Netflix/no-override-codec,Sun Aug 18 11:13:36 2013 -0700
fbbd75e,adriancole,adriancole,Remove overrides = true on codec modules,Sun Aug 18 10:56:43 2013 -0700
d6fa731,Adrian Cole,Adrian Cole,Merge pull request #49 from Netflix/request-interceptor,Sun Aug 18 10:49:08 2013 -0700
8c06dd0,adriancole,adriancole,closes #35 add RequestInterceptor,Sun Aug 18 10:29:00 2013 -0700
e99a62b,Adrian Cole,Adrian Cole,Merge pull request #48 from Netflix/dagger-ide,Sun Aug 18 08:37:55 2013 -0700
29839c9,adriancole,adriancole,added dagger IDE setup for annotation parsing via gradle idea and eclipse plugins,Sat Aug 17 15:37:38 2013 -0700
05dcebb,adriancole,adriancole,flattened project structure so that eclipse gradle plugin will work,Sat Aug 17 15:37:34 2013 -0700
ec9e169,Adrian Cole,Adrian Cole,Merge pull request #47 from Netflix/skip-query,Wed Aug 14 12:48:31 2013 -0700
25d4744,adriancole,adriancole,Skip query template parameters when corresponding java arg is null,Wed Aug 14 12:25:41 2013 -0700
7dcab43,Adrian Cole,Adrian Cole,Merge pull request #46 from Netflix/enforce-jaxrs,Wed Aug 14 10:05:35 2013 -0700
8a4d5da,adriancole,adriancole,issue #44: ensure jax-rs annotations are processes from POV of server interfaces,Wed Aug 14 09:48:56 2013 -0700
c323209,Adrian Cole,Adrian Cole,Merge pull request #43 from Netflix/examples-4.1,Tue Aug 6 18:45:16 2013 -0700
353ead1,adriancole,adriancole,updated examples to 4.1,Tue Aug 6 17:05:59 2013 -0400
6195a81,adriancole,adriancole,4.1,Tue Aug 6 14:33:57 2013 -0400
0b29ed7,Adrian Cole,Adrian Cole,Merge pull request #42 from Netflix/dagger-1.1,Tue Aug 6 09:21:34 2013 -0700
f1af600,adriancole,adriancole,update to dagger 1.1, as bump test deps,Tue Aug 6 11:57:43 2013 -0400
a518cb4,Adrian Cole,Adrian Cole,Merge pull request #41 from Netflix/path-on-type,Sun Aug 4 13:32:39 2013 -0700
dc59e64,adriancole,adriancole,fix issue #31: support @Path on type,Sun Aug 4 13:14:43 2013 -0700
37991f4,Adrian Cole,Adrian Cole,Merge pull request #40 from Netflix/example-wikipedia,Sun Aug 4 13:05:57 2013 -0700
3e65dcf,adriancole,adriancole,close issue #37: add wikipedia example,Sun Aug 4 12:53:49 2013 -0700
653b16f,adriancole,adriancole,renamed github example,Sun Aug 4 12:48:30 2013 -0700
8793ae3,Adrian Cole,Adrian Cole,Merge pull request #38 from Netflix/example-observable,Sun Aug 4 08:41:41 2013 -0700
08fd888,adriancole,adriancole,update github example to use feign 4.0 observable,Sun Aug 4 08:29:29 2013 -0700
b3ba66b,adriancole,adriancole,bump to 5.0.0-SNAPSHOT,Sun Aug 4 08:13:33 2013 -0700
0598afe,Adrian Cole,Adrian Cole,Merge pull request #30 from Netflix/log-ioe,Fri Jul 19 12:43:22 2013 -0700
75b15a1,adriancole,adriancole,log ioexceptions and retries,Fri Jul 19 12:28:53 2013 -0700
1d0c86d,Adrian Cole,Adrian Cole,Merge pull request #29 from Netflix/rxjava-style-observer,Wed Jul 17 16:20:19 2013 -0700
369c022,adriancole,adriancole,Replaced IncrementalCallback with full RxJava-style Observer support,Wed Jul 17 09:31:53 2013 -0700
44ca0ea,Adrian Cole,Adrian Cole,Merge pull request #23 from Netflix/example-3.0,Mon Jul 15 22:03:55 2013 -0700
6731b53,adriancole,adriancole,ported example to use latest and greatest,Mon Jul 15 21:55:27 2013 -0700
a590c2d,adriancole,adriancole,bumped to 4.0.0-SNAPSHOT,Mon Jul 15 20:14:19 2013 -0700
13e23e5,Adrian Cole,Adrian Cole,Merge pull request #22 from Netflix/gson,Mon Jul 15 20:07:18 2013 -0700
9fb1c07,adriancole,adriancole,Added feign-gson codec, used via new GsonModule(),Mon Jul 15 19:04:10 2013 -0700
31c0b2c,Adrian Cole,Adrian Cole,Merge pull request #10 from Netflix/observer,Mon Jul 15 18:31:55 2013 -0700
0d7a69b,adriancole,adriancole,added IncrementalCallback example code and updated changelog,Mon Jul 15 17:39:30 2013 -0700
309d4b3,adriancole,adriancole,integrated IncrementalCallback into methodhandler and added IncrementalDecoder,Mon Jul 15 17:03:24 2013 -0700
e88f2e5,adriancole,adriancole,added IncrementalCallback type and updated Contract to process it,Mon Jul 15 16:46:58 2013 -0700
8780a0c,Adrian Cole,Adrian Cole,Merge pull request #20 from Netflix/websocket-decoder,Mon Jul 15 14:39:09 2013 -0700
9fd513d,adriancole,adriancole,remove timestamp from log appender helper,Mon Jul 15 14:27:56 2013 -0700
20bff15,adriancole,adriancole,Normalized to Decoder.TextStream and Encoder.Text; replaced Map bindings with Set,Mon Jul 15 12:31:49 2013 -0700
930edd0,Adrian Cole,Adrian Cole,Merge pull request #21 from Netflix/retrofit-logging,Mon Jul 15 11:57:09 2013 -0700
2438a85,adriancole,adriancole,fix issue #16: Wire is now Logger, with configurable Logger.Level,Mon Jul 15 11:13:19 2013 -0700
5bf4569,Adrian Cole,Adrian Cole,Merge pull request #19 from Netflix/duplicate-binding,Sun Jul 14 16:06:24 2013 -0700
3aa54db,adriancole,adriancole,fix duplicate binding error using jaxrs,Sun Jul 14 15:43:20 2013 -0700
3338ecc,Adrian Cole,Adrian Cole,Merge pull request #18 from Netflix/no-methodkey-decoder,Fri Jul 12 10:08:41 2013 -0700
b79e9de,adriancole,adriancole,Decoders no longer read methodKey,Fri Jul 12 09:23:51 2013 -0700
37462aa,Adrian Cole,Adrian Cole,Merge pull request #17 from Netflix/decoder-exception,Fri Jul 12 09:04:26 2013 -0700
6523d56,adriancole,adriancole,Decoders can throw checked exceptions, but needn't declare Throwable,Fri Jul 12 08:52:55 2013 -0700
80ca28f,Adrian Cole,Adrian Cole,Merge pull request #14 from Netflix/extend-methodhandler,Mon Jul 8 12:39:34 2013 -0700
02dd27e,adriancole,adriancole,refactor MethodHandler to be extensible,Mon Jul 8 12:19:12 2013 -0700
b832ea1,Adrian Cole,Adrian Cole,Merge pull request #13 from Netflix/ensure-closed,Mon Jul 8 08:23:53 2013 -0700
4b8d6c3,adriancole,adriancole,centralize logic that ensures response body is closed,Mon Jul 8 08:07:07 2013 -0700
7071374,Adrian Cole,Adrian Cole,Merge pull request #12 from Netflix/no-fallback,Sun Jul 7 09:39:29 2013 -0700
46be6bd,adriancole,adriancole,issue #9: fallback handling is differs between sync and observer responses; decouple from error handling,Sun Jul 7 08:19:44 2013 -0700
232c974,Adrian Cole,Adrian Cole,Merge pull request #11 from Netflix/cleanup,Sun Jul 7 07:51:09 2013 -0700
52b74c9,adriancole,adriancole,cleaned up usage of util and removed unused URI parser,Sat Jul 6 17:11:54 2013 -0700
83a4df9,Adrian Cole,Adrian Cole,Merge pull request #8 from Netflix/example-2.0.0,Mon Jul 1 10:40:27 2013 -0700
220ab36,adriancole,adriancole,update example to use feign 2.0.0 syntax,Mon Jul 1 10:28:59 2013 -0700
5432544,adriancole,adriancole,bump master to 3.0.0-SNAPSHOT,Mon Jul 1 09:50:07 2013 -0700
28ad52a,Adrian Cole,Adrian Cole,Merge pull request #7 from Netflix/javadoc,Mon Jul 1 09:40:58 2013 -0700
6641231,adriancole,adriancole,comply with jdk 8 javadoc strictness,Mon Jul 1 09:30:23 2013 -0700
ab20ed0,Adrian Cole,Adrian Cole,Merge pull request #4 from Netflix/no-guava,Mon Jul 1 09:15:05 2013 -0700
3726f08,adriancole,adriancole,added new @RequestLine and @Headers annotations to make JAX-RS optional,Mon Jul 1 09:04:51 2013 -0700
7e3def0,adriancole,adriancole,to facilitate higher reuse, remove guava dep,Mon Jul 1 08:32:03 2013 -0700
316f4b9,adriancole,adriancole,bumped example to 1.1.1,Mon Jul 1 08:29:49 2013 -0700
4315ff7,Adrian Cole,Adrian Cole,Merge pull request #6 from Netflix/cli-example,Mon Jul 1 07:33:02 2013 -0700
f82aa78,adriancole,adriancole,added cli example,Sun Jun 30 13:41:11 2013 -0700
7acb9a6,Adrian Cole,Adrian Cole,Merge pull request #5 from Netflix/customize-retryer,Sun Jun 30 12:56:27 2013 -0700
cc555a0,adriancole,adriancole,bumped exponential backoff in Retryer.Default and made it possible to adjust.,Sun Jun 30 12:48:26 2013 -0700
ef9700b,adriancole,adriancole,workaround test failures due to invalid hostnames on jenkins slaves,Fri Jun 28 15:13:04 2013 -0700
4f8890a,Adrian Cole,Adrian Cole,Merge pull request #2 from Netflix/ribbon-target,Fri Jun 28 15:02:10 2013 -0700
f5fe710,adriancole,adriancole,Added Ribbon integration,Fri Jun 28 15:02:10 2013 -0700
3440c63,adriancole,adriancole,pmd and findbugs sweep + license headers,Fri Jun 28 08:26:22 2013 -0700
aead1b7,adriancole,adriancole,fixed excessively long lines and testng setup,Thu Jun 27 11:35:15 2013 -0700
53402b1,adriancole,adriancole,bump,Wed Jun 26 18:28:48 2013 -0700
7dd93fc,Adrian Cole,Adrian Cole,Merge pull request #1 from Netflix/initial,Wed Jun 26 18:16:43 2013 -0700
222fc12,adriancole,adriancole,initial import,Wed Jun 26 18:17:17 2013 -0700
54f3dd4,adriancole,adriancole,Merge remote-tracking branch 'build/multi-project',Wed Jun 26 16:40:13 2013 -0700
d991fec,Sudhir Tonse,Sudhir Tonse,Initial commit,Wed Jun 26 16:28:17 2013 -0700
6df65bf,Justin Ryan,Justin Ryan,Fixing aggregateJavadoc,Thu Jun 20 13:20:15 2013 -0700
b0585da,Justin Ryan,Justin Ryan,Passing status to Artifactory builds,Fri Apr 12 13:29:00 2013 -0700
28c6989,Justin Ryan,Justin Ryan,Verify before we can't take it back, use preferredVersion variable,Fri Apr 12 12:34:14 2013 -0700
d0e42e3,Justin Ryan,Justin Ryan,Handle unavailable sonatype properties,Mon Apr 8 10:05:11 2013 -0700
9de5614,Justin Ryan,Justin Ryan,Make uploadMavenCentral task, that encompasses other tasks,Tue Apr 2 17:39:50 2013 -0700
832eb53,Justin Ryan,Justin Ryan,Automatically aggregate and publish docs (java,groovy,scala),Tue Apr 2 17:33:24 2013 -0700
498c25f,Justin Ryan,Justin Ryan,Matching wrapper to 1.5,Tue Apr 2 11:49:30 2013 -0700
8caf8ec,Justin Ryan,Justin Ryan,Upgrading release process,Tue Apr 2 11:35:38 2013 -0700
63e44e8,Justin Ryan,Justin Ryan,Using latest features of release plugin,Tue Mar 26 13:11:51 2013 -0700
883dd0d,Justin Ryan,Justin Ryan,Add sonatype snapshot repository,Tue Mar 26 12:21:08 2013 -0700
c347787,Justin Ryan,Justin Ryan,Use newer version of license-gradle-plugin that fixes skipExistingHeaders field,Fri Mar 22 17:13:33 2013 -0700
d87b66e,Justin Ryan,Justin Ryan,Move gradle-release dependency to bintray,Fri Mar 22 13:56:05 2013 -0700
84339e0,Justin Ryan,Justin Ryan,Switching to bintray for dependencies (same as Maven Central),Fri Mar 22 00:17:19 2013 -0700
6f9e3a0,Justin Ryan,Justin Ryan,Upgrading to Gradle 1.4,Fri Mar 22 00:17:06 2013 -0700
f5a10c6,Justin Ryan,Greg Orzell,Update codequality/checkstyle.xml,Fri Mar 22 00:16:54 2013 -0700
b7847eb,Justin Ryan,Justin Ryan,Fixing transitive-ness of provided,Tue Jan 1 21:16:46 2013 -0800
36e5b8f,Justin Ryan,Justin Ryan,Adding provided scope,Fri Dec 14 11:12:33 2012 -0800
66ff83f,Justin Ryan,Justin Ryan,Using a better github location,Fri Nov 16 14:47:24 2012 -0800
1cbb4d6,Justin Ryan,Justin Ryan,Fixing issue when publishing source/javadoc to maven central,Tue Oct 23 16:06:01 2012 -0700
05c4d06,Justin Ryan,Justin Ryan,Putting javadoc and sources into proper confs and setting types,Mon Oct 22 20:54:06 2012 -0700
61bd2b0,Justin Ryan,Justin Ryan,Add local publishing,Wed Oct 10 20:35:18 2012 -0700
6d4a854,Justin Ryan,Justin Ryan,Filling in more pom fields for Sonatype,Thu Oct 4 17:48:26 2012 -0700
a8674db,Justin Ryan,Justin Ryan,Stop relying on maven convention on project,Mon Sep 24 14:53:29 2012 -0700
2b31d36,Justin Ryan,Justin Ryan,Changes needed for release plugin,Thu Sep 6 15:27:23 2012 -0700
1954d73,Justin Ryan,Justin Ryan,Setting default name for multi-project,Wed Sep 5 16:34:59 2012 -0700
f170238,Justin Ryan,Justin Ryan,Using custom build of release plugin, to support building from a branch,Tue Sep 4 11:47:17 2012 -0700
ddedbd7,Justin Ryan,Justin Ryan,Pointing to a repo in our control,Fri Aug 31 15:36:55 2012 -0700
8f289b7,Justin Ryan,Justin Ryan,Release plugin,Wed Aug 22 00:04:09 2012 -0700
a85e196,Justin Ryan,Justin Ryan,Adding cobertura,Mon Aug 20 14:27:40 2012 -0700
c2af08e,Justin Ryan,Justin Ryan,Upgrade to Gradle 1.1.,Fri Aug 17 16:12:18 2012 -0700
0f0c611,Justin Ryan,Justin Ryan,Enable license header plugin,Fri Aug 17 16:12:06 2012 -0700
cc1b04c,Justin Ryan,Justin Ryan,Merge pull request #3 from Randgalt/multi-project,Fri Aug 3 12:18:09 2012 -0700
eaa8fc9,Jordan Zimmerman,Jordan Zimmerman,Sonatype URL was wrong,Fri Aug 3 11:59:35 2012 -0700
bf5b268,Justin Ryan,Justin Ryan,Make one less thing people have to change,Fri Apr 13 15:40:46 2012 -0700
e9cdf18,Justin Ryan,Justin Ryan,Merge commit 'bc662051d8c72ea7b20350b1746e1a8f527c9244' into multi-project,Mon Apr 9 19:15:31 2012 -0700
bc66205,Justin Ryan,Justin Ryan,Un-indenting HEADER,Mon Apr 9 19:14:47 2012 -0700
7c28a76,Justin Ryan,Justin Ryan,Create branch that contains only build related files,Mon Apr 9 19:10:02 2012 -0700
1df6e44,Justin Ryan,Justin Ryan,Use lifecycle to add signing task,Mon Apr 9 17:04:28 2012 -0700
66332d8,Justin Ryan,Justin Ryan,Fix quotes,Mon Apr 9 16:00:55 2012 -0700
61b1710,Justin Ryan,Justin Ryan,Multimodule builds need a dump signing task,Mon Apr 9 15:56:00 2012 -0700
3a10a07,Justin Ryan,Justin Ryan,Remove local testing file,Mon Apr 9 15:30:00 2012 -0700
9fa9ec0,Justin Ryan,Justin Ryan,Avoid signatures in archives unless doing mavenCentral build,Mon Apr 9 15:06:15 2012 -0700
b5b2f5e,Justin Ryan,Justin Ryan,Correct artifacts, moved pom to more visible area,Mon Apr 9 10:52:02 2012 -0700
52bd53f,Justin Ryan,Justin Ryan,Restructure into smaller files,Mon Apr 2 16:18:03 2012 -0700
697fd66,Justin Ryan,Justin Ryan,Initial commit, working with Maven Central,Sun Mar 18 01:07:52 2012 -0700