[
  {
    "name": "dev",
    "commit": {
      "sha": "fa0bd1bdbdb8af3e7a9219ae8c25ee3b3bc8c3f8",
      "url": "https://api.github.com/repos/zo0r/react-native-push-notification/commits/fa0bd1bdbdb8af3e7a9219ae8c25ee3b3bc8c3f8"
    },
    "protected": false
  },
  {
    "name": "example-app",
    "commit": {
      "sha": "d5afc87e4fdaa25147418e80077472ca12dd8b59",
      "url": "https://api.github.com/repos/zo0r/react-native-push-notification/commits/d5afc87e4fdaa25147418e80077472ca12dd8b59"
    },
    "protected": false
  },
  {
    "name": "fixGcm",
    "commit": {
      "sha": "fe4ba12d1f0cb3e5a2208c57267e8af70495228c",
      "url": "https://api.github.com/repos/zo0r/react-native-push-notification/commits/fe4ba12d1f0cb3e5a2208c57267e8af70495228c"
    },
    "protected": false
  },
  {
    "name": "master",
    "commit": {
      "sha": "14022652ee267e05864b04426b8f23ddd3dcc530",
      "url": "https://api.github.com/repos/zo0r/react-native-push-notification/commits/14022652ee267e05864b04426b8f23ddd3dcc530"
    },
    "protected": false
  },
  {
    "name": "revert-1119-grouping-push",
    "commit": {
      "sha": "cb24799b02cbc83b1c6daf5cbae519d6cadbe9f8",
      "url": "https://api.github.com/repos/zo0r/react-native-push-notification/commits/cb24799b02cbc83b1c6daf5cbae519d6cadbe9f8"
    },
    "protected": false
  },
  {
    "name": "sdk26",
    "commit": {
      "sha": "dc03edceb0c94b0f4a689db191b6eb273654a79d",
      "url": "https://api.github.com/repos/zo0r/react-native-push-notification/commits/dc03edceb0c94b0f4a689db191b6eb273654a79d"
    },
    "protected": false
  }
]
