[
  {
    "name": "4.5.5",
    "commit": {
      "sha": "eccfe672f5e585c39cc6a0b79122ad516fd61f3e",
      "url": "https://api.github.com/repos/SonarSource/sonarqube/commits/eccfe672f5e585c39cc6a0b79122ad516fd61f3e"
    },
    "protected": false
  },
  {
    "name": "6.7",
    "commit": {
      "sha": "2852966a623f08670cf5c44a8927e8930f1ffb1d",
      "url": "https://api.github.com/repos/SonarSource/sonarqube/commits/2852966a623f08670cf5c44a8927e8930f1ffb1d"
    },
    "protected": false
  },
  {
    "name": "branch-5.6",
    "commit": {
      "sha": "15a5219cf8d4ef07b0fac1232fe40c74dbd73459",
      "url": "https://api.github.com/repos/SonarSource/sonarqube/commits/15a5219cf8d4ef07b0fac1232fe40c74dbd73459"
    },
    "protected": true
  },
  {
    "name": "branch-6.0",
    "commit": {
      "sha": "18cc0ba2370549829b504ebe5bf292aba37e4110",
      "url": "https://api.github.com/repos/SonarSource/sonarqube/commits/18cc0ba2370549829b504ebe5bf292aba37e4110"
    },
    "protected": true
  },
  {
    "name": "branch-6.1",
    "commit": {
      "sha": "8725b234b6e24b0da330890992de194a3c15c434",
      "url": "https://api.github.com/repos/SonarSource/sonarqube/commits/8725b234b6e24b0da330890992de194a3c15c434"
    },
    "protected": true
  },
  {
    "name": "branch-6.2",
    "commit": {
      "sha": "1d6cb1c67745b1fcbfe1b66871da56b1a8f79c9d",
      "url": "https://api.github.com/repos/SonarSource/sonarqube/commits/1d6cb1c67745b1fcbfe1b66871da56b1a8f79c9d"
    },
    "protected": true
  },
  {
    "name": "branch-6.3",
    "commit": {
      "sha": "4e532bda167971bb244f803a950d1da03dc4f557",
      "url": "https://api.github.com/repos/SonarSource/sonarqube/commits/4e532bda167971bb244f803a950d1da03dc4f557"
    },
    "protected": true
  },
  {
    "name": "branch-6.4",
    "commit": {
      "sha": "118cc160c75dce811d74ac037b7cb6a5c059d666",
      "url": "https://api.github.com/repos/SonarSource/sonarqube/commits/118cc160c75dce811d74ac037b7cb6a5c059d666"
    },
    "protected": true
  },
  {
    "name": "branch-6.5-M1",
    "commit": {
      "sha": "ac92899f25bedd21f9287474547590ad5f8069dc",
      "url": "https://api.github.com/repos/SonarSource/sonarqube/commits/ac92899f25bedd21f9287474547590ad5f8069dc"
    },
    "protected": false
  },
  {
    "name": "branch-6.5",
    "commit": {
      "sha": "ceb51f1d06b8a2e357ef42df10433d350f27175a",
      "url": "https://api.github.com/repos/SonarSource/sonarqube/commits/ceb51f1d06b8a2e357ef42df10433d350f27175a"
    },
    "protected": true
  },
  {
    "name": "branch-6.6-M1",
    "commit": {
      "sha": "3ee725bc21421d9a96028f64f237d394e5711b87",
      "url": "https://api.github.com/repos/SonarSource/sonarqube/commits/3ee725bc21421d9a96028f64f237d394e5711b87"
    },
    "protected": false
  },
  {
    "name": "branch-6.6",
    "commit": {
      "sha": "544af4f366a74262a7e0a63729ab3f805aec45c2",
      "url": "https://api.github.com/repos/SonarSource/sonarqube/commits/544af4f366a74262a7e0a63729ab3f805aec45c2"
    },
    "protected": true
  },
  {
    "name": "branch-6.7",
    "commit": {
      "sha": "5376e26f61ec45ffa169fb228215d7d4670f0b01",
      "url": "https://api.github.com/repos/SonarSource/sonarqube/commits/5376e26f61ec45ffa169fb228215d7d4670f0b01"
    },
    "protected": true
  },
  {
    "name": "branch-7.0",
    "commit": {
      "sha": "824c80f0ab2fd9e8e9359e0816575fb80416ec92",
      "url": "https://api.github.com/repos/SonarSource/sonarqube/commits/824c80f0ab2fd9e8e9359e0816575fb80416ec92"
    },
    "protected": true
  },
  {
    "name": "branch-7.9",
    "commit": {
      "sha": "3424be263567f8bc9048c79e3c8a1b6032dee937",
      "url": "https://api.github.com/repos/SonarSource/sonarqube/commits/3424be263567f8bc9048c79e3c8a1b6032dee937"
    },
    "protected": false
  },
  {
    "name": "branch-8.1",
    "commit": {
      "sha": "65a7a7c34de5bff9aed7c3e58eb6dcc87ae34b57",
      "url": "https://api.github.com/repos/SonarSource/sonarqube/commits/65a7a7c34de5bff9aed7c3e58eb6dcc87ae34b57"
    },
    "protected": false
  },
  {
    "name": "branch-8.3",
    "commit": {
      "sha": "b77ce511a2039330aea8832ad12e86a8cfa9ff7d",
      "url": "https://api.github.com/repos/SonarSource/sonarqube/commits/b77ce511a2039330aea8832ad12e86a8cfa9ff7d"
    },
    "protected": false
  },
  {
    "name": "branch-8.4",
    "commit": {
      "sha": "2de1f343e3dbd9e88007b42e475512677c04eb8a",
      "url": "https://api.github.com/repos/SonarSource/sonarqube/commits/2de1f343e3dbd9e88007b42e475512677c04eb8a"
    },
    "protected": false
  },
  {
    "name": "branch-8.5",
    "commit": {
      "sha": "0007fd406caa7802ef2a55715ff891cf3732042b",
      "url": "https://api.github.com/repos/SonarSource/sonarqube/commits/0007fd406caa7802ef2a55715ff891cf3732042b"
    },
    "protected": false
  },
  {
    "name": "eric-legoff-sonarsource-patch-1",
    "commit": {
      "sha": "2a37665202c4c48dfb111dd72f941dde81754156",
      "url": "https://api.github.com/repos/SonarSource/sonarqube/commits/2a37665202c4c48dfb111dd72f941dde81754156"
    },
    "protected": false
  },
  {
    "name": "feature/jh/scanner_report_uploader",
    "commit": {
      "sha": "f68c67b5101e269ddc7d3ea8f6da64db566149f4",
      "url": "https://api.github.com/repos/SonarSource/sonarqube/commits/f68c67b5101e269ddc7d3ea8f6da64db566149f4"
    },
    "protected": false
  },
  {
    "name": "feature/wad/do-not-merge-do-not-merge",
    "commit": {
      "sha": "348572e537d52313ea949fae228ca5cb6ddf8f9a",
      "url": "https://api.github.com/repos/SonarSource/sonarqube/commits/348572e537d52313ea949fae228ca5cb6ddf8f9a"
    },
    "protected": false
  },
  {
    "name": "feature/wad/refresh-cache",
    "commit": {
      "sha": "1a6668ce1c73c9e0c580f1355d21d89772bdca32",
      "url": "https://api.github.com/repos/SonarSource/sonarqube/commits/1a6668ce1c73c9e0c580f1355d21d89772bdca32"
    },
    "protected": false
  },
  {
    "name": "master",
    "commit": {
      "sha": "112871533342442cbdd5bf18028ef924dfc52c6f",
      "url": "https://api.github.com/repos/SonarSource/sonarqube/commits/112871533342442cbdd5bf18028ef924dfc52c6f"
    },
    "protected": true
  },
  {
    "name": "poc/kirill+dam/open-issue-in-ide",
    "commit": {
      "sha": "0e14398a07c16b3b3172040db22f6bfd2890b739",
      "url": "https://api.github.com/repos/SonarSource/sonarqube/commits/0e14398a07c16b3b3172040db22f6bfd2890b739"
    },
    "protected": false
  },
  {
    "name": "poc/me/travis-public-repo",
    "commit": {
      "sha": "142bcb3e6025926496b4705ea73a2b7e39cf509f",
      "url": "https://api.github.com/repos/SonarSource/sonarqube/commits/142bcb3e6025926496b4705ea73a2b7e39cf509f"
    },
    "protected": false
  },
  {
    "name": "snyk-fix-2c946cb368462bfd2f2499918e8a2b63",
    "commit": {
      "sha": "e8bc80571651cb762ab2dbc8e95ebecdea9a769f",
      "url": "https://api.github.com/repos/SonarSource/sonarqube/commits/e8bc80571651cb762ab2dbc8e95ebecdea9a769f"
    },
    "protected": false
  },
  {
    "name": "snyk-fix-10e6349c8502c119173017757ce6c673",
    "commit": {
      "sha": "d205ba4f742a050aa8c54ff29b83cd0b932755c4",
      "url": "https://api.github.com/repos/SonarSource/sonarqube/commits/d205ba4f742a050aa8c54ff29b83cd0b932755c4"
    },
    "protected": false
  },
  {
    "name": "snyk-fix-154dcddee3138c9ff527142d50e0c6aa",
    "commit": {
      "sha": "245b94a3255447b88ec1ca665d375d54e1a36577",
      "url": "https://api.github.com/repos/SonarSource/sonarqube/commits/245b94a3255447b88ec1ca665d375d54e1a36577"
    },
    "protected": false
  },
  {
    "name": "snyk-fix-656b6d7073edad2763f202352fb21c56",
    "commit": {
      "sha": "97d3e9882a5180841181512a85db57cca76c87fa",
      "url": "https://api.github.com/repos/SonarSource/sonarqube/commits/97d3e9882a5180841181512a85db57cca76c87fa"
    },
    "protected": false
  }
]
