[
  {
    "name": "4.x-branch",
    "commit": {
      "sha": "4612ba128ccb2051448ce39800f86368297fdbf9",
      "url": "https://api.github.com/repos/facebook/facebook-android-sdk/commits/4612ba128ccb2051448ce39800f86368297fdbf9"
    },
    "protected": false
  },
  {
    "name": "5.x-branch",
    "commit": {
      "sha": "5d94b9eb91d0b3d0cb9b453e71921bea7e8a58a2",
      "url": "https://api.github.com/repos/facebook/facebook-android-sdk/commits/5d94b9eb91d0b3d0cb9b453e71921bea7e8a58a2"
    },
    "protected": false
  },
  {
    "name": "fb-config",
    "commit": {
      "sha": "66113f6a6db671c99eb695422d6cb0daf649c0ae",
      "url": "https://api.github.com/repos/facebook/facebook-android-sdk/commits/66113f6a6db671c99eb695422d6cb0daf649c0ae"
    },
    "protected": false
  },
  {
    "name": "joesus-patch-1",
    "commit": {
      "sha": "85df3e60f1ba3f78723d9f49539ef4626d57a076",
      "url": "https://api.github.com/repos/facebook/facebook-android-sdk/commits/85df3e60f1ba3f78723d9f49539ef4626d57a076"
    },
    "protected": false
  },
  {
    "name": "master",
    "commit": {
      "sha": "57dc70204eeb2dde6764db3bca44bb792f8fccec",
      "url": "https://api.github.com/repos/facebook/facebook-android-sdk/commits/57dc70204eeb2dde6764db3bca44bb792f8fccec"
    },
    "protected": true
  },
  {
    "name": "update-templates",
    "commit": {
      "sha": "e57241f72b21aef9fddf219a8c0f1c37b5c17903",
      "url": "https://api.github.com/repos/facebook/facebook-android-sdk/commits/e57241f72b21aef9fddf219a8c0f1c37b5c17903"
    },
    "protected": false
  }
]
