[
  {
    "name": "JFoenix-9.0.0",
    "commit": {
      "sha": "966f7698f89499c75d9d9d7872ba389759e61ef3",
      "url": "https://api.github.com/repos/jfoenixadmin/JFoenix/commits/966f7698f89499c75d9d9d7872ba389759e61ef3"
    },
    "protected": false
  },
  {
    "name": "animation-enhancement",
    "commit": {
      "sha": "6644303c33ce26688781dcdb770af9d4ccb0df3f",
      "url": "https://api.github.com/repos/jfoenixadmin/JFoenix/commits/6644303c33ce26688781dcdb770af9d4ccb0df3f"
    },
    "protected": false
  },
  {
    "name": "master",
    "commit": {
      "sha": "6707e8312cc58a1e5dbc6fb884c09e0e31d50fea",
      "url": "https://api.github.com/repos/jfoenixadmin/JFoenix/commits/6707e8312cc58a1e5dbc6fb884c09e0e31d50fea"
    },
    "protected": false
  }
]
