[
  {
    "name": "0.3.x",
    "commit": {
      "sha": "fca381cbef60312e8867c2753253397e67d54e5f",
      "url": "https://api.github.com/repos/lightbend/config/commits/fca381cbef60312e8867c2753253397e67d54e5f"
    },
    "protected": true
  },
  {
    "name": "1.0.x",
    "commit": {
      "sha": "5053f8685351452e20fe836039f050e1c5d3d46b",
      "url": "https://api.github.com/repos/lightbend/config/commits/5053f8685351452e20fe836039f050e1c5d3d46b"
    },
    "protected": true
  },
  {
    "name": "fix-stack-overflow-in-resolve-context",
    "commit": {
      "sha": "4739cba0bd44f16a63d77a234efb9a5c72ebf520",
      "url": "https://api.github.com/repos/lightbend/config/commits/4739cba0bd44f16a63d77a234efb9a5c72ebf520"
    },
    "protected": true
  },
  {
    "name": "gh-pages",
    "commit": {
      "sha": "f63539390816e65e8ebfda73bf1f0af2137576d2",
      "url": "https://api.github.com/repos/lightbend/config/commits/f63539390816e65e8ebfda73bf1f0af2137576d2"
    },
    "protected": true
  },
  {
    "name": "havocp-maintenance-typo",
    "commit": {
      "sha": "a4cd739bc1d8d132b72005fffe760c23917b2d85",
      "url": "https://api.github.com/repos/lightbend/config/commits/a4cd739bc1d8d132b72005fffe760c23917b2d85"
    },
    "protected": true
  },
  {
    "name": "issue-190",
    "commit": {
      "sha": "7fec8a1a2398c3074f6431aafb64dd2d8793e47c",
      "url": "https://api.github.com/repos/lightbend/config/commits/7fec8a1a2398c3074f6431aafb64dd2d8793e47c"
    },
    "protected": true
  },
  {
    "name": "list-of-beans",
    "commit": {
      "sha": "de5e01a7127dabf372d1f6e9b37e532d974f74e4",
      "url": "https://api.github.com/repos/lightbend/config/commits/de5e01a7127dabf372d1f6e9b37e532d974f74e4"
    },
    "protected": true
  },
  {
    "name": "master",
    "commit": {
      "sha": "ee92d7f4c244f88d64b493402af82b29d4875ed9",
      "url": "https://api.github.com/repos/lightbend/config/commits/ee92d7f4c244f88d64b493402af82b29d4875ed9"
    },
    "protected": true
  },
  {
    "name": "merge-objects-before-resolve-2",
    "commit": {
      "sha": "a5ab88d1c803bc07c71958c8058db8b1cbb94d97",
      "url": "https://api.github.com/repos/lightbend/config/commits/a5ab88d1c803bc07c71958c8058db8b1cbb94d97"
    },
    "protected": true
  },
  {
    "name": "merge-objects-before-resolve",
    "commit": {
      "sha": "a3eb6162be6ea4d5bd4e9741e795c758a184aecd",
      "url": "https://api.github.com/repos/lightbend/config/commits/a3eb6162be6ea4d5bd4e9741e795c758a184aecd"
    },
    "protected": true
  },
  {
    "name": "or-null-getters",
    "commit": {
      "sha": "aeebeaa414965069d4d8412cc21e81db9fd2cb5d",
      "url": "https://api.github.com/repos/lightbend/config/commits/aeebeaa414965069d4d8412cc21e81db9fd2cb5d"
    },
    "protected": true
  },
  {
    "name": "release-1.4.0",
    "commit": {
      "sha": "72c83afdbe8ae320d77cdd6190c9486c6423cbab",
      "url": "https://api.github.com/repos/lightbend/config/commits/72c83afdbe8ae320d77cdd6190c9486c6423cbab"
    },
    "protected": true
  },
  {
    "name": "release-1.4.1-re",
    "commit": {
      "sha": "00ba1da3fe5bba8d59e0c1193080272e74cda32c",
      "url": "https://api.github.com/repos/lightbend/config/commits/00ba1da3fe5bba8d59e0c1193080272e74cda32c"
    },
    "protected": true
  },
  {
    "name": "release-1.4.1",
    "commit": {
      "sha": "06fa0f072269b800064180a66949be773396c756",
      "url": "https://api.github.com/repos/lightbend/config/commits/06fa0f072269b800064180a66949be773396c756"
    },
    "protected": true
  },
  {
    "name": "release-docs-1.4.1",
    "commit": {
      "sha": "50560f58fbba85d7eb21e15d757089d7a084e3db",
      "url": "https://api.github.com/repos/lightbend/config/commits/50560f58fbba85d7eb21e15d757089d7a084e3db"
    },
    "protected": true
  },
  {
    "name": "wip-575",
    "commit": {
      "sha": "409c2ac933ba0b2ea9047d47b331defb035ef81d",
      "url": "https://api.github.com/repos/lightbend/config/commits/409c2ac933ba0b2ea9047d47b331defb035ef81d"
    },
    "protected": true
  },
  {
    "name": "wip-release-notes-1.3.4-2m",
    "commit": {
      "sha": "394ba5f485cecdaa9ed18ca98b382be08c09a002",
      "url": "https://api.github.com/repos/lightbend/config/commits/394ba5f485cecdaa9ed18ca98b382be08c09a002"
    },
    "protected": true
  },
  {
    "name": "wip/bad-map",
    "commit": {
      "sha": "34cee4c08ddce982c9e0e1d626ddbfac7e9077cf",
      "url": "https://api.github.com/repos/lightbend/config/commits/34cee4c08ddce982c9e0e1d626ddbfac7e9077cf"
    },
    "protected": false
  }
]
