[
  {
    "name": "lrb-add-java-connection-recovery",
    "commit": {
      "sha": "8399c1d513248d3a3a8af39018e68fc0cfeaffd8",
      "url": "https://api.github.com/repos/rabbitmq/rabbitmq-tutorials/commits/8399c1d513248d3a3a8af39018e68fc0cfeaffd8"
    },
    "protected": false
  },
  {
    "name": "master",
    "commit": {
      "sha": "e8ad99adc433b6ed3d3e334f070579367b4c7e8d",
      "url": "https://api.github.com/repos/rabbitmq/rabbitmq-tutorials/commits/e8ad99adc433b6ed3d3e334f070579367b4c7e8d"
    },
    "protected": true
  }
]
