[
  {
    "name": "CodeSandboxCI",
    "commit": {
      "sha": "f3a621a46b64852eb51c198eef66595d1ffe481d",
      "url": "https://api.github.com/repos/react-native-svg/react-native-svg/commits/f3a621a46b64852eb51c198eef66595d1ffe481d"
    },
    "protected": false
  },
  {
    "name": "EvanBacon-patch-1",
    "commit": {
      "sha": "bfdf2190d8f3190d6ae466075be0749ef6c4e3ae",
      "url": "https://api.github.com/repos/react-native-svg/react-native-svg/commits/bfdf2190d8f3190d6ae466075be0749ef6c4e3ae"
    },
    "protected": false
  },
  {
    "name": "android_mask_native_ancestors",
    "commit": {
      "sha": "518a3b18360a9d04939e244db7f6b6d95e628d2e",
      "url": "https://api.github.com/repos/react-native-svg/react-native-svg/commits/518a3b18360a9d04939e244db7f6b6d95e628d2e"
    },
    "protected": false
  },
  {
    "name": "bidi",
    "commit": {
      "sha": "0cc5330d60849ce5227a1c7d4e8cd1ca48cb6201",
      "url": "https://api.github.com/repos/react-native-svg/react-native-svg/commits/0cc5330d60849ce5227a1c7d4e8cd1ca48cb6201"
    },
    "protected": false
  },
  {
    "name": "css",
    "commit": {
      "sha": "6fb8dd53dba5af19ffc8f686a6310182fca87fd3",
      "url": "https://api.github.com/repos/react-native-svg/react-native-svg/commits/6fb8dd53dba5af19ffc8f686a6310182fca87fd3"
    },
    "protected": false
  },
  {
    "name": "dependabot/npm_and_yarn/npm-6.14.6",
    "commit": {
      "sha": "158c513c1722bdd163e1321199c22ed2e2f9da7a",
      "url": "https://api.github.com/repos/react-native-svg/react-native-svg/commits/158c513c1722bdd163e1321199c22ed2e2f9da7a"
    },
    "protected": false
  },
  {
    "name": "dependabot/npm_and_yarn/npm-registry-fetch-4.0.5",
    "commit": {
      "sha": "ee1308d71a0c1ae3e1cb172f3f67f0e9d90e0055",
      "url": "https://api.github.com/repos/react-native-svg/react-native-svg/commits/ee1308d71a0c1ae3e1cb172f3f67f0e9d90e0055"
    },
    "protected": false
  },
  {
    "name": "dependabot/npm_and_yarn/semantic-release-17.2.3",
    "commit": {
      "sha": "fa9d308f70de560eee3bdee266366c67b5fce77b",
      "url": "https://api.github.com/repos/react-native-svg/react-native-svg/commits/fa9d308f70de560eee3bdee266366c67b5fce77b"
    },
    "protected": false
  },
  {
    "name": "develop",
    "commit": {
      "sha": "b2e2c355204ff4b10973d3afce1495f7e4167ff7",
      "url": "https://api.github.com/repos/react-native-svg/react-native-svg/commits/b2e2c355204ff4b10973d3afce1495f7e4167ff7"
    },
    "protected": false
  },
  {
    "name": "dither",
    "commit": {
      "sha": "ee894b2cc02b4fbb3fea7a5bd2003bf24e807bf1",
      "url": "https://api.github.com/repos/react-native-svg/react-native-svg/commits/ee894b2cc02b4fbb3fea7a5bd2003bf24e807bf1"
    },
    "protected": false
  },
  {
    "name": "filters_rebase",
    "commit": {
      "sha": "257c7082c28ae5c8f7072f2be528ec7cb2ab8c01",
      "url": "https://api.github.com/repos/react-native-svg/react-native-svg/commits/257c7082c28ae5c8f7072f2be528ec7cb2ab8c01"
    },
    "protected": false
  },
  {
    "name": "filters",
    "commit": {
      "sha": "1995299c2e7e2ec500d0cfe9ec8e46e6a48e8da5",
      "url": "https://api.github.com/repos/react-native-svg/react-native-svg/commits/1995299c2e7e2ec500d0cfe9ec8e46e6a48e8da5"
    },
    "protected": false
  },
  {
    "name": "master",
    "commit": {
      "sha": "ffa2e69c17ce02b21f393a5b57cdbef1c039fe3d",
      "url": "https://api.github.com/repos/react-native-svg/react-native-svg/commits/ffa2e69c17ce02b21f393a5b57cdbef1c039fe3d"
    },
    "protected": false
  },
  {
    "name": "ts",
    "commit": {
      "sha": "1b0e4e4975b16a43eb33fc9e1b4c9ea2d655ed37",
      "url": "https://api.github.com/repos/react-native-svg/react-native-svg/commits/1b0e4e4975b16a43eb33fc9e1b4c9ea2d655ed37"
    },
    "protected": false
  },
  {
    "name": "v6",
    "commit": {
      "sha": "5d69469cae532e2b942ccf211ec90a18eca1bff1",
      "url": "https://api.github.com/repos/react-native-svg/react-native-svg/commits/5d69469cae532e2b942ccf211ec90a18eca1bff1"
    },
    "protected": false
  },
  {
    "name": "v7",
    "commit": {
      "sha": "5d54fde693800c1d21e262a539d329ffd2d4a815",
      "url": "https://api.github.com/repos/react-native-svg/react-native-svg/commits/5d54fde693800c1d21e262a539d329ffd2d4a815"
    },
    "protected": false
  },
  {
    "name": "v8",
    "commit": {
      "sha": "487ce040e9f9c587a3fba53e0b0b57e7979f8b31",
      "url": "https://api.github.com/repos/react-native-svg/react-native-svg/commits/487ce040e9f9c587a3fba53e0b0b57e7979f8b31"
    },
    "protected": false
  },
  {
    "name": "v9",
    "commit": {
      "sha": "3e4505caa484188eb4dcc94e57011be9bdd0ce94",
      "url": "https://api.github.com/repos/react-native-svg/react-native-svg/commits/3e4505caa484188eb4dcc94e57011be9bdd0ce94"
    },
    "protected": false
  }
]
