[
  {
    "name": "bug/3348/model-generation-bugs",
    "commit": {
      "sha": "87a86576afeb0187c02c73ce54fbb29f68b0260e",
      "url": "https://api.github.com/repos/springfox/springfox/commits/87a86576afeb0187c02c73ce54fbb29f68b0260e"
    },
    "protected": false
  },
  {
    "name": "dependabot/gradle/com.github.ben-manes.versions-0.36.0",
    "commit": {
      "sha": "2fb083d2fe1b859c98ec795be35b8f370902d14f",
      "url": "https://api.github.com/repos/springfox/springfox/commits/2fb083d2fe1b859c98ec795be35b8f370902d14f"
    },
    "protected": false
  },
  {
    "name": "dependabot/gradle/com.github.kt3k.coveralls-2.10.2",
    "commit": {
      "sha": "298470e5302c75570035616b2fa6cb4f02b5ae4f",
      "url": "https://api.github.com/repos/springfox/springfox/commits/298470e5302c75570035616b2fa6cb4f02b5ae4f"
    },
    "protected": false
  },
  {
    "name": "dependabot/gradle/com.jfrog.artifactory-4.18.2",
    "commit": {
      "sha": "f9010a6e0a2ca0219ba3ac185ddc52f7e3566ade",
      "url": "https://api.github.com/repos/springfox/springfox/commits/f9010a6e0a2ca0219ba3ac185ddc52f7e3566ade"
    },
    "protected": false
  },
  {
    "name": "dependabot/gradle/de.undercouch.download-4.1.1",
    "commit": {
      "sha": "4ffe98218b5e412b08c45e6c7a9505c1298c430d",
      "url": "https://api.github.com/repos/springfox/springfox/commits/4ffe98218b5e412b08c45e6c7a9505c1298c430d"
    },
    "protected": false
  },
  {
    "name": "dependabot/gradle/org.ajoberstar.git-publish-3.0.0",
    "commit": {
      "sha": "bc87a3e30397f5d795be3cd28cdc39cac6b8b2ce",
      "url": "https://api.github.com/repos/springfox/springfox/commits/bc87a3e30397f5d795be3cd28cdc39cac6b8b2ce"
    },
    "protected": false
  },
  {
    "name": "dependabot/gradle/org.ajoberstar.grgit-4.1.0",
    "commit": {
      "sha": "a8b6f9f65ca67bfedcb21e7dee028a60749b7726",
      "url": "https://api.github.com/repos/springfox/springfox/commits/a8b6f9f65ca67bfedcb21e7dee028a60749b7726"
    },
    "protected": false
  },
  {
    "name": "dependabot/gradle/org.asciidoctor.jvm.convert-3.3.0",
    "commit": {
      "sha": "66b1b69dcc2fa8d67a301cdaddc619c8b6acfe1e",
      "url": "https://api.github.com/repos/springfox/springfox/commits/66b1b69dcc2fa8d67a301cdaddc619c8b6acfe1e"
    },
    "protected": false
  },
  {
    "name": "dependabot/gradle/org.springframework.boot-spring-boot-configuration-processor-2.4.0",
    "commit": {
      "sha": "9b3974b88eeacd3f303c089d99ae15a9b93ee869",
      "url": "https://api.github.com/repos/springfox/springfox/commits/9b3974b88eeacd3f303c089d99ae15a9b93ee869"
    },
    "protected": false
  },
  {
    "name": "dependabot/gradle/org.springframework.boot-spring-boot-gradle-plugin-2.4.0",
    "commit": {
      "sha": "f3b06079ee29f4410a62cfb29e4fff535e97621d",
      "url": "https://api.github.com/repos/springfox/springfox/commits/f3b06079ee29f4410a62cfb29e4fff535e97621d"
    },
    "protected": false
  },
  {
    "name": "dependabot/gradle/org.springframework.restdocs-spring-restdocs-mockmvc-2.0.5.RELEASE",
    "commit": {
      "sha": "2afd9f25f0ec3c12d0e8c68a8cc79c99667d5783",
      "url": "https://api.github.com/repos/springfox/springfox/commits/2afd9f25f0ec3c12d0e8c68a8cc79c99667d5783"
    },
    "protected": false
  },
  {
    "name": "dependabot/npm_and_yarn/springfox-swagger-ui/src/web/node-fetch-2.6.1",
    "commit": {
      "sha": "c0ebba1dbd6bd67b2889e9bd6d9a6000250daa73",
      "url": "https://api.github.com/repos/springfox/springfox/commits/c0ebba1dbd6bd67b2889e9bd6d9a6000250daa73"
    },
    "protected": false
  },
  {
    "name": "feature/2022/oas-3-support",
    "commit": {
      "sha": "30ccb4bda524c87f21461fc15ec05347f0e579d4",
      "url": "https://api.github.com/repos/springfox/springfox/commits/30ccb4bda524c87f21461fc15ec05347f0e579d4"
    },
    "protected": false
  },
  {
    "name": "gh-pages",
    "commit": {
      "sha": "14e2381f5738602616b4aabf2d7bc8ea8e20dcaa",
      "url": "https://api.github.com/repos/springfox/springfox/commits/14e2381f5738602616b4aabf2d7bc8ea8e20dcaa"
    },
    "protected": true
  },
  {
    "name": "master",
    "commit": {
      "sha": "ab5868471cdbaf54dac01af12933fe0437cf2b01",
      "url": "https://api.github.com/repos/springfox/springfox/commits/ab5868471cdbaf54dac01af12933fe0437cf2b01"
    },
    "protected": true
  }
]
