[
  {
    "name": "dev-cameraviewplus",
    "commit": {
      "sha": "c22ecae7f0b7fb913f2896f4703c8009b820f89b",
      "url": "https://api.github.com/repos/guardianproject/haven/commits/c22ecae7f0b7fb913f2896f4703c8009b820f89b"
    },
    "protected": false
  },
  {
    "name": "dev_camera_fixes",
    "commit": {
      "sha": "bf09efa4a0317314dee89258b1dc3dbbaec9db0a",
      "url": "https://api.github.com/repos/guardianproject/haven/commits/bf09efa4a0317314dee89258b1dc3dbbaec9db0a"
    },
    "protected": false
  },
  {
    "name": "dev_matrix",
    "commit": {
      "sha": "4cab7641b365227dd9a632bd42dc156252fa5c68",
      "url": "https://api.github.com/repos/guardianproject/haven/commits/4cab7641b365227dd9a632bd42dc156252fa5c68"
    },
    "protected": false
  },
  {
    "name": "dev_new_cameraview",
    "commit": {
      "sha": "4aa51f7349cf99078924c8fdead95faeee5bcdd5",
      "url": "https://api.github.com/repos/guardianproject/haven/commits/4aa51f7349cf99078924c8fdead95faeee5bcdd5"
    },
    "protected": false
  },
  {
    "name": "eighthave-patch-1",
    "commit": {
      "sha": "9507e1a1c61a0b49491832ee9bad5adb6351913a",
      "url": "https://api.github.com/repos/guardianproject/haven/commits/9507e1a1c61a0b49491832ee9bad5adb6351913a"
    },
    "protected": false
  },
  {
    "name": "fat-tire-pie_changes",
    "commit": {
      "sha": "a315b41e87b276904ad522012cce82adc4f16a30",
      "url": "https://api.github.com/repos/guardianproject/haven/commits/a315b41e87b276904ad522012cce82adc4f16a30"
    },
    "protected": false
  },
  {
    "name": "gh-pages",
    "commit": {
      "sha": "a0417f8b0e7ae8ff87aee54fce4129849c613b30",
      "url": "https://api.github.com/repos/guardianproject/haven/commits/a0417f8b0e7ae8ff87aee54fce4129849c613b30"
    },
    "protected": false
  },
  {
    "name": "master",
    "commit": {
      "sha": "9b48c7759fe4d8a9840f092d418fec2cc35a70cc",
      "url": "https://api.github.com/repos/guardianproject/haven/commits/9b48c7759fe4d8a9840f092d418fec2cc35a70cc"
    },
    "protected": false
  }
]
