[
  {
    "name": "master",
    "commit": {
      "sha": "e22a716fbaa589da97495a8ded1e8896289880a7",
      "url": "https://api.github.com/repos/MindorksOpenSource/android-interview-questions/commits/e22a716fbaa589da97495a8ded1e8896289880a7"
    },
    "protected": false
  },
  {
    "name": "revert-55-master",
    "commit": {
      "sha": "4efe9894bf683d5adbb4d589b631551e66603e72",
      "url": "https://api.github.com/repos/MindorksOpenSource/android-interview-questions/commits/4efe9894bf683d5adbb4d589b631551e66603e72"
    },
    "protected": false
  }
]
