[
  {
    "name": "gh-pages",
    "commit": {
      "sha": "c9b150b82945a43ca818219bd5b44a3d7a1a01f3",
      "url": "https://api.github.com/repos/iBotPeaches/Apktool/commits/c9b150b82945a43ca818219bd5b44a3d7a1a01f3"
    },
    "protected": false
  },
  {
    "name": "issue-2201",
    "commit": {
      "sha": "9975c339d5024d776119cd87e0b0e81c25687870",
      "url": "https://api.github.com/repos/iBotPeaches/Apktool/commits/9975c339d5024d776119cd87e0b0e81c25687870"
    },
    "protected": false
  },
  {
    "name": "master",
    "commit": {
      "sha": "6d4e503b161d4225bd746a2f218f0130c0de86a3",
      "url": "https://api.github.com/repos/iBotPeaches/Apktool/commits/6d4e503b161d4225bd746a2f218f0130c0de86a3"
    },
    "protected": true
  }
]
