[
  {
    "name": "64bit",
    "commit": {
      "sha": "f5b0cb2db44ecdbd133e57267219bc9a9e979f0a",
      "url": "https://api.github.com/repos/android-hacker/VirtualXposed/commits/f5b0cb2db44ecdbd133e57267219bc9a9e979f0a"
    },
    "protected": false
  },
  {
    "name": "exposed",
    "commit": {
      "sha": "699603ae0f55b05fd8a00d6f9c8ab9074e3c5b5d",
      "url": "https://api.github.com/repos/android-hacker/VirtualXposed/commits/699603ae0f55b05fd8a00d6f9c8ab9074e3c5b5d"
    },
    "protected": false
  },
  {
    "name": "fix",
    "commit": {
      "sha": "b4374430f2e8438c4372b38622879ae80f9b7f1a",
      "url": "https://api.github.com/repos/android-hacker/VirtualXposed/commits/b4374430f2e8438c4372b38622879ae80f9b7f1a"
    },
    "protected": false
  },
  {
    "name": "license",
    "commit": {
      "sha": "3311c0f3f3bf54a41b5cd186f4e66a195a553bcc",
      "url": "https://api.github.com/repos/android-hacker/VirtualXposed/commits/3311c0f3f3bf54a41b5cd186f4e66a195a553bcc"
    },
    "protected": false
  },
  {
    "name": "master",
    "commit": {
      "sha": "b4d9a6582ab2cde48c822c656910c1ebeb854990",
      "url": "https://api.github.com/repos/android-hacker/VirtualXposed/commits/b4d9a6582ab2cde48c822c656910c1ebeb854990"
    },
    "protected": false
  },
  {
    "name": "new_launcher",
    "commit": {
      "sha": "4adf1b8cf9a1a74508ddc024ebec5aa18186b594",
      "url": "https://api.github.com/repos/android-hacker/VirtualXposed/commits/4adf1b8cf9a1a74508ddc024ebec5aa18186b594"
    },
    "protected": false
  },
  {
    "name": "pages",
    "commit": {
      "sha": "3e2db719f93d4c8b6399aa91e5b9c3d39e1cae12",
      "url": "https://api.github.com/repos/android-hacker/VirtualXposed/commits/3e2db719f93d4c8b6399aa91e5b9c3d39e1cae12"
    },
    "protected": false
  },
  {
    "name": "revert-203-patch-1",
    "commit": {
      "sha": "4025ce16b1621c8118170a2ebeaffc2855c8cbb4",
      "url": "https://api.github.com/repos/android-hacker/VirtualXposed/commits/4025ce16b1621c8118170a2ebeaffc2855c8cbb4"
    },
    "protected": false
  },
  {
    "name": "revert-258-MutilFlover",
    "commit": {
      "sha": "143be4922688171b696fd664657f6d75b8e26a53",
      "url": "https://api.github.com/repos/android-hacker/VirtualXposed/commits/143be4922688171b696fd664657f6d75b8e26a53"
    },
    "protected": false
  },
  {
    "name": "revert-326-master",
    "commit": {
      "sha": "4060cf54e85fe2e1eaf7d14c521c4d2eb79d9051",
      "url": "https://api.github.com/repos/android-hacker/VirtualXposed/commits/4060cf54e85fe2e1eaf7d14c521c4d2eb79d9051"
    },
    "protected": false
  },
  {
    "name": "revert-327-revert-326-master",
    "commit": {
      "sha": "aa1719baeda63942481a74091f46582e039fe511",
      "url": "https://api.github.com/repos/android-hacker/VirtualXposed/commits/aa1719baeda63942481a74091f46582e039fe511"
    },
    "protected": false
  },
  {
    "name": "vxp",
    "commit": {
      "sha": "820d3b795f8601de85c2538b4a954553555d87b0",
      "url": "https://api.github.com/repos/android-hacker/VirtualXposed/commits/820d3b795f8601de85c2538b4a954553555d87b0"
    },
    "protected": false
  }
]
