[
  {
    "name": "develop",
    "commit": {
      "sha": "1a7653e102414d805ff13095efb049f95de594f1",
      "url": "https://api.github.com/repos/Yalantis/uCrop/commits/1a7653e102414d805ff13095efb049f95de594f1"
    },
    "protected": false
  },
  {
    "name": "feature/native_color_palette_api",
    "commit": {
      "sha": "2028ef8a820edd32cf821d9dcd7f3c61433ba1ef",
      "url": "https://api.github.com/repos/Yalantis/uCrop/commits/2028ef8a820edd32cf821d9dcd7f3c61433ba1ef"
    },
    "protected": false
  },
  {
    "name": "feature/native_ui_improvements",
    "commit": {
      "sha": "42d90577db7c99d3ccdf29606cf2c4aed59d1e65",
      "url": "https://api.github.com/repos/Yalantis/uCrop/commits/42d90577db7c99d3ccdf29606cf2c4aed59d1e65"
    },
    "protected": false
  },
  {
    "name": "feature/non-native_ui_improvements",
    "commit": {
      "sha": "e6ffe86693b795dca052b63f5d7a74f0e1ef4914",
      "url": "https://api.github.com/repos/Yalantis/uCrop/commits/e6ffe86693b795dca052b63f5d7a74f0e1ef4914"
    },
    "protected": false
  },
  {
    "name": "feature/non_native",
    "commit": {
      "sha": "684dd33c78f68e488a00de6e0a7ea36de7a23102",
      "url": "https://api.github.com/repos/Yalantis/uCrop/commits/684dd33c78f68e488a00de6e0a7ea36de7a23102"
    },
    "protected": false
  },
  {
    "name": "feature/remove_ui_from_activity",
    "commit": {
      "sha": "3c44a8556fcdd6524e1bd8fdbe095a6b8f03da01",
      "url": "https://api.github.com/repos/Yalantis/uCrop/commits/3c44a8556fcdd6524e1bd8fdbe095a6b8f03da01"
    },
    "protected": false
  },
  {
    "name": "master-non-native",
    "commit": {
      "sha": "281c8e6438d81f464d836fc6b500517144af264a",
      "url": "https://api.github.com/repos/Yalantis/uCrop/commits/281c8e6438d81f464d836fc6b500517144af264a"
    },
    "protected": false
  },
  {
    "name": "master",
    "commit": {
      "sha": "4966845ba410b723a4d30b70c35e9dee34649727",
      "url": "https://api.github.com/repos/Yalantis/uCrop/commits/4966845ba410b723a4d30b70c35e9dee34649727"
    },
    "protected": false
  }
]
