[
  {
    "name": "1.4.x",
    "commit": {
      "sha": "3a744ee88274e70324958bc996b33c29f16a872d",
      "url": "https://api.github.com/repos/Netflix/eureka/commits/3a744ee88274e70324958bc996b33c29f16a872d"
    },
    "protected": false
  },
  {
    "name": "2.x",
    "commit": {
      "sha": "ebd57549e7192936542e1cf9401e48c7ff22ac72",
      "url": "https://api.github.com/repos/Netflix/eureka/commits/ebd57549e7192936542e1cf9401e48c7ff22ac72"
    },
    "protected": false
  },
  {
    "name": "bump-jackson",
    "commit": {
      "sha": "cece80434d9ab9735b9ada5e2e0f6785cdb54871",
      "url": "https://api.github.com/repos/Netflix/eureka/commits/cece80434d9ab9735b9ada5e2e0f6785cdb54871"
    },
    "protected": false
  },
  {
    "name": "contrib/jersey2-compatibility",
    "commit": {
      "sha": "7cb2e474b83c6f5d6508e3e508abdc8868a2fb46",
      "url": "https://api.github.com/repos/Netflix/eureka/commits/7cb2e474b83c6f5d6508e3e508abdc8868a2fb46"
    },
    "protected": false
  },
  {
    "name": "feature/di-friendly-server",
    "commit": {
      "sha": "6b18edc616a2332e4ed1f4191ff2340116e1ac63",
      "url": "https://api.github.com/repos/Netflix/eureka/commits/6b18edc616a2332e4ed1f4191ff2340116e1ac63"
    },
    "protected": false
  },
  {
    "name": "fix-runtime-scopes",
    "commit": {
      "sha": "a1554089cf691832c5c24cf4cf4cd5cb456f5ab1",
      "url": "https://api.github.com/repos/Netflix/eureka/commits/a1554089cf691832c5c24cf4cf4cd5cb456f5ab1"
    },
    "protected": false
  },
  {
    "name": "master",
    "commit": {
      "sha": "1749af98a8c60784c36e448813cc73cdb4e4823c",
      "url": "https://api.github.com/repos/Netflix/eureka/commits/1749af98a8c60784c36e448813cc73cdb4e4823c"
    },
    "protected": false
  },
  {
    "name": "qiangdavidliu-patch-1",
    "commit": {
      "sha": "d26aed21911e7a039b437fd59705cead74e74873",
      "url": "https://api.github.com/repos/Netflix/eureka/commits/d26aed21911e7a039b437fd59705cead74e74873"
    },
    "protected": false
  },
  {
    "name": "qiangdavidliu-patch-2",
    "commit": {
      "sha": "0a550343773dc3a4a5f898cc59742c5ca7ad9368",
      "url": "https://api.github.com/repos/Netflix/eureka/commits/0a550343773dc3a4a5f898cc59742c5ca7ad9368"
    },
    "protected": false
  },
  {
    "name": "qiangdavidliu-patch-3",
    "commit": {
      "sha": "e8af9393c94880a2f8e2548a86e6bfc295324a2f",
      "url": "https://api.github.com/repos/Netflix/eureka/commits/e8af9393c94880a2f8e2548a86e6bfc295324a2f"
    },
    "protected": false
  },
  {
    "name": "qiangdavidliu-patch-4",
    "commit": {
      "sha": "6724f47539c9a8f8ce64f1167b6167a9adfb21d6",
      "url": "https://api.github.com/repos/Netflix/eureka/commits/6724f47539c9a8f8ce64f1167b6167a9adfb21d6"
    },
    "protected": false
  },
  {
    "name": "refactorings/transport",
    "commit": {
      "sha": "d4a8b579ecf9abfcc0cb607e1b5da30a8af5fb63",
      "url": "https://api.github.com/repos/Netflix/eureka/commits/d4a8b579ecf9abfcc0cb607e1b5da30a8af5fb63"
    },
    "protected": false
  },
  {
    "name": "remove_provided_references",
    "commit": {
      "sha": "51d9f6bc94590e79414c2c076eac21dd5bfbe97c",
      "url": "https://api.github.com/repos/Netflix/eureka/commits/51d9f6bc94590e79414c2c076eac21dd5bfbe97c"
    },
    "protected": false
  },
  {
    "name": "revert-1299-change-iterate",
    "commit": {
      "sha": "e6cc409803cccf9f7acaba25716057e1a1c2b8b7",
      "url": "https://api.github.com/repos/Netflix/eureka/commits/e6cc409803cccf9f7acaba25716057e1a1c2b8b7"
    },
    "protected": false
  },
  {
    "name": "sn-131-downgrade-error",
    "commit": {
      "sha": "7d8c60e5c42f635cbe401b25dd3479aa957ce348",
      "url": "https://api.github.com/repos/Netflix/eureka/commits/7d8c60e5c42f635cbe401b25dd3479aa957ce348"
    },
    "protected": false
  },
  {
    "name": "user-agent",
    "commit": {
      "sha": "072b58b6290da3dbb6e7bf8aad96419615b51c76",
      "url": "https://api.github.com/repos/Netflix/eureka/commits/072b58b6290da3dbb6e7bf8aad96419615b51c76"
    },
    "protected": false
  },
  {
    "name": "v1.7.x",
    "commit": {
      "sha": "af89aaf058c25720f40a39a59903df2b8b760c5c",
      "url": "https://api.github.com/repos/Netflix/eureka/commits/af89aaf058c25720f40a39a59903df2b8b760c5c"
    },
    "protected": false
  }
]
