[
  {
    "name": "edge",
    "commit": {
      "sha": "321727559f1c0ab91cba766cd680c9e329025cc1",
      "url": "https://api.github.com/repos/rzwitserloot/lombok/commits/321727559f1c0ab91cba766cd680c9e329025cc1"
    },
    "protected": false
  },
  {
    "name": "master",
    "commit": {
      "sha": "321727559f1c0ab91cba766cd680c9e329025cc1",
      "url": "https://api.github.com/repos/rzwitserloot/lombok/commits/321727559f1c0ab91cba766cd680c9e329025cc1"
    },
    "protected": false
  },
  {
    "name": "updatesite",
    "commit": {
      "sha": "70b72cdf53d5a663018f63fa22911fc63419c9f4",
      "url": "https://api.github.com/repos/rzwitserloot/lombok/commits/70b72cdf53d5a663018f63fa22911fc63419c9f4"
    },
    "protected": false
  }
]
