[
  {
    "name": "dependabot/maven/extensions/struts2/org.apache.struts-struts2-core-2.3.34",
    "commit": {
      "sha": "14d9b378307ca9a555ccdf9d191487436e3bba55",
      "url": "https://api.github.com/repos/google/guice/commits/14d9b378307ca9a555ccdf9d191487436e3bba55"
    },
    "protected": false
  },
  {
    "name": "dependabot/maven/junit-junit-4.13.1",
    "commit": {
      "sha": "c799649e2f5de811327653c2dcd15482e8ffd532",
      "url": "https://api.github.com/repos/google/guice/commits/c799649e2f5de811327653c2dcd15482e8ffd532"
    },
    "protected": false
  },
  {
    "name": "gh-pages",
    "commit": {
      "sha": "89cc87081c8852a247c495a9c16ed71919e8b8f7",
      "url": "https://api.github.com/repos/google/guice/commits/89cc87081c8852a247c495a9c16ed71919e8b8f7"
    },
    "protected": false
  },
  {
    "name": "master",
    "commit": {
      "sha": "e399b21ab8ae0b937466dde5b6abcdf5f144876b",
      "url": "https://api.github.com/repos/google/guice/commits/e399b21ab8ae0b937466dde5b6abcdf5f144876b"
    },
    "protected": false
  },
  {
    "name": "travis",
    "commit": {
      "sha": "48afc163c047e44361679b470a86e465778765fb",
      "url": "https://api.github.com/repos/google/guice/commits/48afc163c047e44361679b470a86e465778765fb"
    },
    "protected": false
  }
]
