[
  {
    "name": "2.8",
    "commit": {
      "sha": "547769b44f56b415ef99a47dc11bc568969f24dc",
      "url": "https://api.github.com/repos/redis/jedis/commits/547769b44f56b415ef99a47dc11bc568969f24dc"
    },
    "protected": true
  },
  {
    "name": "2.9",
    "commit": {
      "sha": "1673e9f7e6888c527e3101cd54e534c34308fb3e",
      "url": "https://api.github.com/repos/redis/jedis/commits/1673e9f7e6888c527e3101cd54e534c34308fb3e"
    },
    "protected": true
  },
  {
    "name": "2.10",
    "commit": {
      "sha": "191e9b856c8ade080320118df1904645a4302f5a",
      "url": "https://api.github.com/repos/redis/jedis/commits/191e9b856c8ade080320118df1904645a4302f5a"
    },
    "protected": true
  },
  {
    "name": "JDK8-only",
    "commit": {
      "sha": "b5dfdc5db389623b521402a145c73d16e8c5f41b",
      "url": "https://api.github.com/repos/redis/jedis/commits/b5dfdc5db389623b521402a145c73d16e8c5f41b"
    },
    "protected": false
  },
  {
    "name": "address_resolver",
    "commit": {
      "sha": "8c72058b65309697fc9fc0eeba149335b36b2331",
      "url": "https://api.github.com/repos/redis/jedis/commits/8c72058b65309697fc9fc0eeba149335b36b2331"
    },
    "protected": false
  },
  {
    "name": "commons-pool2-upgrade",
    "commit": {
      "sha": "1383eb515b8a72a5d763d90fa9abadcc915361b3",
      "url": "https://api.github.com/repos/redis/jedis/commits/1383eb515b8a72a5d763d90fa9abadcc915361b3"
    },
    "protected": false
  },
  {
    "name": "custom_socket_pool",
    "commit": {
      "sha": "f332e7c95756b4ee97ebf3360b86e857e1a473c9",
      "url": "https://api.github.com/repos/redis/jedis/commits/f332e7c95756b4ee97ebf3360b86e857e1a473c9"
    },
    "protected": false
  },
  {
    "name": "gh-pages",
    "commit": {
      "sha": "5e265727f3f4301709c1180c004a422c65859c61",
      "url": "https://api.github.com/repos/redis/jedis/commits/5e265727f3f4301709c1180c004a422c65859c61"
    },
    "protected": false
  },
  {
    "name": "master",
    "commit": {
      "sha": "a07f70743015c826ec92f180a35175854c9a2a17",
      "url": "https://api.github.com/repos/redis/jedis/commits/a07f70743015c826ec92f180a35175854c9a2a17"
    },
    "protected": true
  },
  {
    "name": "snyk-upgrade-8a2d1e798220da1bc4d9c17951dca57b",
    "commit": {
      "sha": "fb175204176d4de9146bb1126e1ecb1c4acbeaff",
      "url": "https://api.github.com/repos/redis/jedis/commits/fb175204176d4de9146bb1126e1ecb1c4acbeaff"
    },
    "protected": false
  }
]
