[
  {
    "name": "1.2.x",
    "commit": {
      "sha": "6967ddd54444af097663990479100eb67593f294",
      "url": "https://api.github.com/repos/codecentric/spring-boot-admin/commits/6967ddd54444af097663990479100eb67593f294"
    },
    "protected": false
  },
  {
    "name": "1.3.x",
    "commit": {
      "sha": "d53102698360e4bcb81bb3453d3c8ffeb9cb3307",
      "url": "https://api.github.com/repos/codecentric/spring-boot-admin/commits/d53102698360e4bcb81bb3453d3c8ffeb9cb3307"
    },
    "protected": false
  },
  {
    "name": "1.4.x",
    "commit": {
      "sha": "6203e62ae3b0c43b250f35868ccf0b590b5f2b02",
      "url": "https://api.github.com/repos/codecentric/spring-boot-admin/commits/6203e62ae3b0c43b250f35868ccf0b590b5f2b02"
    },
    "protected": false
  },
  {
    "name": "1.5.x",
    "commit": {
      "sha": "d9640e596e6f42b545969fcd386cace73b96d591",
      "url": "https://api.github.com/repos/codecentric/spring-boot-admin/commits/d9640e596e6f42b545969fcd386cace73b96d591"
    },
    "protected": false
  },
  {
    "name": "2.0.x",
    "commit": {
      "sha": "64a18475e10a85ec13bf8319c4e887de7f17149e",
      "url": "https://api.github.com/repos/codecentric/spring-boot-admin/commits/64a18475e10a85ec13bf8319c4e887de7f17149e"
    },
    "protected": false
  },
  {
    "name": "2.1.x",
    "commit": {
      "sha": "b2820aae0b0fca4254a3e38f7c5688e281569418",
      "url": "https://api.github.com/repos/codecentric/spring-boot-admin/commits/b2820aae0b0fca4254a3e38f7c5688e281569418"
    },
    "protected": false
  },
  {
    "name": "2.2.x",
    "commit": {
      "sha": "27bd07242d6ac37a93cf83bbad97edcdc762afbd",
      "url": "https://api.github.com/repos/codecentric/spring-boot-admin/commits/27bd07242d6ac37a93cf83bbad97edcdc762afbd"
    },
    "protected": false
  },
  {
    "name": "feat/configurable-pollTimer",
    "commit": {
      "sha": "6e56208c6742606e0303554f0504d7fba08b3288",
      "url": "https://api.github.com/repos/codecentric/spring-boot-admin/commits/6e56208c6742606e0303554f0504d7fba08b3288"
    },
    "protected": false
  },
  {
    "name": "feat/disable-views",
    "commit": {
      "sha": "8c1cbe985a279910de47a3847408b268fc386bde",
      "url": "https://api.github.com/repos/codecentric/spring-boot-admin/commits/8c1cbe985a279910de47a3847408b268fc386bde"
    },
    "protected": false
  },
  {
    "name": "feat/update-dependencies",
    "commit": {
      "sha": "68f0c12187203fb12e0399222ce6ab8e7ae3b086",
      "url": "https://api.github.com/repos/codecentric/spring-boot-admin/commits/68f0c12187203fb12e0399222ce6ab8e7ae3b086"
    },
    "protected": false
  },
  {
    "name": "feat/1481",
    "commit": {
      "sha": "80857773e840d7814417d9265054287c682633ae",
      "url": "https://api.github.com/repos/codecentric/spring-boot-admin/commits/80857773e840d7814417d9265054287c682633ae"
    },
    "protected": false
  },
  {
    "name": "fix/1543",
    "commit": {
      "sha": "9d2512dfaed551452b810f7a9597b04aa4424d86",
      "url": "https://api.github.com/repos/codecentric/spring-boot-admin/commits/9d2512dfaed551452b810f7a9597b04aa4424d86"
    },
    "protected": false
  },
  {
    "name": "gh-pages",
    "commit": {
      "sha": "ddbec52652422ae4537567de0fa4a4929ceeb140",
      "url": "https://api.github.com/repos/codecentric/spring-boot-admin/commits/ddbec52652422ae4537567de0fa4a4929ceeb140"
    },
    "protected": false
  },
  {
    "name": "master",
    "commit": {
      "sha": "64a9d044d4f102992304de53fbfa9a5719f06d33",
      "url": "https://api.github.com/repos/codecentric/spring-boot-admin/commits/64a9d044d4f102992304de53fbfa9a5719f06d33"
    },
    "protected": false
  }
]
