[
  {
    "name": "gh-pages",
    "commit": {
      "sha": "12ba58ac7701843a61acbfa9b304d1cb849b8a03",
      "url": "https://api.github.com/repos/google/auto/commits/12ba58ac7701843a61acbfa9b304d1cb849b8a03"
    },
    "protected": false
  },
  {
    "name": "jdk9",
    "commit": {
      "sha": "4cf88233f3ed009010eff776fdd9cace8eb0e4ac",
      "url": "https://api.github.com/repos/google/auto/commits/4cf88233f3ed009010eff776fdd9cace8eb0e4ac"
    },
    "protected": false
  },
  {
    "name": "master",
    "commit": {
      "sha": "22ff3f94b938fbe50d825b55b0848bd7d17d0d21",
      "url": "https://api.github.com/repos/google/auto/commits/22ff3f94b938fbe50d825b55b0848bd7d17d0d21"
    },
    "protected": false
  },
  {
    "name": "release",
    "commit": {
      "sha": "5d966b6f88ab3361df23a12dbe6df2be13151b9e",
      "url": "https://api.github.com/repos/google/auto/commits/5d966b6f88ab3361df23a12dbe6df2be13151b9e"
    },
    "protected": false
  },
  {
    "name": "sync-2020-05-08",
    "commit": {
      "sha": "44ca4dd0b7e7a1b3d2541a065342fa18da620848",
      "url": "https://api.github.com/repos/google/auto/commits/44ca4dd0b7e7a1b3d2541a065342fa18da620848"
    },
    "protected": false
  },
  {
    "name": "sync-master-2020/07/15",
    "commit": {
      "sha": "f4b087d7630cd2d83cd00086a14416965b932727",
      "url": "https://api.github.com/repos/google/auto/commits/f4b087d7630cd2d83cd00086a14416965b932727"
    },
    "protected": false
  }
]
