[
  {
    "name": "3.3.7.x",
    "commit": {
      "sha": "8efa7749f4d96d6a2843cd30a017d16c26b6c949",
      "url": "https://api.github.com/repos/processing/processing/commits/8efa7749f4d96d6a2843cd30a017d16c26b6c949"
    },
    "protected": false
  },
  {
    "name": "master",
    "commit": {
      "sha": "94144be998354ecf7a06d5301b7b4fab72df724c",
      "url": "https://api.github.com/repos/processing/processing/commits/94144be998354ecf7a06d5301b7b4fab72df724c"
    },
    "protected": false
  },
  {
    "name": "mode-translations",
    "commit": {
      "sha": "0ed2fc139c3c5dfe0a1702ed8348987b3c6a5c9d",
      "url": "https://api.github.com/repos/processing/processing/commits/0ed2fc139c3c5dfe0a1702ed8348987b3c6a5c9d"
    },
    "protected": false
  },
  {
    "name": "super-fast-P2D",
    "commit": {
      "sha": "5060dba0191d48599dee432db2635fe8c860b8df",
      "url": "https://api.github.com/repos/processing/processing/commits/5060dba0191d48599dee432db2635fe8c860b8df"
    },
    "protected": false
  }
]
