[
  {
    "name": "extendable-spark",
    "commit": {
      "sha": "0b5545690b610aeb58b5b32bcdaeea059f6ba665",
      "url": "https://api.github.com/repos/perwendel/spark/commits/0b5545690b610aeb58b5b32bcdaeea059f6ba665"
    },
    "protected": false
  },
  {
    "name": "master",
    "commit": {
      "sha": "54079b0f95f0076dd3c440e1255a7d449d9489f1",
      "url": "https://api.github.com/repos/perwendel/spark/commits/54079b0f95f0076dd3c440e1255a7d449d9489f1"
    },
    "protected": false
  },
  {
    "name": "pw-2.9.1-release",
    "commit": {
      "sha": "9c094dd50008c068c85da8d8bc2b3f872c8a6244",
      "url": "https://api.github.com/repos/perwendel/spark/commits/9c094dd50008c068c85da8d8bc2b3f872c8a6244"
    },
    "protected": false
  },
  {
    "name": "pw-1146",
    "commit": {
      "sha": "34c5885e03e1ac12761514058d714169d0cca764",
      "url": "https://api.github.com/repos/perwendel/spark/commits/34c5885e03e1ac12761514058d714169d0cca764"
    },
    "protected": false
  },
  {
    "name": "pw-classpath-traversal-fix",
    "commit": {
      "sha": "ce9e11517eca69e58ed4378d1e47a02bd06863cc",
      "url": "https://api.github.com/repos/perwendel/spark/commits/ce9e11517eca69e58ed4378d1e47a02bd06863cc"
    },
    "protected": false
  },
  {
    "name": "pw-jetty-bump",
    "commit": {
      "sha": "ed9a9d4120d29a05b57b67a9c50a349cdfe7bdaa",
      "url": "https://api.github.com/repos/perwendel/spark/commits/ed9a9d4120d29a05b57b67a9c50a349cdfe7bdaa"
    },
    "protected": false
  },
  {
    "name": "pw-jetty-latest",
    "commit": {
      "sha": "7497e9d6ad3c16bb1c37ef9c9596f756e8371377",
      "url": "https://api.github.com/repos/perwendel/spark/commits/7497e9d6ad3c16bb1c37ef9c9596f756e8371377"
    },
    "protected": false
  },
  {
    "name": "pw-prepare-2.9.0",
    "commit": {
      "sha": "56973db171278122b63f6f5d66afc4c48325cfa2",
      "url": "https://api.github.com/repos/perwendel/spark/commits/56973db171278122b63f6f5d66afc4c48325cfa2"
    },
    "protected": false
  },
  {
    "name": "pw-security-patch-v2",
    "commit": {
      "sha": "a221a864db28eb736d36041df2fa6eb8839fc5cd",
      "url": "https://api.github.com/repos/perwendel/spark/commits/a221a864db28eb736d36041df2fa6eb8839fc5cd"
    },
    "protected": false
  },
  {
    "name": "travis-fix",
    "commit": {
      "sha": "59fbc26680b74bda51055664dd0d4b88b4679aa9",
      "url": "https://api.github.com/repos/perwendel/spark/commits/59fbc26680b74bda51055664dd0d4b88b4679aa9"
    },
    "protected": false
  }
]
