[
  {
    "name": "master",
    "commit": {
      "sha": "a54afaa9d00a78e335e5c2d7b62c5ce1b6ef82a3",
      "url": "https://api.github.com/repos/ben-manes/caffeine/commits/a54afaa9d00a78e335e5c2d7b62c5ce1b6ef82a3"
    },
    "protected": false
  },
  {
    "name": "stats",
    "commit": {
      "sha": "5f93219c27e3dc10ca978e217c123cdeeade5057",
      "url": "https://api.github.com/repos/ben-manes/caffeine/commits/5f93219c27e3dc10ca978e217c123cdeeade5057"
    },
    "protected": false
  },
  {
    "name": "v3",
    "commit": {
      "sha": "d0ba66072a54522c968d71d517e8cf269e0d5fa4",
      "url": "https://api.github.com/repos/ben-manes/caffeine/commits/d0ba66072a54522c968d71d517e8cf269e0d5fa4"
    },
    "protected": false
  },
  {
    "name": "zero_weight",
    "commit": {
      "sha": "1967e43561e2ba512dbb2836a15aebe017ec7172",
      "url": "https://api.github.com/repos/ben-manes/caffeine/commits/1967e43561e2ba512dbb2836a15aebe017ec7172"
    },
    "protected": false
  }
]
