[
  {
    "name": "dependabot/maven/com.puppycrawl.tools-checkstyle-8.29",
    "commit": {
      "sha": "83150e79e3429c9be1dded52ea9ea981d5d558ab",
      "url": "https://api.github.com/repos/square/javapoet/commits/83150e79e3429c9be1dded52ea9ea981d5d558ab"
    },
    "protected": false
  },
  {
    "name": "gh-pages",
    "commit": {
      "sha": "99f9e96c46111edbd5a1c4bb0f25f63382f4c80c",
      "url": "https://api.github.com/repos/square/javapoet/commits/99f9e96c46111edbd5a1c4bb0f25f63382f4c80c"
    },
    "protected": true
  },
  {
    "name": "javapoet_15",
    "commit": {
      "sha": "f80b6fb9eb4af236a18b4bfcf82be021803935f4",
      "url": "https://api.github.com/repos/square/javapoet/commits/f80b6fb9eb4af236a18b4bfcf82be021803935f4"
    },
    "protected": false
  },
  {
    "name": "javapoet_16",
    "commit": {
      "sha": "30455b1a25b3ff348578d882812e4e7c94eb9e9e",
      "url": "https://api.github.com/repos/square/javapoet/commits/30455b1a25b3ff348578d882812e4e7c94eb9e9e"
    },
    "protected": false
  },
  {
    "name": "javapoet_17",
    "commit": {
      "sha": "79d83b201dea2fcd9eeee414d963b55136727aa6",
      "url": "https://api.github.com/repos/square/javapoet/commits/79d83b201dea2fcd9eeee414d963b55136727aa6"
    },
    "protected": false
  },
  {
    "name": "javapoet_18",
    "commit": {
      "sha": "46913cd91914f2b30f3730390c96b8143c260a46",
      "url": "https://api.github.com/repos/square/javapoet/commits/46913cd91914f2b30f3730390c96b8143c260a46"
    },
    "protected": false
  },
  {
    "name": "javawriter_2",
    "commit": {
      "sha": "85048328afc960d99d30d6c058247465be92d52b",
      "url": "https://api.github.com/repos/square/javapoet/commits/85048328afc960d99d30d6c058247465be92d52b"
    },
    "protected": false
  },
  {
    "name": "jw/iterables/2020-06-04",
    "commit": {
      "sha": "f435201a3ed1b82fdd52f597a1353283c92ec60d",
      "url": "https://api.github.com/repos/square/javapoet/commits/f435201a3ed1b82fdd52f597a1353283c92ec60d"
    },
    "protected": false
  },
  {
    "name": "jwilson.0126.use_Z_in_methods",
    "commit": {
      "sha": "354dd648be77e261c858567054114b1fee9f1467",
      "url": "https://api.github.com/repos/square/javapoet/commits/354dd648be77e261c858567054114b1fee9f1467"
    },
    "protected": false
  },
  {
    "name": "master",
    "commit": {
      "sha": "0a6ee12960724854a0da33b171bcb06c1121c3e5",
      "url": "https://api.github.com/repos/square/javapoet/commits/0a6ee12960724854a0da33b171bcb06c1121c3e5"
    },
    "protected": true
  }
]
