[
  {
    "name": "1.5-maint",
    "commit": {
      "sha": "4aa435bc2e26f23831d238bb4d4af072a869238c",
      "url": "https://api.github.com/repos/neo4j/neo4j/commits/4aa435bc2e26f23831d238bb4d4af072a869238c"
    },
    "protected": false
  },
  {
    "name": "1.6-maint",
    "commit": {
      "sha": "ec38a5388707e06d0a9e7cd81489cf65da66ccac",
      "url": "https://api.github.com/repos/neo4j/neo4j/commits/ec38a5388707e06d0a9e7cd81489cf65da66ccac"
    },
    "protected": false
  },
  {
    "name": "1.7-maint",
    "commit": {
      "sha": "0ce6bf3e3a49f2c6b6f7f9d30225bb5dca33ab6b",
      "url": "https://api.github.com/repos/neo4j/neo4j/commits/0ce6bf3e3a49f2c6b6f7f9d30225bb5dca33ab6b"
    },
    "protected": false
  },
  {
    "name": "1.8-maint",
    "commit": {
      "sha": "94a0ebd6444814b76c594d85d08f12fbdd81bc7d",
      "url": "https://api.github.com/repos/neo4j/neo4j/commits/94a0ebd6444814b76c594d85d08f12fbdd81bc7d"
    },
    "protected": false
  },
  {
    "name": "1.9-maint",
    "commit": {
      "sha": "eeac8dfe6c297d1309abb073ca6fa922bab61c80",
      "url": "https://api.github.com/repos/neo4j/neo4j/commits/eeac8dfe6c297d1309abb073ca6fa922bab61c80"
    },
    "protected": false
  },
  {
    "name": "2.0-maint",
    "commit": {
      "sha": "7b8fda045041eed80bbb15a690e99129b513eed2",
      "url": "https://api.github.com/repos/neo4j/neo4j/commits/7b8fda045041eed80bbb15a690e99129b513eed2"
    },
    "protected": false
  },
  {
    "name": "2.1-maint",
    "commit": {
      "sha": "5b1afe6f3e48cd67b3475784d28c78f436d3626e",
      "url": "https://api.github.com/repos/neo4j/neo4j/commits/5b1afe6f3e48cd67b3475784d28c78f436d3626e"
    },
    "protected": false
  },
  {
    "name": "2.2",
    "commit": {
      "sha": "60c97df6b7b7ade86866f903f6b241bddb111a25",
      "url": "https://api.github.com/repos/neo4j/neo4j/commits/60c97df6b7b7ade86866f903f6b241bddb111a25"
    },
    "protected": true
  },
  {
    "name": "2.3",
    "commit": {
      "sha": "86b3d86dbdb78f2dc26e78aa20c757cdf1acc3c8",
      "url": "https://api.github.com/repos/neo4j/neo4j/commits/86b3d86dbdb78f2dc26e78aa20c757cdf1acc3c8"
    },
    "protected": true
  },
  {
    "name": "3.0",
    "commit": {
      "sha": "43c684ef0a947bfe8bfddbb29b4a24e1032d0ad3",
      "url": "https://api.github.com/repos/neo4j/neo4j/commits/43c684ef0a947bfe8bfddbb29b4a24e1032d0ad3"
    },
    "protected": true
  },
  {
    "name": "3.1",
    "commit": {
      "sha": "25a688c86a0d7ccf5eff8f174d2ff9a6551ff38a",
      "url": "https://api.github.com/repos/neo4j/neo4j/commits/25a688c86a0d7ccf5eff8f174d2ff9a6551ff38a"
    },
    "protected": true
  },
  {
    "name": "3.2",
    "commit": {
      "sha": "8c03cc72dae12f26701f6a3a77003aea3d30a4b3",
      "url": "https://api.github.com/repos/neo4j/neo4j/commits/8c03cc72dae12f26701f6a3a77003aea3d30a4b3"
    },
    "protected": true
  },
  {
    "name": "3.3-report-costs",
    "commit": {
      "sha": "99c2550d7f3a74e1d519a94c340315b0dc92f280",
      "url": "https://api.github.com/repos/neo4j/neo4j/commits/99c2550d7f3a74e1d519a94c340315b0dc92f280"
    },
    "protected": false
  },
  {
    "name": "3.3",
    "commit": {
      "sha": "1fccca3775e7424cf31557cee4bcb1a73a2dea57",
      "url": "https://api.github.com/repos/neo4j/neo4j/commits/1fccca3775e7424cf31557cee4bcb1a73a2dea57"
    },
    "protected": true
  },
  {
    "name": "3.4",
    "commit": {
      "sha": "a087b3a6a374eaa24e2d5268f7e86e15ad18a758",
      "url": "https://api.github.com/repos/neo4j/neo4j/commits/a087b3a6a374eaa24e2d5268f7e86e15ad18a758"
    },
    "protected": true
  },
  {
    "name": "3.5-compiled-expression",
    "commit": {
      "sha": "f6586d7b28ec28277a5ad6840bcc785ea182399d",
      "url": "https://api.github.com/repos/neo4j/neo4j/commits/f6586d7b28ec28277a5ad6840bcc785ea182399d"
    },
    "protected": false
  },
  {
    "name": "3.5-no-more-longarray-hashing",
    "commit": {
      "sha": "c9108d93db4ae0188a5673ff81605ede28ad55de",
      "url": "https://api.github.com/repos/neo4j/neo4j/commits/c9108d93db4ae0188a5673ff81605ede28ad55de"
    },
    "protected": false
  },
  {
    "name": "3.5",
    "commit": {
      "sha": "07a0f6234b6404ab6e29782f04b52494bd8ddccf",
      "url": "https://api.github.com/repos/neo4j/neo4j/commits/07a0f6234b6404ab6e29782f04b52494bd8ddccf"
    },
    "protected": true
  },
  {
    "name": "4.0",
    "commit": {
      "sha": "18bddbf8e964feee8394f5d2dac4119a517fa42a",
      "url": "https://api.github.com/repos/neo4j/neo4j/commits/18bddbf8e964feee8394f5d2dac4119a517fa42a"
    },
    "protected": true
  },
  {
    "name": "4.1",
    "commit": {
      "sha": "5cda4306fb7957ff4272f11a2a20ee8f5ba95e17",
      "url": "https://api.github.com/repos/neo4j/neo4j/commits/5cda4306fb7957ff4272f11a2a20ee8f5ba95e17"
    },
    "protected": true
  },
  {
    "name": "4.2-pipelined",
    "commit": {
      "sha": "6d6897d28a7d33c32bd24e18f3cf1151a6edf88d",
      "url": "https://api.github.com/repos/neo4j/neo4j/commits/6d6897d28a7d33c32bd24e18f3cf1151a6edf88d"
    },
    "protected": false
  },
  {
    "name": "4.2",
    "commit": {
      "sha": "82552961e36f54cb3daab664693f87e9d3f38d71",
      "url": "https://api.github.com/repos/neo4j/neo4j/commits/82552961e36f54cb3daab664693f87e9d3f38d71"
    },
    "protected": true
  },
  {
    "name": "branchtoallowteamcitytodoprbuilds",
    "commit": {
      "sha": "64556abf83e3ba5373b9a7963ef9dd8c6e22e63c",
      "url": "https://api.github.com/repos/neo4j/neo4j/commits/64556abf83e3ba5373b9a7963ef9dd8c6e22e63c"
    },
    "protected": false
  },
  {
    "name": "master",
    "commit": {
      "sha": "4fe03c55acce5f3e1ba8ffefddaafa340a760b2e",
      "url": "https://api.github.com/repos/neo4j/neo4j/commits/4fe03c55acce5f3e1ba8ffefddaafa340a760b2e"
    },
    "protected": false
  },
  {
    "name": "testwin/3.3-ref-from-slot-name",
    "commit": {
      "sha": "3266e45787d5e34a41f45e1e7b766b2f01218279",
      "url": "https://api.github.com/repos/neo4j/neo4j/commits/3266e45787d5e34a41f45e1e7b766b2f01218279"
    },
    "protected": false
  },
  {
    "name": "testwin/3.4-failing-windows",
    "commit": {
      "sha": "c34e1787aa8ce827b3dd3f3c957e8bb0509d06af",
      "url": "https://api.github.com/repos/neo4j/neo4j/commits/c34e1787aa8ce827b3dd3f3c957e8bb0509d06af"
    },
    "protected": false
  }
]
