[
  {
    "name": "1285-patch-support",
    "commit": {
      "sha": "ebb235b412dae5264ba46edba88a2bd8d7fe85fe",
      "url": "https://api.github.com/repos/jhy/jsoup/commits/ebb235b412dae5264ba46edba88a2bd8d7fe85fe"
    },
    "protected": false
  },
  {
    "name": "dependabot/maven/org.eclipse.jetty-jetty-server-9.4.35.v20201120",
    "commit": {
      "sha": "8c1f149a37eb07d5d4c5f04089779566c18d99f6",
      "url": "https://api.github.com/repos/jhy/jsoup/commits/8c1f149a37eb07d5d4c5f04089779566c18d99f6"
    },
    "protected": false
  },
  {
    "name": "master",
    "commit": {
      "sha": "89580cc3d25d0d89ac1f46b349e5cd315883dc79",
      "url": "https://api.github.com/repos/jhy/jsoup/commits/89580cc3d25d0d89ac1f46b349e5cd315883dc79"
    },
    "protected": false
  }
]
