[
  {
    "name": "fixtures",
    "commit": {
      "sha": "424424c505c180f42eaac323862224648cbee38e",
      "url": "https://api.github.com/repos/junit-team/junit4/commits/424424c505c180f42eaac323862224648cbee38e"
    },
    "protected": false
  },
  {
    "name": "gh-pages",
    "commit": {
      "sha": "70df0137a3d4e5c2903ea237ff45de837cd78b9a",
      "url": "https://api.github.com/repos/junit-team/junit4/commits/70df0137a3d4e5c2903ea237ff45de837cd78b9a"
    },
    "protected": false
  },
  {
    "name": "immutable-description",
    "commit": {
      "sha": "d44e54ffde7ae219b607153e8ca6ac9ae2dd3752",
      "url": "https://api.github.com/repos/junit-team/junit4/commits/d44e54ffde7ae219b607153e8ca6ac9ae2dd3752"
    },
    "protected": false
  },
  {
    "name": "main",
    "commit": {
      "sha": "7852b90cfe1cea1e0cdaa19d490c83f0d8684b50",
      "url": "https://api.github.com/repos/junit-team/junit4/commits/7852b90cfe1cea1e0cdaa19d490c83f0d8684b50"
    },
    "protected": false
  },
  {
    "name": "marc/travis-without-matrix",
    "commit": {
      "sha": "ee122cd6f80e9c4174d00c108e87eb0ba734b3a8",
      "url": "https://api.github.com/repos/junit-team/junit4/commits/ee122cd6f80e9c4174d00c108e87eb0ba734b3a8"
    },
    "protected": false
  }
]
