[
  {
    "name": "1_1_beta01",
    "commit": {
      "sha": "998b55d149762ce2e16013f1f3c3b34db4a3aa1a",
      "url": "https://api.github.com/repos/android/testing-samples/commits/998b55d149762ce2e16013f1f3c3b34db4a3aa1a"
    },
    "protected": false
  },
  {
    "name": "1_1_1_alpha02",
    "commit": {
      "sha": "885d73857cfb09208f9538369d4079ac80558114",
      "url": "https://api.github.com/repos/android/testing-samples/commits/885d73857cfb09208f9538369d4079ac80558114"
    },
    "protected": false
  },
  {
    "name": "1.2.0_alpha03",
    "commit": {
      "sha": "a889dc5f7f87caaa40c4d5e32d786725123b2e94",
      "url": "https://api.github.com/repos/android/testing-samples/commits/a889dc5f7f87caaa40c4d5e32d786725123b2e94"
    },
    "protected": false
  },
  {
    "name": "120_alpha04",
    "commit": {
      "sha": "7bb90043377ccbcd013556ebf37d00dcdfe52ed5",
      "url": "https://api.github.com/repos/android/testing-samples/commits/7bb90043377ccbcd013556ebf37d00dcdfe52ed5"
    },
    "protected": false
  },
  {
    "name": "120stable",
    "commit": {
      "sha": "7015962525897f73faa50525cad3f82a50a18d7c",
      "url": "https://api.github.com/repos/android/testing-samples/commits/7015962525897f73faa50525cad3f82a50a18d7c"
    },
    "protected": false
  },
  {
    "name": "121alpha01",
    "commit": {
      "sha": "ba9d9ad6100ded45af3268724084c3698fed4653",
      "url": "https://api.github.com/repos/android/testing-samples/commits/ba9d9ad6100ded45af3268724084c3698fed4653"
    },
    "protected": false
  },
  {
    "name": "121alpha02",
    "commit": {
      "sha": "519ccd0ea4246e364bc72e280228b07c5723eede",
      "url": "https://api.github.com/repos/android/testing-samples/commits/519ccd0ea4246e364bc72e280228b07c5723eede"
    },
    "protected": false
  },
  {
    "name": "JoseAlcerreca-atsl-readme-1",
    "commit": {
      "sha": "2766cb2b6335fa55619dd7adf8f449a584d7f1e5",
      "url": "https://api.github.com/repos/android/testing-samples/commits/2766cb2b6335fa55619dd7adf8f449a584d7f1e5"
    },
    "protected": false
  },
  {
    "name": "README-list-samples",
    "commit": {
      "sha": "dbd48754131710fb9b5f5f80c1a020d943291a36",
      "url": "https://api.github.com/repos/android/testing-samples/commits/dbd48754131710fb9b5f5f80c1a020d943291a36"
    },
    "protected": false
  },
  {
    "name": "addTravis",
    "commit": {
      "sha": "abc7e548a8bfc94ecbc33b96a28d27069d5972bb",
      "url": "https://api.github.com/repos/android/testing-samples/commits/abc7e548a8bfc94ecbc33b96a28d27069d5972bb"
    },
    "protected": false
  },
  {
    "name": "alpha05",
    "commit": {
      "sha": "a70aa6cc8843e40634eb02903e6ef57b8c2267de",
      "url": "https://api.github.com/repos/android/testing-samples/commits/a70aa6cc8843e40634eb02903e6ef57b8c2267de"
    },
    "protected": false
  },
  {
    "name": "api29",
    "commit": {
      "sha": "5d33de04987b28fa5e0c1387e85a7dcb3df03243",
      "url": "https://api.github.com/repos/android/testing-samples/commits/5d33de04987b28fa5e0c1387e85a7dcb3df03243"
    },
    "protected": false
  },
  {
    "name": "axt_1_1_1_alpha01",
    "commit": {
      "sha": "3ef617b5e600979a6b06a05fe7c18df9e6b20a86",
      "url": "https://api.github.com/repos/android/testing-samples/commits/3ef617b5e600979a6b06a05fe7c18df9e6b20a86"
    },
    "protected": false
  },
  {
    "name": "bazelMavenBuikd",
    "commit": {
      "sha": "237d0107aefd71a26d090cbaa062fbfcfc83a1af",
      "url": "https://api.github.com/repos/android/testing-samples/commits/237d0107aefd71a26d090cbaa062fbfcfc83a1af"
    },
    "protected": false
  },
  {
    "name": "bazelMavenBuild",
    "commit": {
      "sha": "e2aa31e4a08bfda353dc0dd411952ae61bb15c32",
      "url": "https://api.github.com/repos/android/testing-samples/commits/e2aa31e4a08bfda353dc0dd411952ae61bb15c32"
    },
    "protected": false
  },
  {
    "name": "beta02",
    "commit": {
      "sha": "c905fa41c5c80fa3d003bb5dbcf5f79431b77e03",
      "url": "https://api.github.com/repos/android/testing-samples/commits/c905fa41c5c80fa3d003bb5dbcf5f79431b77e03"
    },
    "protected": false
  },
  {
    "name": "clearpackage",
    "commit": {
      "sha": "964ed6105ba60f8f0a5f6844d97a271879697c4a",
      "url": "https://api.github.com/repos/android/testing-samples/commits/964ed6105ba60f8f0a5f6844d97a271879697c4a"
    },
    "protected": false
  },
  {
    "name": "fixbazel",
    "commit": {
      "sha": "f0f6d6ff2c4bdb402d1d8b06ff7a8902562a884a",
      "url": "https://api.github.com/repos/android/testing-samples/commits/f0f6d6ff2c4bdb402d1d8b06ff7a8902562a884a"
    },
    "protected": false
  },
  {
    "name": "fragmentScenarioSample",
    "commit": {
      "sha": "de9dcec5459622617ccc7cc799c75c1e2c8db22d",
      "url": "https://api.github.com/repos/android/testing-samples/commits/de9dcec5459622617ccc7cc799c75c1e2c8db22d"
    },
    "protected": false
  },
  {
    "name": "github-actions",
    "commit": {
      "sha": "51ed728f0f1c8c5a0157a7041461b3f392474ff1",
      "url": "https://api.github.com/repos/android/testing-samples/commits/51ed728f0f1c8c5a0157a7041461b3f392474ff1"
    },
    "protected": false
  },
  {
    "name": "guava",
    "commit": {
      "sha": "75663a58e2ad3c45e5821278af2f2de3446ff0a7",
      "url": "https://api.github.com/repos/android/testing-samples/commits/75663a58e2ad3c45e5821278af2f2de3446ff0a7"
    },
    "protected": false
  },
  {
    "name": "jin-patch-1",
    "commit": {
      "sha": "c24e48d1e0db89bc4997149c7347235b602c6f75",
      "url": "https://api.github.com/repos/android/testing-samples/commits/c24e48d1e0db89bc4997149c7347235b602c6f75"
    },
    "protected": false
  },
  {
    "name": "main",
    "commit": {
      "sha": "f09f11eac6d9709614d0a1991f427643151ef7f5",
      "url": "https://api.github.com/repos/android/testing-samples/commits/f09f11eac6d9709614d0a1991f427643151ef7f5"
    },
    "protected": false
  },
  {
    "name": "master",
    "commit": {
      "sha": "f09f11eac6d9709614d0a1991f427643151ef7f5",
      "url": "https://api.github.com/repos/android/testing-samples/commits/f09f11eac6d9709614d0a1991f427643151ef7f5"
    },
    "protected": false
  },
  {
    "name": "newApis",
    "commit": {
      "sha": "2066d5c2977005f9ecc6eaab542bdb94359db936",
      "url": "https://api.github.com/repos/android/testing-samples/commits/2066d5c2977005f9ecc6eaab542bdb94359db936"
    },
    "protected": false
  },
  {
    "name": "newapis",
    "commit": {
      "sha": "99d0a855a68d856c787b8d79c8d8ca62cf7662de",
      "url": "https://api.github.com/repos/android/testing-samples/commits/99d0a855a68d856c787b8d79c8d8ca62cf7662de"
    },
    "protected": false
  },
  {
    "name": "robotests",
    "commit": {
      "sha": "cbd4a4cf231ab1f138a9deee5ace96bb960d9917",
      "url": "https://api.github.com/repos/android/testing-samples/commits/cbd4a4cf231ab1f138a9deee5ace96bb960d9917"
    },
    "protected": false
  },
  {
    "name": "script",
    "commit": {
      "sha": "104d643cb1b19d44c7a95cf0ea4d7e18b2712a42",
      "url": "https://api.github.com/repos/android/testing-samples/commits/104d643cb1b19d44c7a95cf0ea4d7e18b2712a42"
    },
    "protected": false
  },
  {
    "name": "update-all-the-versions",
    "commit": {
      "sha": "040319c66d0acb1b530fe8c2dec7ba1e72ee20e8",
      "url": "https://api.github.com/repos/android/testing-samples/commits/040319c66d0acb1b530fe8c2dec7ba1e72ee20e8"
    },
    "protected": false
  },
  {
    "name": "update-versions-for-atsl",
    "commit": {
      "sha": "30fbfa372a3b10e2188c625e6951d7b0b17c8f6e",
      "url": "https://api.github.com/repos/android/testing-samples/commits/30fbfa372a3b10e2188c625e6951d7b0b17c8f6e"
    },
    "protected": false
  }
]
