[
  {
    "name": "2019.2",
    "commit": {
      "sha": "d719b24b977a1c91df583d1c814f274756fadae9",
      "url": "https://api.github.com/repos/ChrisRM/material-theme-jetbrains/commits/d719b24b977a1c91df583d1c814f274756fadae9"
    },
    "protected": false
  },
  {
    "name": "master",
    "commit": {
      "sha": "f93b8ec54cf76defd9e488c2a33dd19a377c9af7",
      "url": "https://api.github.com/repos/ChrisRM/material-theme-jetbrains/commits/f93b8ec54cf76defd9e488c2a33dd19a377c9af7"
    },
    "protected": false
  },
  {
    "name": "release",
    "commit": {
      "sha": "e40dbb08ca350f601de6e265006d6e288756d2ed",
      "url": "https://api.github.com/repos/ChrisRM/material-theme-jetbrains/commits/e40dbb08ca350f601de6e265006d6e288756d2ed"
    },
    "protected": false
  }
]
