[
  {
    "name": "brianduff-patch-1",
    "commit": {
      "sha": "363c792f965c9b9be650d1ad8b36ed3d20d50c9d",
      "url": "https://api.github.com/repos/facebook/buck/commits/363c792f965c9b9be650d1ad8b36ed3d20d50c9d"
    },
    "protected": false
  },
  {
    "name": "clairehjk-patch-1",
    "commit": {
      "sha": "1e321a35cd200ab7878e5a520f39669e42b7bb71",
      "url": "https://api.github.com/repos/facebook/buck/commits/1e321a35cd200ab7878e5a520f39669e42b7bb71"
    },
    "protected": false
  },
  {
    "name": "dev",
    "commit": {
      "sha": "54d3b28f59c9b15115980019c479a990c183198c",
      "url": "https://api.github.com/repos/facebook/buck/commits/54d3b28f59c9b15115980019c479a990c183198c"
    },
    "protected": true
  },
  {
    "name": "fb-config",
    "commit": {
      "sha": "a80b61b0d933abab1ea1179af909deeb9d2b85eb",
      "url": "https://api.github.com/repos/facebook/buck/commits/a80b61b0d933abab1ea1179af909deeb9d2b85eb"
    },
    "protected": false
  },
  {
    "name": "gh-pages",
    "commit": {
      "sha": "48331b935b5857a537ba3fe59378a57c2fd53775",
      "url": "https://api.github.com/repos/facebook/buck/commits/48331b935b5857a537ba3fe59378a57c2fd53775"
    },
    "protected": false
  },
  {
    "name": "master",
    "commit": {
      "sha": "3ba8a81acd4d1776e4a8edb0280a18508fde5f21",
      "url": "https://api.github.com/repos/facebook/buck/commits/3ba8a81acd4d1776e4a8edb0280a18508fde5f21"
    },
    "protected": true
  },
  {
    "name": "oss_fix_non_predexed_builds",
    "commit": {
      "sha": "e0403933d2a1f50a64cf5dcbc56a98712261fc31",
      "url": "https://api.github.com/repos/facebook/buck/commits/e0403933d2a1f50a64cf5dcbc56a98712261fc31"
    },
    "protected": false
  }
]
