[
  {
    "name": "bugfix/StandardThreadExecutorOverMaxCount",
    "commit": {
      "sha": "b1358a5ac063e788e6fb99307fc013b752fc6818",
      "url": "https://api.github.com/repos/weibocom/motan/commits/b1358a5ac063e788e6fb99307fc013b752fc6818"
    },
    "protected": false
  },
  {
    "name": "dependabot/maven/junit-junit-4.13.1",
    "commit": {
      "sha": "a75004f2887bfb7a7d5860831ceadd18b238f9fd",
      "url": "https://api.github.com/repos/weibocom/motan/commits/a75004f2887bfb7a7d5860831ceadd18b238f9fd"
    },
    "protected": false
  },
  {
    "name": "dependabot/maven/motan-extension/protocol-extension/motan-protocol-restful/junit-junit-4.13.1",
    "commit": {
      "sha": "783483c18b029825a305a3fea1662351c96aa82c",
      "url": "https://api.github.com/repos/weibocom/motan/commits/783483c18b029825a305a3fea1662351c96aa82c"
    },
    "protected": false
  },
  {
    "name": "dependabot/maven/motan-extension/serialization-extension/junit-junit-4.13.1",
    "commit": {
      "sha": "8675226a5ca5d552497fefde19ec96ffe1af7f31",
      "url": "https://api.github.com/repos/weibocom/motan/commits/8675226a5ca5d552497fefde19ec96ffe1af7f31"
    },
    "protected": false
  },
  {
    "name": "feature/shuffleRefersInLB",
    "commit": {
      "sha": "d1175a550659ac97fd5bff9ca5715574a6b9eea9",
      "url": "https://api.github.com/repos/weibocom/motan/commits/d1175a550659ac97fd5bff9ca5715574a6b9eea9"
    },
    "protected": false
  },
  {
    "name": "master",
    "commit": {
      "sha": "1f30f45b6027197bf92e99c83e18e2c4e846df73",
      "url": "https://api.github.com/repos/weibocom/motan/commits/1f30f45b6027197bf92e99c83e18e2c4e846df73"
    },
    "protected": true
  },
  {
    "name": "revert-907-dependabot/maven/motan-manager/spring-security.version-5.3.3.RELEASE",
    "commit": {
      "sha": "6ab546387866f85ff725daa2d6e903acb207f758",
      "url": "https://api.github.com/repos/weibocom/motan/commits/6ab546387866f85ff725daa2d6e903acb207f758"
    },
    "protected": false
  },
  {
    "name": "upd/updateBreezeVersion",
    "commit": {
      "sha": "91bbcdeec30cd9e422092a5ec07d69bc370bd8b5",
      "url": "https://api.github.com/repos/weibocom/motan/commits/91bbcdeec30cd9e422092a5ec07d69bc370bd8b5"
    },
    "protected": false
  }
]
