[
  {
    "name": "5.0-development",
    "commit": {
      "sha": "ceac2934480afc562418ca9109c5be38a10dc7bb",
      "url": "https://api.github.com/repos/dropwizard/metrics/commits/ceac2934480afc562418ca9109c5be38a10dc7bb"
    },
    "protected": false
  },
  {
    "name": "dependabot/maven/jakarta.annotation-jakarta.annotation-api-2.0.0",
    "commit": {
      "sha": "04b82413faea9fd40ffe257a9128e6eb9acfd760",
      "url": "https://api.github.com/repos/dropwizard/metrics/commits/04b82413faea9fd40ffe257a9128e6eb9acfd760"
    },
    "protected": false
  },
  {
    "name": "dependabot/maven/org.glassfish.jaxb-jaxb-runtime-3.0.0",
    "commit": {
      "sha": "80fde62cf567de8e68cc3ce37b2d1416168ed72d",
      "url": "https://api.github.com/repos/dropwizard/metrics/commits/80fde62cf567de8e68cc3ce37b2d1416168ed72d"
    },
    "protected": false
  },
  {
    "name": "dependabot/maven/org.glassfish.jersey-jersey-bom-3.0.0",
    "commit": {
      "sha": "c702f756995e857518a5f5b1b6298281b2b45378",
      "url": "https://api.github.com/repos/dropwizard/metrics/commits/c702f756995e857518a5f5b1b6298281b2b45378"
    },
    "protected": false
  },
  {
    "name": "dependabot/maven/org.jdbi-jdbi3-core-3.18.0",
    "commit": {
      "sha": "b7bdddedf6ebde99b4a27ab04358345207f130ed",
      "url": "https://api.github.com/repos/dropwizard/metrics/commits/b7bdddedf6ebde99b4a27ab04358345207f130ed"
    },
    "protected": false
  },
  {
    "name": "gh-pages",
    "commit": {
      "sha": "a0021b6d725e1692c2790de3f090998157aacb7e",
      "url": "https://api.github.com/repos/dropwizard/metrics/commits/a0021b6d725e1692c2790de3f090998157aacb7e"
    },
    "protected": false
  },
  {
    "name": "release/3.0.x",
    "commit": {
      "sha": "0ddc72252c432e55545bb25bfcff49ad34490d49",
      "url": "https://api.github.com/repos/dropwizard/metrics/commits/0ddc72252c432e55545bb25bfcff49ad34490d49"
    },
    "protected": true
  },
  {
    "name": "release/3.1.x",
    "commit": {
      "sha": "3382710ea90fc874be669d3b1dc83f62700fc44e",
      "url": "https://api.github.com/repos/dropwizard/metrics/commits/3382710ea90fc874be669d3b1dc83f62700fc44e"
    },
    "protected": true
  },
  {
    "name": "release/3.2.x",
    "commit": {
      "sha": "d8c77505e62915e675f930880af23ddd6aacdd25",
      "url": "https://api.github.com/repos/dropwizard/metrics/commits/d8c77505e62915e675f930880af23ddd6aacdd25"
    },
    "protected": true
  },
  {
    "name": "release/4.0.x",
    "commit": {
      "sha": "c702744baaa71dc24ca5be74db547a548264e4fa",
      "url": "https://api.github.com/repos/dropwizard/metrics/commits/c702744baaa71dc24ca5be74db547a548264e4fa"
    },
    "protected": true
  },
  {
    "name": "release/4.1.x",
    "commit": {
      "sha": "63686d7e2e585e2004e6a606d9412af7a2028072",
      "url": "https://api.github.com/repos/dropwizard/metrics/commits/63686d7e2e585e2004e6a606d9412af7a2028072"
    },
    "protected": true
  },
  {
    "name": "release/4.2.x",
    "commit": {
      "sha": "bd822f034ebb177831436e378f4083b6463a2544",
      "url": "https://api.github.com/repos/dropwizard/metrics/commits/bd822f034ebb177831436e378f4083b6463a2544"
    },
    "protected": true
  },
  {
    "name": "release/5.0.x",
    "commit": {
      "sha": "dac429f8ffbb8c3c1cfae5c537406d3c8a4f6e44",
      "url": "https://api.github.com/repos/dropwizard/metrics/commits/dac429f8ffbb8c3c1cfae5c537406d3c8a4f6e44"
    },
    "protected": true
  }
]
