[
  {
    "name": "VerticalScrollSpec-scrollbar-patch",
    "commit": {
      "sha": "627ac3d1ba2e3eb3fa1f9da8a83ea537554ce878",
      "url": "https://api.github.com/repos/facebook/litho/commits/627ac3d1ba2e3eb3fa1f9da8a83ea537554ce878"
    },
    "protected": false
  },
  {
    "name": "cmake",
    "commit": {
      "sha": "054708142f0ab7751bbb89e9cc934646dc60d55c",
      "url": "https://api.github.com/repos/facebook/litho/commits/054708142f0ab7751bbb89e9cc934646dc60d55c"
    },
    "protected": false
  },
  {
    "name": "colriot-patch-1-1",
    "commit": {
      "sha": "d618be4c54f9548d0d4b56b7d0674a869887d76e",
      "url": "https://api.github.com/repos/facebook/litho/commits/d618be4c54f9548d0d4b56b7d0674a869887d76e"
    },
    "protected": false
  },
  {
    "name": "colriot-patch-1",
    "commit": {
      "sha": "f26af158424c400a5624bd40eefa9c216ab7268e",
      "url": "https://api.github.com/repos/facebook/litho/commits/f26af158424c400a5624bd40eefa9c216ab7268e"
    },
    "protected": false
  },
  {
    "name": "fb-config",
    "commit": {
      "sha": "e7f3ecccc47ae4925e8b23020f3c1ad7424e26a9",
      "url": "https://api.github.com/repos/facebook/litho/commits/e7f3ecccc47ae4925e8b23020f3c1ad7424e26a9"
    },
    "protected": false
  },
  {
    "name": "instrumentation-test",
    "commit": {
      "sha": "1839193d6dd024653a34d9413986f06e0b3ac31d",
      "url": "https://api.github.com/repos/facebook/litho/commits/1839193d6dd024653a34d9413986f06e0b3ac31d"
    },
    "protected": false
  },
  {
    "name": "master",
    "commit": {
      "sha": "f45cb4fe372fac5496669265da74ecb5ab192cac",
      "url": "https://api.github.com/repos/facebook/litho/commits/f45cb4fe372fac5496669265da74ecb5ab192cac"
    },
    "protected": true
  },
  {
    "name": "newdockerimage",
    "commit": {
      "sha": "bf66ad23459d8eabcdb41876b8b46a23fa10a68d",
      "url": "https://api.github.com/repos/facebook/litho/commits/bf66ad23459d8eabcdb41876b8b46a23fa10a68d"
    },
    "protected": false
  },
  {
    "name": "pr/449",
    "commit": {
      "sha": "75ebe89051825e4e853693a1ec32850c29a944d9",
      "url": "https://api.github.com/repos/facebook/litho/commits/75ebe89051825e4e853693a1ec32850c29a944d9"
    },
    "protected": false
  },
  {
    "name": "revert-circle-2.1",
    "commit": {
      "sha": "b8ff08b65e7ebf58ef997632ef83ed0b04a47bf7",
      "url": "https://api.github.com/repos/facebook/litho/commits/b8ff08b65e7ebf58ef997632ef83ed0b04a47bf7"
    },
    "protected": false
  }
]
