[
  {
    "name": "eli-interceptor_change_with_paged_list",
    "commit": {
      "sha": "997ae087b95af14538e791d05b53726bb387b333",
      "url": "https://api.github.com/repos/airbnb/epoxy/commits/997ae087b95af14538e791d05b53726bb387b333"
    },
    "protected": false
  },
  {
    "name": "eli-keyed_callback",
    "commit": {
      "sha": "c989f3d0972897ab023652c1e2e8495b5f2a5ca3",
      "url": "https://api.github.com/repos/airbnb/epoxy/commits/c989f3d0972897ab023652c1e2e8495b5f2a5ca3"
    },
    "protected": false
  },
  {
    "name": "eli-view_hierarchy",
    "commit": {
      "sha": "08b5967535e531c162978f57d81af4a81d95f799",
      "url": "https://api.github.com/repos/airbnb/epoxy/commits/08b5967535e531c162978f57d81af4a81d95f799"
    },
    "protected": false
  },
  {
    "name": "master",
    "commit": {
      "sha": "a108e0631f8d913f66dc3ec03dbb4495568dfdd8",
      "url": "https://api.github.com/repos/airbnb/epoxy/commits/a108e0631f8d913f66dc3ec03dbb4495568dfdd8"
    },
    "protected": false
  },
  {
    "name": "ns-kotlin-default-params-subclass-bug",
    "commit": {
      "sha": "1b2f865a9f28517fd55590c16a9daeeb41848609",
      "url": "https://api.github.com/repos/airbnb/epoxy/commits/1b2f865a9f28517fd55590c16a9daeeb41848609"
    },
    "protected": false
  },
  {
    "name": "pmecho--visibility-tracker-without-kotlin-update",
    "commit": {
      "sha": "774fe072fdc99c7182dff86fb6e2b5f8a5253661",
      "url": "https://api.github.com/repos/airbnb/epoxy/commits/774fe072fdc99c7182dff86fb6e2b5f8a5253661"
    },
    "protected": false
  }
]
