[
  {
    "name": "1.9.x",
    "commit": {
      "sha": "b707fe338f32e8e0476f674e19fa015ddcb270cf",
      "url": "https://api.github.com/repos/square/moshi/commits/b707fe338f32e8e0476f674e19fa015ddcb270cf"
    },
    "protected": false
  },
  {
    "name": "gh-pages",
    "commit": {
      "sha": "8e1b8283c5c12f213b942e98b0b64ac7675b0262",
      "url": "https://api.github.com/repos/square/moshi/commits/8e1b8283c5c12f213b942e98b0b64ac7675b0262"
    },
    "protected": true
  },
  {
    "name": "jw/obj",
    "commit": {
      "sha": "b37e7c2dc4084dac362264957f39f654332bc35f",
      "url": "https://api.github.com/repos/square/moshi/commits/b37e7c2dc4084dac362264957f39f654332bc35f"
    },
    "protected": false
  },
  {
    "name": "jw/2017-02-13/error-prone",
    "commit": {
      "sha": "3cd753fcc45943b6b7238ad61d92547076fc04f3",
      "url": "https://api.github.com/repos/square/moshi/commits/3cd753fcc45943b6b7238ad61d92547076fc04f3"
    },
    "protected": false
  },
  {
    "name": "jwilson.1004.releasing_docs",
    "commit": {
      "sha": "ec0dfb96ed6e5cf7c7787bfa5e7718417c0d16e3",
      "url": "https://api.github.com/repos/square/moshi/commits/ec0dfb96ed6e5cf7c7787bfa5e7718417c0d16e3"
    },
    "protected": false
  },
  {
    "name": "jwilson.1027.kotlin_apis_no_reflect",
    "commit": {
      "sha": "bda33e965cd6b5f63844a9011ec96e9fd009d97f",
      "url": "https://api.github.com/repos/square/moshi/commits/bda33e965cd6b5f63844a9011ec96e9fd009d97f"
    },
    "protected": false
  },
  {
    "name": "master",
    "commit": {
      "sha": "9c2cd7a37b1762527878fd20fc943bb9b6186f3d",
      "url": "https://api.github.com/repos/square/moshi/commits/9c2cd7a37b1762527878fd20fc943bb9b6186f3d"
    },
    "protected": true
  },
  {
    "name": "moshi_1.11.x",
    "commit": {
      "sha": "e135f5f31f3803e0b1c1e603f455577d57a2a0d9",
      "url": "https://api.github.com/repos/square/moshi/commits/e135f5f31f3803e0b1c1e603f455577d57a2a0d9"
    },
    "protected": false
  },
  {
    "name": "moshi_10",
    "commit": {
      "sha": "e93e6574cabba2c5f93acf11c13eede32ff20b57",
      "url": "https://api.github.com/repos/square/moshi/commits/e93e6574cabba2c5f93acf11c13eede32ff20b57"
    },
    "protected": false
  },
  {
    "name": "moshi_11",
    "commit": {
      "sha": "30a4c3c92e344a1ed271911d813575a287985fc4",
      "url": "https://api.github.com/repos/square/moshi/commits/30a4c3c92e344a1ed271911d813575a287985fc4"
    },
    "protected": false
  },
  {
    "name": "moshi_12",
    "commit": {
      "sha": "5f0e509b8d600688fc06ae412aafe579d90e4ed4",
      "url": "https://api.github.com/repos/square/moshi/commits/5f0e509b8d600688fc06ae412aafe579d90e4ed4"
    },
    "protected": false
  },
  {
    "name": "moshi_13",
    "commit": {
      "sha": "6d623663cbde4bc14c882ab876aacf6975ee2245",
      "url": "https://api.github.com/repos/square/moshi/commits/6d623663cbde4bc14c882ab876aacf6975ee2245"
    },
    "protected": false
  },
  {
    "name": "moshi_14",
    "commit": {
      "sha": "d075a3e56aa54b03ed2b6d6445567878f70d408a",
      "url": "https://api.github.com/repos/square/moshi/commits/d075a3e56aa54b03ed2b6d6445567878f70d408a"
    },
    "protected": false
  },
  {
    "name": "moshi_15",
    "commit": {
      "sha": "f42ae45f4c178f18c0fd418c2acaf5d47e91c98f",
      "url": "https://api.github.com/repos/square/moshi/commits/f42ae45f4c178f18c0fd418c2acaf5d47e91c98f"
    },
    "protected": false
  },
  {
    "name": "moshi_16",
    "commit": {
      "sha": "bf4d1f86934a26686232bb227d2399495262fe39",
      "url": "https://api.github.com/repos/square/moshi/commits/bf4d1f86934a26686232bb227d2399495262fe39"
    },
    "protected": false
  },
  {
    "name": "moshi_17",
    "commit": {
      "sha": "9a652f87881d13311905d2ca47ae3a0cc4e14da9",
      "url": "https://api.github.com/repos/square/moshi/commits/9a652f87881d13311905d2ca47ae3a0cc4e14da9"
    },
    "protected": false
  },
  {
    "name": "moshi_18",
    "commit": {
      "sha": "eb7110bf59efd128da9b5d69f1b92b47cb34edc1",
      "url": "https://api.github.com/repos/square/moshi/commits/eb7110bf59efd128da9b5d69f1b92b47cb34edc1"
    },
    "protected": false
  },
  {
    "name": "revert-97-recipe_jsonadapter",
    "commit": {
      "sha": "e42bb8a0f641a8af90dccd6e24df6224cb42fe3c",
      "url": "https://api.github.com/repos/square/moshi/commits/e42bb8a0f641a8af90dccd6e24df6224cb42fe3c"
    },
    "protected": false
  },
  {
    "name": "z/generateBytecode",
    "commit": {
      "sha": "9a6d7a4f1ca5e46b87e1bb17c8df6a78d51aa1de",
      "url": "https://api.github.com/repos/square/moshi/commits/9a6d7a4f1ca5e46b87e1bb17c8df6a78d51aa1de"
    },
    "protected": false
  },
  {
    "name": "z/repro_865",
    "commit": {
      "sha": "0f31aefd1a6dab076983f07d8ea2821fe6edb223",
      "url": "https://api.github.com/repos/square/moshi/commits/0f31aefd1a6dab076983f07d8ea2821fe6edb223"
    },
    "protected": false
  },
  {
    "name": "z/spotless",
    "commit": {
      "sha": "8de65f358059f15cb21a9e8d251a2041b6e177d6",
      "url": "https://api.github.com/repos/square/moshi/commits/8de65f358059f15cb21a9e8d251a2041b6e177d6"
    },
    "protected": false
  },
  {
    "name": "z/suppressDeprecations",
    "commit": {
      "sha": "ee419c8af0106cf7afbc2abcdf43dae1d153d342",
      "url": "https://api.github.com/repos/square/moshi/commits/ee419c8af0106cf7afbc2abcdf43dae1d153d342"
    },
    "protected": false
  }
]
