[
  {
    "name": "2.3.4",
    "commit": {
      "sha": "397e18e6e4f07c7390955d21791b763d41247510",
      "url": "https://api.github.com/repos/react-native-image-picker/react-native-image-picker/commits/397e18e6e4f07c7390955d21791b763d41247510"
    },
    "protected": false
  },
  {
    "name": "feat/basic-tests",
    "commit": {
      "sha": "81f22210ab58d2e9d3bb81ac91e67d16d69913c9",
      "url": "https://api.github.com/repos/react-native-image-picker/react-native-image-picker/commits/81f22210ab58d2e9d3bb81ac91e67d16d69913c9"
    },
    "protected": false
  },
  {
    "name": "main",
    "commit": {
      "sha": "c4bb496cb7d3b581454bb915e69573b7e507c44b",
      "url": "https://api.github.com/repos/react-native-image-picker/react-native-image-picker/commits/c4bb496cb7d3b581454bb915e69573b7e507c44b"
    },
    "protected": true
  }
]
