[
  {
    "name": "android-5",
    "commit": {
      "sha": "068cb7da500158f4c33b061376df15e96518feba",
      "url": "https://api.github.com/repos/termux/termux-app/commits/068cb7da500158f4c33b061376df15e96518feba"
    },
    "protected": true
  },
  {
    "name": "android-10",
    "commit": {
      "sha": "3497119c71649d830f950b8c4aa5ca2f50a251f6",
      "url": "https://api.github.com/repos/termux/termux-app/commits/3497119c71649d830f950b8c4aa5ca2f50a251f6"
    },
    "protected": true
  },
  {
    "name": "android-package-apks",
    "commit": {
      "sha": "2d68f402f062619e209c8c9a7a4839b93b38c3e1",
      "url": "https://api.github.com/repos/termux/termux-app/commits/2d68f402f062619e209c8c9a7a4839b93b38c3e1"
    },
    "protected": false
  },
  {
    "name": "coverity_scan",
    "commit": {
      "sha": "cb42c19d76604980e91068d4d3f124e568b43178",
      "url": "https://api.github.com/repos/termux/termux-app/commits/cb42c19d76604980e91068d4d3f124e568b43178"
    },
    "protected": false
  },
  {
    "name": "master",
    "commit": {
      "sha": "4066c5df4214e14b256af7d989b3edd43371a684",
      "url": "https://api.github.com/repos/termux/termux-app/commits/4066c5df4214e14b256af7d989b3edd43371a684"
    },
    "protected": true
  }
]
