[
  {
    "name": "1.x",
    "commit": {
      "sha": "fb2f9d5858ed2f34738a1505847be2a93b2ca147",
      "url": "https://api.github.com/repos/OpenFeign/feign/commits/fb2f9d5858ed2f34738a1505847be2a93b2ca147"
    },
    "protected": false
  },
  {
    "name": "2.x",
    "commit": {
      "sha": "d4832cfbbad5f6655c49ce8a3cd757a447d9747d",
      "url": "https://api.github.com/repos/OpenFeign/feign/commits/d4832cfbbad5f6655c49ce8a3cd757a447d9747d"
    },
    "protected": false
  },
  {
    "name": "3.x",
    "commit": {
      "sha": "2d39fa9a6234ecf57d39765f9413a1ef8a13b2ea",
      "url": "https://api.github.com/repos/OpenFeign/feign/commits/2d39fa9a6234ecf57d39765f9413a1ef8a13b2ea"
    },
    "protected": false
  },
  {
    "name": "4.x",
    "commit": {
      "sha": "97286d34d6acaf6d58c924b8e575162d942a3acc",
      "url": "https://api.github.com/repos/OpenFeign/feign/commits/97286d34d6acaf6d58c924b8e575162d942a3acc"
    },
    "protected": false
  },
  {
    "name": "5.x",
    "commit": {
      "sha": "52792566a3685641a30588459c3e6c37cff66a11",
      "url": "https://api.github.com/repos/OpenFeign/feign/commits/52792566a3685641a30588459c3e6c37cff66a11"
    },
    "protected": false
  },
  {
    "name": "6.x",
    "commit": {
      "sha": "a4f9c71fe5487cb71706dd0c8768324d7a4bc26a",
      "url": "https://api.github.com/repos/OpenFeign/feign/commits/a4f9c71fe5487cb71706dd0c8768324d7a4bc26a"
    },
    "protected": false
  },
  {
    "name": "7.x",
    "commit": {
      "sha": "d3c76e6c8c1e9a1a8aba67a6ee8b9516d15358de",
      "url": "https://api.github.com/repos/OpenFeign/feign/commits/d3c76e6c8c1e9a1a8aba67a6ee8b9516d15358de"
    },
    "protected": false
  },
  {
    "name": "8.x",
    "commit": {
      "sha": "7a79b9e2498bb29d2f9d680d70aad6d719d49850",
      "url": "https://api.github.com/repos/OpenFeign/feign/commits/7a79b9e2498bb29d2f9d680d70aad6d719d49850"
    },
    "protected": false
  },
  {
    "name": "9.x",
    "commit": {
      "sha": "cfa0d07b65ac4d1f9dd682022068b4f4cb5da5e3",
      "url": "https://api.github.com/repos/OpenFeign/feign/commits/cfa0d07b65ac4d1f9dd682022068b4f4cb5da5e3"
    },
    "protected": false
  },
  {
    "name": "feign-11",
    "commit": {
      "sha": "eb842ebb7db880944a4301b2a81c74e09e6931fe",
      "url": "https://api.github.com/repos/OpenFeign/feign/commits/eb842ebb7db880944a4301b2a81c74e09e6931fe"
    },
    "protected": false
  },
  {
    "name": "master",
    "commit": {
      "sha": "b439145b201aa1bee35763c46c043fe7ef323d24",
      "url": "https://api.github.com/repos/OpenFeign/feign/commits/b439145b201aa1bee35763c46c043fe7ef323d24"
    },
    "protected": true
  },
  {
    "name": "snyk-fix-4e72cdbde3cc79535c7f65501fe49949",
    "commit": {
      "sha": "775e796751cb578bd6da9240d2c50705ba8cec91",
      "url": "https://api.github.com/repos/OpenFeign/feign/commits/775e796751cb578bd6da9240d2c50705ba8cec91"
    },
    "protected": false
  },
  {
    "name": "snyk-fix-aa0a0272d94bd717118e2c4f5027b287",
    "commit": {
      "sha": "5fdb1531cd3952bedb927701a66644e20eeb87a6",
      "url": "https://api.github.com/repos/OpenFeign/feign/commits/5fdb1531cd3952bedb927701a66644e20eeb87a6"
    },
    "protected": false
  }
]
