[
  {
    "name": "ARGC",
    "commit": {
      "sha": "45b3569edbfe94f68b4e45c7c0057c3ccd69f49c",
      "url": "https://api.github.com/repos/google/j2objc/commits/45b3569edbfe94f68b4e45c7c0057c3ccd69f49c"
    },
    "protected": false
  },
  {
    "name": "cherry-picks",
    "commit": {
      "sha": "a10716dc678db812299b89242e50c7fe4c766131",
      "url": "https://api.github.com/repos/google/j2objc/commits/a10716dc678db812299b89242e50c7fe4c766131"
    },
    "protected": false
  },
  {
    "name": "gh-pages",
    "commit": {
      "sha": "dbf7111cbf34804733747f93c79f78429c27f547",
      "url": "https://api.github.com/repos/google/j2objc/commits/dbf7111cbf34804733747f93c79f78429c27f547"
    },
    "protected": false
  },
  {
    "name": "master-ARGC",
    "commit": {
      "sha": "2149fbb319ecd7a46f15a327fc852ce31693536e",
      "url": "https://api.github.com/repos/google/j2objc/commits/2149fbb319ecd7a46f15a327fc852ce31693536e"
    },
    "protected": false
  },
  {
    "name": "master",
    "commit": {
      "sha": "c48a291f97051fc76a42283c351bbd7993e46d55",
      "url": "https://api.github.com/repos/google/j2objc/commits/c48a291f97051fc76a42283c351bbd7993e46d55"
    },
    "protected": false
  },
  {
    "name": "test_284577556",
    "commit": {
      "sha": "937fe94bb77e8ac5dd153d67260c6e128bb94446",
      "url": "https://api.github.com/repos/google/j2objc/commits/937fe94bb77e8ac5dd153d67260c6e128bb94446"
    },
    "protected": false
  },
  {
    "name": "test_284577791",
    "commit": {
      "sha": "88de7d5a494108fa8630529d7813151eadf2ca57",
      "url": "https://api.github.com/repos/google/j2objc/commits/88de7d5a494108fa8630529d7813151eadf2ca57"
    },
    "protected": false
  },
  {
    "name": "test_294517466",
    "commit": {
      "sha": "afd4d01dc2754bfc7148aa6a5a0454f516c8f62c",
      "url": "https://api.github.com/repos/google/j2objc/commits/afd4d01dc2754bfc7148aa6a5a0454f516c8f62c"
    },
    "protected": false
  },
  {
    "name": "test_303812152",
    "commit": {
      "sha": "fbd2e81c17bb51031c2d5346f23e4b2d25c29921",
      "url": "https://api.github.com/repos/google/j2objc/commits/fbd2e81c17bb51031c2d5346f23e4b2d25c29921"
    },
    "protected": false
  },
  {
    "name": "test_312938265",
    "commit": {
      "sha": "360cedb1e1a3f96e8be405d7c3d247cf66eccd13",
      "url": "https://api.github.com/repos/google/j2objc/commits/360cedb1e1a3f96e8be405d7c3d247cf66eccd13"
    },
    "protected": false
  },
  {
    "name": "test_318114147",
    "commit": {
      "sha": "82c96f24567598feefbf208551b0a38c6623a3f6",
      "url": "https://api.github.com/repos/google/j2objc/commits/82c96f24567598feefbf208551b0a38c6623a3f6"
    },
    "protected": false
  },
  {
    "name": "test_328493634",
    "commit": {
      "sha": "296636c2e2cc051838b708ac743cd20240022f39",
      "url": "https://api.github.com/repos/google/j2objc/commits/296636c2e2cc051838b708ac743cd20240022f39"
    },
    "protected": false
  },
  {
    "name": "test_331118919",
    "commit": {
      "sha": "9f4ca55bc5f591f1332dd34840091bfa47772bae",
      "url": "https://api.github.com/repos/google/j2objc/commits/9f4ca55bc5f591f1332dd34840091bfa47772bae"
    },
    "protected": false
  },
  {
    "name": "test_331233884",
    "commit": {
      "sha": "61338f367c5a2794eee4bba1eeba462741b178fe",
      "url": "https://api.github.com/repos/google/j2objc/commits/61338f367c5a2794eee4bba1eeba462741b178fe"
    },
    "protected": false
  },
  {
    "name": "test_339898773",
    "commit": {
      "sha": "f4eae891c19ed9e1a05f2c715931ea4ed5c98277",
      "url": "https://api.github.com/repos/google/j2objc/commits/f4eae891c19ed9e1a05f2c715931ea4ed5c98277"
    },
    "protected": false
  }
]
