[
  {
    "name": "1.7.x",
    "commit": {
      "sha": "8a5ada39870dcedf4f50a64cff010fcff4274e69",
      "url": "https://api.github.com/repos/AsyncHttpClient/async-http-client/commits/8a5ada39870dcedf4f50a64cff010fcff4274e69"
    },
    "protected": false
  },
  {
    "name": "1.8.x",
    "commit": {
      "sha": "50fbdbd6712a7ecc0d8f176fe1279489ed47b94f",
      "url": "https://api.github.com/repos/AsyncHttpClient/async-http-client/commits/50fbdbd6712a7ecc0d8f176fe1279489ed47b94f"
    },
    "protected": false
  },
  {
    "name": "1.9.x",
    "commit": {
      "sha": "1f678c4b1d30721ad09909a9699fff45a2fbe31d",
      "url": "https://api.github.com/repos/AsyncHttpClient/async-http-client/commits/1f678c4b1d30721ad09909a9699fff45a2fbe31d"
    },
    "protected": false
  },
  {
    "name": "2.0",
    "commit": {
      "sha": "1b63195f53507e4aa9658adabe28c27c481a45a2",
      "url": "https://api.github.com/repos/AsyncHttpClient/async-http-client/commits/1b63195f53507e4aa9658adabe28c27c481a45a2"
    },
    "protected": false
  },
  {
    "name": "gh-pages",
    "commit": {
      "sha": "be283a183306a7d46cb3aa2501de18b72e32b04b",
      "url": "https://api.github.com/repos/AsyncHttpClient/async-http-client/commits/be283a183306a7d46cb3aa2501de18b72e32b04b"
    },
    "protected": false
  },
  {
    "name": "master",
    "commit": {
      "sha": "7800e7eb99670569145e0971ec5fb916cc4751c9",
      "url": "https://api.github.com/repos/AsyncHttpClient/async-http-client/commits/7800e7eb99670569145e0971ec5fb916cc4751c9"
    },
    "protected": false
  }
]
