[
  {
    "name": "1.x",
    "commit": {
      "sha": "c0c431632a2b2215ee247c0f3b76f3424019e388",
      "url": "https://api.github.com/repos/Netflix/zuul/commits/c0c431632a2b2215ee247c0f3b76f3424019e388"
    },
    "protected": false
  },
  {
    "name": "2.1.8",
    "commit": {
      "sha": "036206669cee03a1c2d7d094a8eafaeeecdeeaf0",
      "url": "https://api.github.com/repos/Netflix/zuul/commits/036206669cee03a1c2d7d094a8eafaeeecdeeaf0"
    },
    "protected": false
  },
  {
    "name": "dependabot/gradle/com.fasterxml.jackson.core-jackson-core-2.12.0",
    "commit": {
      "sha": "428457687c5e49dec95109dca333f749a74a9b10",
      "url": "https://api.github.com/repos/Netflix/zuul/commits/428457687c5e49dec95109dca333f749a74a9b10"
    },
    "protected": false
  },
  {
    "name": "dependabot/gradle/commons-configuration-commons-configuration-1.10",
    "commit": {
      "sha": "04dd89727d406077c035d39ef60f4c0bcaef177d",
      "url": "https://api.github.com/repos/Netflix/zuul/commits/04dd89727d406077c035d39ef60f4c0bcaef177d"
    },
    "protected": false
  },
  {
    "name": "dependabot/gradle/io.reactivex-rxjava-1.3.8",
    "commit": {
      "sha": "e8fd53e54a6cac76273cc11308bc1940a46d6ac0",
      "url": "https://api.github.com/repos/Netflix/zuul/commits/e8fd53e54a6cac76273cc11308bc1940a46d6ac0"
    },
    "protected": false
  },
  {
    "name": "dependabot/gradle/org.apache.logging.log4j-log4j-slf4j-impl-2.14.0",
    "commit": {
      "sha": "a1a772dacbc8f229e19d82649108ede3931b3ea7",
      "url": "https://api.github.com/repos/Netflix/zuul/commits/a1a772dacbc8f229e19d82649108ede3931b3ea7"
    },
    "protected": false
  },
  {
    "name": "dependabot/gradle/org.slf4j-slf4j-api-1.7.30",
    "commit": {
      "sha": "75a19cea047b8219f08f95363787c7e4b7875fe2",
      "url": "https://api.github.com/repos/Netflix/zuul/commits/75a19cea047b8219f08f95363787c7e4b7875fe2"
    },
    "protected": false
  },
  {
    "name": "gh-pages",
    "commit": {
      "sha": "d970af0cc6185b4c3e5b68ab76e260bac1911e0e",
      "url": "https://api.github.com/repos/Netflix/zuul/commits/d970af0cc6185b4c3e5b68ab76e260bac1911e0e"
    },
    "protected": false
  },
  {
    "name": "hapm-cleanup",
    "commit": {
      "sha": "9aa349d2d7636c4d793870c6484cc58dc3172ae6",
      "url": "https://api.github.com/repos/Netflix/zuul/commits/9aa349d2d7636c4d793870c6484cc58dc3172ae6"
    },
    "protected": false
  },
  {
    "name": "master",
    "commit": {
      "sha": "6f4d9ceb9c01864e3298bdbb27959f3e102f5cea",
      "url": "https://api.github.com/repos/Netflix/zuul/commits/6f4d9ceb9c01864e3298bdbb27959f3e102f5cea"
    },
    "protected": false
  },
  {
    "name": "netty-worker-pool",
    "commit": {
      "sha": "aaa32b70b66f212fe548f447cb09a2da25e85927",
      "url": "https://api.github.com/repos/Netflix/zuul/commits/aaa32b70b66f212fe548f447cb09a2da25e85927"
    },
    "protected": false
  },
  {
    "name": "ssl-cleanup",
    "commit": {
      "sha": "ad19caf90973c9b007f4a61237e3996e4b9d2420",
      "url": "https://api.github.com/repos/Netflix/zuul/commits/ad19caf90973c9b007f4a61237e3996e4b9d2420"
    },
    "protected": false
  },
  {
    "name": "ssl-init",
    "commit": {
      "sha": "694ef99c03ae480ea61486a8d17f4abd0531feb2",
      "url": "https://api.github.com/repos/Netflix/zuul/commits/694ef99c03ae480ea61486a8d17f4abd0531feb2"
    },
    "protected": false
  },
  {
    "name": "sslconfig-non-h2",
    "commit": {
      "sha": "f8078835e7ecc18cfd140492569030bac16024cb",
      "url": "https://api.github.com/repos/Netflix/zuul/commits/f8078835e7ecc18cfd140492569030bac16024cb"
    },
    "protected": false
  }
]
