[
  {
    "name": "UDP-benchmark",
    "commit": {
      "sha": "52a0eb57b8b6fee8f73c22abf5cc763fc8ede268",
      "url": "https://api.github.com/repos/btraceio/btrace/commits/52a0eb57b8b6fee8f73c22abf5cc763fc8ede268"
    },
    "protected": false
  },
  {
    "name": "develop",
    "commit": {
      "sha": "401e692d17c1fa5503026fb8a86ca79ca4e9a6fd",
      "url": "https://api.github.com/repos/btraceio/btrace/commits/401e692d17c1fa5503026fb8a86ca79ca4e9a6fd"
    },
    "protected": true
  },
  {
    "name": "gh-pages",
    "commit": {
      "sha": "d403a55da99ffeb2f7812b70f93a48729e00510b",
      "url": "https://api.github.com/repos/btraceio/btrace/commits/d403a55da99ffeb2f7812b70f93a48729e00510b"
    },
    "protected": false
  },
  {
    "name": "master",
    "commit": {
      "sha": "d712d831e7adc26c807cdd38e92805e8cb58dabc",
      "url": "https://api.github.com/repos/btraceio/btrace/commits/d712d831e7adc26c807cdd38e92805e8cb58dabc"
    },
    "protected": true
  },
  {
    "name": "release-1.3",
    "commit": {
      "sha": "2cac9b803129a238a8e7ffe52f9aa33676f8476a",
      "url": "https://api.github.com/repos/btraceio/btrace/commits/2cac9b803129a238a8e7ffe52f9aa33676f8476a"
    },
    "protected": false
  },
  {
    "name": "release/1.3.11.2",
    "commit": {
      "sha": "60c0554f3d627727164d5e1896e3cf99a306b8c5",
      "url": "https://api.github.com/repos/btraceio/btrace/commits/60c0554f3d627727164d5e1896e3cf99a306b8c5"
    },
    "protected": false
  },
  {
    "name": "release/1.3.11.3",
    "commit": {
      "sha": "9933f19fb7c94bf756df325d50bf627998198558",
      "url": "https://api.github.com/repos/btraceio/btrace/commits/9933f19fb7c94bf756df325d50bf627998198558"
    },
    "protected": false
  },
  {
    "name": "release/2.0.0",
    "commit": {
      "sha": "a6b39fce728579c55ce82fdd7d9681f65f781cf1",
      "url": "https://api.github.com/repos/btraceio/btrace/commits/a6b39fce728579c55ce82fdd7d9681f65f781cf1"
    },
    "protected": false
  },
  {
    "name": "release/2.0.1",
    "commit": {
      "sha": "fcac62afd258794f2868639c4e5696f9e39a7252",
      "url": "https://api.github.com/repos/btraceio/btrace/commits/fcac62afd258794f2868639c4e5696f9e39a7252"
    },
    "protected": false
  },
  {
    "name": "release/2.0.2",
    "commit": {
      "sha": "6c0570ff2338a3708e90cfaad3bac80904c79633",
      "url": "https://api.github.com/repos/btraceio/btrace/commits/6c0570ff2338a3708e90cfaad3bac80904c79633"
    },
    "protected": false
  },
  {
    "name": "release/2.0.3",
    "commit": {
      "sha": "a901aa5c6ab149676aee527c4c42787bfc68033b",
      "url": "https://api.github.com/repos/btraceio/btrace/commits/a901aa5c6ab149676aee527c4c42787bfc68033b"
    },
    "protected": false
  },
  {
    "name": "travis",
    "commit": {
      "sha": "12107e21b0c459fab388e4f4d4d0bf2d10e639aa",
      "url": "https://api.github.com/repos/btraceio/btrace/commits/12107e21b0c459fab388e4f4d4d0bf2d10e639aa"
    },
    "protected": false
  }
]
