[
  {
    "name": "main",
    "commit": {
      "sha": "6d7f2b42dbc3ec680522d705c4d21a1b57938912",
      "url": "https://api.github.com/repos/jOOQ/jOOQ/commits/6d7f2b42dbc3ec680522d705c4d21a1b57938912"
    },
    "protected": false
  },
  {
    "name": "revert-4459-art/fix-html-injection",
    "commit": {
      "sha": "e99f863ce45737ab9aba655cef09199744b8a43e",
      "url": "https://api.github.com/repos/jOOQ/jOOQ/commits/e99f863ce45737ab9aba655cef09199744b8a43e"
    },
    "protected": false
  },
  {
    "name": "revert-4562-master",
    "commit": {
      "sha": "8a8f5e513dca06f0662f63e06637722ddaa02129",
      "url": "https://api.github.com/repos/jOOQ/jOOQ/commits/8a8f5e513dca06f0662f63e06637722ddaa02129"
    },
    "protected": false
  },
  {
    "name": "version-3.2.0-branch",
    "commit": {
      "sha": "a8b3e07f4a6fe9d42ab65a805510dd7e85751e40",
      "url": "https://api.github.com/repos/jOOQ/jOOQ/commits/a8b3e07f4a6fe9d42ab65a805510dd7e85751e40"
    },
    "protected": false
  },
  {
    "name": "version-3.3.0-branch",
    "commit": {
      "sha": "385e9680d428a08699f232d55eb3edba4f282eee",
      "url": "https://api.github.com/repos/jOOQ/jOOQ/commits/385e9680d428a08699f232d55eb3edba4f282eee"
    },
    "protected": false
  },
  {
    "name": "version-3.4.0-branch",
    "commit": {
      "sha": "848865068ae14b57671ab4e699517c6a06f97af0",
      "url": "https://api.github.com/repos/jOOQ/jOOQ/commits/848865068ae14b57671ab4e699517c6a06f97af0"
    },
    "protected": false
  },
  {
    "name": "version-3.5.0-branch",
    "commit": {
      "sha": "88e493f1e9d6bbd3d8c41c4387ca74e88baa0f75",
      "url": "https://api.github.com/repos/jOOQ/jOOQ/commits/88e493f1e9d6bbd3d8c41c4387ca74e88baa0f75"
    },
    "protected": false
  },
  {
    "name": "version-3.6.0-branch",
    "commit": {
      "sha": "9e936ec29667d91622a90a332009693438a4fbdf",
      "url": "https://api.github.com/repos/jOOQ/jOOQ/commits/9e936ec29667d91622a90a332009693438a4fbdf"
    },
    "protected": false
  },
  {
    "name": "version-3.7.0-branch",
    "commit": {
      "sha": "a92af34c27a5f381bab85b4a70d369d6585e8bf7",
      "url": "https://api.github.com/repos/jOOQ/jOOQ/commits/a92af34c27a5f381bab85b4a70d369d6585e8bf7"
    },
    "protected": false
  },
  {
    "name": "version-3.8.0-branch",
    "commit": {
      "sha": "6249a04175391f7cdf0877676825ba5a8847905e",
      "url": "https://api.github.com/repos/jOOQ/jOOQ/commits/6249a04175391f7cdf0877676825ba5a8847905e"
    },
    "protected": false
  },
  {
    "name": "version-3.9.0-branch",
    "commit": {
      "sha": "ae8c1c47b663c97d324d3a357b87a2a87c935de5",
      "url": "https://api.github.com/repos/jOOQ/jOOQ/commits/ae8c1c47b663c97d324d3a357b87a2a87c935de5"
    },
    "protected": false
  },
  {
    "name": "version-3.10.0-branch",
    "commit": {
      "sha": "a0f81e3a6e094dd1cebaf33f7e93d318d71c6f61",
      "url": "https://api.github.com/repos/jOOQ/jOOQ/commits/a0f81e3a6e094dd1cebaf33f7e93d318d71c6f61"
    },
    "protected": false
  },
  {
    "name": "version-3.11.0-branch",
    "commit": {
      "sha": "b0f9656cd41c5be6029472e5d963332886b419a3",
      "url": "https://api.github.com/repos/jOOQ/jOOQ/commits/b0f9656cd41c5be6029472e5d963332886b419a3"
    },
    "protected": false
  },
  {
    "name": "version-3.12.0-branch",
    "commit": {
      "sha": "2312833622eede977489c87bcbecdebedf1f6ac5",
      "url": "https://api.github.com/repos/jOOQ/jOOQ/commits/2312833622eede977489c87bcbecdebedf1f6ac5"
    },
    "protected": false
  },
  {
    "name": "version-3.13.0-branch",
    "commit": {
      "sha": "8f07041e40f4910a1ca5b7e9c7c007007a0d6df3",
      "url": "https://api.github.com/repos/jOOQ/jOOQ/commits/8f07041e40f4910a1ca5b7e9c7c007007a0d6df3"
    },
    "protected": false
  },
  {
    "name": "version-3.14.0-branch",
    "commit": {
      "sha": "402a0299dbd0780944153c2a8950060b5d4c4f79",
      "url": "https://api.github.com/repos/jOOQ/jOOQ/commits/402a0299dbd0780944153c2a8950060b5d4c4f79"
    },
    "protected": false
  }
]
