[
  {
    "name": "4.5.X",
    "commit": {
      "sha": "061a76127c5d31e7eb92d8f0cb6d60be25d461d8",
      "url": "https://api.github.com/repos/java-native-access/jna/commits/061a76127c5d31e7eb92d8f0cb6d60be25d461d8"
    },
    "protected": false
  },
  {
    "name": "553-stdcall-stack-alignment",
    "commit": {
      "sha": "21a5df9e7cf66f86b75dd0373a356a3251ad01e7",
      "url": "https://api.github.com/repos/java-native-access/jna/commits/21a5df9e7cf66f86b75dd0373a356a3251ad01e7"
    },
    "protected": false
  },
  {
    "name": "gh-pages",
    "commit": {
      "sha": "e5acf696e1c659a87df8a06ceb8025e60e58b651",
      "url": "https://api.github.com/repos/java-native-access/jna/commits/e5acf696e1c659a87df8a06ceb8025e60e58b651"
    },
    "protected": false
  },
  {
    "name": "master",
    "commit": {
      "sha": "3b47eff09f3107d31b1fdc8ce849bc8a04c7de61",
      "url": "https://api.github.com/repos/java-native-access/jna/commits/3b47eff09f3107d31b1fdc8ce849bc8a04c7de61"
    },
    "protected": false
  }
]
