[
  {
    "name": "dev-4.x",
    "commit": {
      "sha": "c183668bd1619a4d70fa5522caf661b9aca1d7db",
      "url": "https://api.github.com/repos/react-native-video/react-native-video/commits/c183668bd1619a4d70fa5522caf661b9aca1d7db"
    },
    "protected": false
  },
  {
    "name": "feature/audio-interruptions",
    "commit": {
      "sha": "3baeaad3591812beb006a39f34d6517018db9943",
      "url": "https://api.github.com/repos/react-native-video/react-native-video/commits/3baeaad3591812beb006a39f34d6517018db9943"
    },
    "protected": false
  },
  {
    "name": "getFrames",
    "commit": {
      "sha": "6f32cd6b05fcb04413eb14dc0bf3d7f147b23a19",
      "url": "https://api.github.com/repos/react-native-video/react-native-video/commits/6f32cd6b05fcb04413eb14dc0bf3d7f147b23a19"
    },
    "protected": false
  },
  {
    "name": "master",
    "commit": {
      "sha": "faf8aed29bb566fe3b7a3125cc91845d68a62982",
      "url": "https://api.github.com/repos/react-native-video/react-native-video/commits/faf8aed29bb566fe3b7a3125cc91845d68a62982"
    },
    "protected": false
  },
  {
    "name": "revert-1862-ios-landscape",
    "commit": {
      "sha": "96146b9261cbd63c7e6b9799521443835bc6a71d",
      "url": "https://api.github.com/repos/react-native-video/react-native-video/commits/96146b9261cbd63c7e6b9799521443835bc6a71d"
    },
    "protected": false
  }
]
